Date_Time,amount_consumed,latency_to_consumption,Type
2026-03-19 13:09:45.332865,,,initialize
2026-03-20 12:16:04.126192,,,initialize
2026-03-20 12:24:01.885281,,,initialize
2026-03-23 12:16:52.199372,,,initialize
2026-03-23 12:58:09.460192,,,initialize
2026-03-24 12:22:49.780730,,,initialize
2026-03-24 13:02:13.369639,,,initialize
2026-03-25 12:21:11.260987,,,initialize
2026-03-25 13:35:30.761962,,,initialize
2026-03-26 12:18:33.698622,,,initialize
2026-03-26 13:15:26.205658,,,initialize
2026-03-26 18:26:22.068635,,,initialize
2026-03-30 14:11:46.536072,,,initialize
2026-03-30 15:23:58.650981,,,initialize
2026-04-01 12:58:56.136986,,,initialize
2026-04-03 12:44:21.274411,,,initialize
2026-04-03 13:55:31.948589,,,initialize
2026-04-03 14:54:45.522755,,,initialize
2026-04-03 15:06:54.382707,,,initialize
2026-04-03 15:29:28.201596,,,initialize
2026-04-06 12:48:43.402667,,,initialize
2026-04-06 14:09:42.985866,,,initialize
2026-04-06 14:52:43.143695,,,initialize
2026-04-07 16:13:04.738312,,,initialize
2026-04-07 16:15:21.116374,,,block_start
2026-04-07 16:15:23.497670,,,start
2026-04-07 16:15:27.104417,,,drink
2026-04-07 16:15:29.215046,,,start
2026-04-07 16:15:34.577195,,,exit
2026-04-07 16:15:38.671439,,,block_end
2026-04-08 13:31:04.241147,,,initialize
2026-04-08 14:42:14.626409,,,initialize
2026-04-10 12:50:56.223213,,,initialize
2026-04-10 13:00:28.282048,,,initialize
2026-04-10 13:03:43.404205,,,initialize
2026-04-10 13:31:24.653122,,,initialize
2026-04-10 16:12:12.355979,,,block_start
2026-04-10 16:12:14.727121,,,start
2026-04-10 16:12:14.731357,,,start
2026-04-10 16:12:18.184567,,,drink
2026-04-10 16:12:20.769521,,,start
2026-04-10 16:12:23.384277,,,drink
2026-04-10 16:12:25.538648,,,start
2026-04-10 16:12:27.667981,,,drink
2026-04-10 16:12:30.068415,,,start
2026-04-10 16:12:32.340212,,,drink
2026-04-10 16:12:34.337842,,,start
2026-04-10 16:12:37.196815,,,exit
2026-04-10 16:12:38.791290,,,block_end
2026-04-11 13:38:27.380717,,,initialize
2026-04-11 13:38:56.029587,,,block_start
2026-04-11 13:38:57.930564,,,start
2026-04-11 13:39:07.947693,,,drink
2026-04-11 13:39:11.897279,,,start
2026-04-11 13:40:13.445838,,,eat
2026-04-11 13:40:13.447299,,,start
2026-04-11 13:40:13.449298,,,eat
2026-04-11 13:40:13.450527,,,start
2026-04-11 13:40:13.452331,,,eat
2026-04-11 13:40:13.453657,,,start
2026-04-11 13:40:13.455311,,,eat
2026-04-11 13:40:13.456783,,,start
2026-04-11 13:40:13.458397,,,eat
2026-04-11 13:40:13.459890,,,start
2026-04-11 13:40:13.461296,,,eat
2026-04-11 13:40:13.462809,,,start
2026-04-11 13:40:13.464306,,,eat
2026-04-11 13:40:13.465495,,,start
2026-04-11 13:40:13.467314,,,eat
2026-04-11 13:40:13.468378,,,start
2026-04-11 13:40:13.469481,,,eat
2026-04-11 13:40:13.470509,,,start
2026-04-11 13:40:13.472309,,,eat
2026-04-11 13:40:13.473323,,,start
2026-04-11 13:40:13.474370,,,eat
2026-04-11 13:40:13.476143,,,start
2026-04-11 13:40:13.478344,,,eat
2026-04-11 13:40:13.479627,,,start
2026-04-11 13:40:13.481325,,,eat
2026-04-11 13:40:13.482894,,,start
2026-04-11 13:40:13.484480,,,eat
2026-04-11 13:40:13.485847,,,start
2026-04-11 13:40:13.487288,,,eat
2026-04-11 13:40:13.488354,,,start
2026-04-11 13:40:13.489464,,,eat
2026-04-11 13:40:13.490505,,,start
2026-04-11 13:40:13.492310,,,eat
2026-04-11 13:40:13.493656,,,start
2026-04-11 13:40:13.496011,,,eat
2026-04-11 13:40:13.497508,,,start
2026-04-11 13:40:13.499351,,,eat
2026-04-11 13:40:13.500616,,,start
2026-04-11 13:40:13.502312,,,eat
2026-04-11 13:40:13.503338,,,start
2026-04-11 13:40:13.505321,,,eat
2026-04-11 13:40:13.507150,,,start
2026-04-11 13:40:13.508500,,,eat
2026-04-11 13:40:13.509882,,,start
2026-04-11 13:40:13.511437,,,eat
2026-04-11 13:40:13.513064,,,start
2026-04-11 13:40:13.515308,,,eat
2026-04-11 13:40:13.516767,,,start
2026-04-11 13:40:13.518323,,,eat
2026-04-11 13:40:13.519379,,,start
2026-04-11 13:40:13.520452,,,eat
2026-04-11 13:40:13.521502,,,start
2026-04-11 13:40:13.523310,,,eat
2026-04-11 13:40:13.524290,,,start
2026-04-11 13:40:13.525379,,,eat
2026-04-11 13:40:13.526703,,,start
2026-04-11 13:40:13.528710,,,eat
2026-04-11 13:40:13.530282,,,start
2026-04-11 13:40:13.532341,,,eat
2026-04-11 13:40:13.533575,,,start
2026-04-11 13:40:13.535316,,,eat
2026-04-11 13:40:13.536323,,,start
2026-04-11 13:40:13.538325,,,eat
2026-04-11 13:40:13.539497,,,start
2026-04-11 13:40:13.541287,,,eat
2026-04-11 13:40:13.542309,,,start
2026-04-11 13:40:13.544349,,,eat
2026-04-11 13:40:13.545662,,,start
2026-04-11 13:40:13.547331,,,eat
2026-04-11 13:40:13.548743,,,start
2026-04-11 13:40:13.550488,,,eat
2026-04-11 13:40:13.551691,,,start
2026-04-11 13:40:13.553319,,,eat
2026-04-11 13:40:13.554348,,,start
2026-04-11 13:40:13.555404,,,eat
2026-04-11 13:40:13.556412,,,start
2026-04-11 13:40:13.557483,,,eat
2026-04-11 13:40:13.558482,,,start
2026-04-11 13:40:13.560365,,,eat
2026-04-11 13:40:13.561678,,,start
2026-04-11 13:40:13.563344,,,eat
2026-04-11 13:40:13.564626,,,start
2026-04-11 13:40:13.566309,,,eat
2026-04-11 13:40:13.567449,,,start
2026-04-11 13:40:13.569433,,,eat
2026-04-11 13:40:13.570757,,,start
2026-04-11 13:40:13.572319,,,eat
2026-04-11 13:40:13.573454,,,start
2026-04-11 13:40:13.575291,,,eat
2026-04-11 13:40:13.576710,,,start
2026-04-11 13:40:13.579142,,,eat
2026-04-11 13:40:13.580538,,,start
2026-04-11 13:40:13.582388,,,eat
2026-04-11 13:40:13.584192,,,start
2026-04-11 13:40:13.585504,,,eat
2026-04-11 13:40:13.586572,,,start
2026-04-11 13:40:13.588278,,,eat
2026-04-11 13:40:13.589309,,,start
2026-04-11 13:40:13.590334,,,eat
2026-04-11 13:40:13.591331,,,start
2026-04-11 13:40:13.592383,,,eat
2026-04-11 13:40:13.593909,,,start
2026-04-11 13:40:13.596115,,,eat
2026-04-11 13:40:13.597518,,,start
2026-04-11 13:40:13.600343,,,eat
2026-04-11 13:40:13.601702,,,start
2026-04-11 13:40:13.603319,,,eat
2026-04-11 13:40:13.604417,,,start
2026-04-11 13:40:13.606317,,,eat
2026-04-11 13:40:13.607314,,,start
2026-04-11 13:40:13.608346,,,eat
2026-04-11 13:40:13.609747,,,start
2026-04-11 13:40:13.612611,,,eat
2026-04-11 13:40:13.614092,,,start
2026-04-11 13:40:13.615580,,,eat
2026-04-11 13:40:13.616880,,,start
2026-04-11 13:40:13.618297,,,eat
2026-04-11 13:40:13.619401,,,start
2026-04-11 13:40:13.621351,,,eat
2026-04-11 13:40:13.622611,,,start
2026-04-11 13:40:13.624322,,,eat
2026-04-11 13:40:13.625398,,,start
2026-04-11 13:40:13.627388,,,eat
2026-04-11 13:40:13.629270,,,start
2026-04-11 13:40:13.631389,,,eat
2026-04-11 13:40:13.632977,,,start
2026-04-11 13:40:13.634331,,,eat
2026-04-11 13:40:13.635313,,,start
2026-04-11 13:40:13.636313,,,eat
2026-04-11 13:40:13.637526,,,start
2026-04-11 13:40:13.639300,,,eat
2026-04-11 13:40:13.640391,,,start
2026-04-11 13:40:13.642288,,,eat
2026-04-11 13:40:13.643760,,,start
2026-04-11 13:40:13.645348,,,eat
2026-04-11 13:40:13.647038,,,start
2026-04-11 13:40:13.648479,,,eat
2026-04-11 13:40:13.649960,,,start
2026-04-11 13:40:13.651323,,,eat
2026-04-11 13:40:13.652335,,,start
2026-04-11 13:40:13.654324,,,eat
2026-04-11 13:40:13.655338,,,start
2026-04-11 13:40:13.656372,,,eat
2026-04-11 13:40:13.657444,,,start
2026-04-11 13:40:13.658499,,,eat
2026-04-11 13:40:13.660507,,,start
2026-04-11 13:40:13.662347,,,eat
2026-04-11 13:40:13.664035,,,start
2026-04-11 13:40:13.666331,,,eat
2026-04-11 13:40:13.667792,,,start
2026-04-11 13:40:13.669319,,,eat
2026-04-11 13:40:13.670459,,,start
2026-04-11 13:40:13.671401,,,eat
2026-04-11 13:40:13.672349,,,start
2026-04-11 13:40:13.673502,,,eat
2026-04-11 13:40:13.674397,,,start
2026-04-11 13:40:13.675297,,,eat
2026-04-11 13:40:13.676195,,,start
2026-04-11 13:40:13.679983,,,eat
2026-04-11 13:40:13.681402,,,start
2026-04-11 13:40:13.683349,,,eat
2026-04-11 13:40:13.684528,,,start
2026-04-11 13:40:13.687708,,,eat
2026-04-11 13:40:13.688778,,,start
2026-04-11 13:48:51.994348,,,drink
2026-04-11 13:48:54.212803,,,start
2026-04-11 13:49:11.406110,,,eat
2026-04-11 13:49:17.865677,,,start
2026-04-11 13:50:52.024140,,,exit
2026-04-11 13:50:54.619781,,,block_end
2026-04-11 14:33:05.314200,,,initialize
2026-04-12 13:03:49.237418,,,initialize
2026-04-12 13:07:32.286487,,,block_start
2026-04-12 13:07:35.060547,,,start
2026-04-12 13:07:35.062440,,,start
2026-04-12 13:07:41.287792,,,drink
2026-04-12 13:07:46.127099,,,start
2026-04-12 13:07:52.807092,,,drink
2026-04-12 13:07:56.782463,,,start
2026-04-12 13:08:00.348927,,,drink
2026-04-12 13:08:11.519916,,,start
2026-04-12 13:08:19.841084,,,eat
2026-04-12 13:08:26.958710,,,start
2026-04-12 13:08:27.718738,,,eat
2026-04-12 13:08:27.876599,,,start
2026-04-12 13:08:27.878149,,,eat
2026-04-12 13:08:27.879146,,,start
2026-04-12 13:08:27.880116,,,eat
2026-04-12 13:08:27.880916,,,start
2026-04-12 13:08:27.882146,,,eat
2026-04-12 13:08:27.882945,,,start
2026-04-12 13:08:27.884154,,,eat
2026-04-12 13:08:27.884907,,,start
2026-04-12 13:08:27.886114,,,eat
2026-04-12 13:08:27.886976,,,start
2026-04-12 13:08:27.888116,,,eat
2026-04-12 13:08:27.888870,,,start
2026-04-12 13:08:27.890145,,,eat
2026-04-12 13:08:27.891111,,,start
2026-04-12 13:08:27.892151,,,eat
2026-04-12 13:08:27.892913,,,start
2026-04-12 13:08:27.894163,,,eat
2026-04-12 13:08:27.895190,,,start
2026-04-12 13:08:27.897174,,,eat
2026-04-12 13:08:27.898069,,,start
2026-04-12 13:08:27.899151,,,eat
2026-04-12 13:08:27.900081,,,start
2026-04-12 13:08:27.901189,,,eat
2026-04-12 13:08:27.902372,,,start
2026-04-12 13:08:27.903332,,,eat
2026-04-12 13:08:27.904146,,,start
2026-04-12 13:08:27.906176,,,eat
2026-04-12 13:08:27.907174,,,start
2026-04-12 13:08:27.908157,,,eat
2026-04-12 13:08:27.908930,,,start
2026-04-12 13:08:27.910149,,,eat
2026-04-12 13:08:27.910909,,,start
2026-04-12 13:08:27.912108,,,eat
2026-04-12 13:08:27.912841,,,start
2026-04-12 13:08:27.914117,,,eat
2026-04-12 13:08:27.914898,,,start
2026-04-12 13:08:27.916126,,,eat
2026-04-12 13:08:27.917185,,,start
2026-04-12 13:08:27.918171,,,eat
2026-04-12 13:08:27.919367,,,start
2026-04-12 13:08:27.921174,,,eat
2026-04-12 13:08:27.922056,,,start
2026-04-12 13:08:27.923152,,,eat
2026-04-12 13:08:27.923911,,,start
2026-04-12 13:08:27.925150,,,eat
2026-04-12 13:08:27.925896,,,start
2026-04-12 13:08:27.927151,,,eat
2026-04-12 13:08:27.927905,,,start
2026-04-12 13:08:27.929190,,,eat
2026-04-12 13:08:27.930504,,,start
2026-04-12 13:08:27.932168,,,eat
2026-04-12 13:08:27.933168,,,start
2026-04-12 13:08:27.934230,,,eat
2026-04-12 13:08:27.935229,,,start
2026-04-12 13:08:27.937254,,,eat
2026-04-12 13:08:27.938529,,,start
2026-04-12 13:08:27.940132,,,eat
2026-04-12 13:08:27.940929,,,start
2026-04-12 13:08:27.942121,,,eat
2026-04-12 13:08:27.942885,,,start
2026-04-12 13:08:27.944112,,,eat
2026-04-12 13:08:27.944841,,,start
2026-04-12 13:08:27.946149,,,eat
2026-04-12 13:08:27.946897,,,start
2026-04-12 13:08:27.948151,,,eat
2026-04-12 13:08:27.948884,,,start
2026-04-12 13:08:27.950193,,,eat
2026-04-12 13:08:27.951208,,,start
2026-04-12 13:08:27.952365,,,eat
2026-04-12 13:08:27.953448,,,start
2026-04-12 13:08:27.955162,,,eat
2026-04-12 13:08:27.955974,,,start
2026-04-12 13:08:27.957154,,,eat
2026-04-12 13:08:27.957896,,,start
2026-04-12 13:08:27.959170,,,eat
2026-04-12 13:08:27.960042,,,start
2026-04-12 13:08:27.961158,,,eat
2026-04-12 13:08:27.961913,,,start
2026-04-12 13:08:46.812598,,,exit
2026-04-12 13:08:53.910926,,,block_end
2026-04-12 13:09:30.605559,,,block_start
2026-04-12 13:09:32.708437,,,start
2026-04-12 13:09:32.709898,,,start
2026-04-12 13:09:45.835810,,,eat
2026-04-12 13:10:15.970619,,,start
2026-04-12 13:10:25.553953,,,exit
2026-04-12 13:10:27.137992,,,block_end
2026-04-12 15:12:29.573630,,,initialize,0
2026-04-12 15:14:39.340980,,,initialize,0
2026-04-12 15:15:33.201050,,,initialize,0
2026-04-12 15:22:47.024585,,,initialize,0
2026-04-12 15:52:55.322644,,,initialize,0
2026-04-12 16:03:49.980134,,,initialize,0
2026-04-13 12:48:05.294539,,,initialize,0
2026-04-13 12:58:11.198503,,,initialize,0
2026-04-13 13:22:17.889869,,,initialize,0
2026-04-13 13:27:09.299031,,,initialize,0
2026-04-13 13:31:39.809495,,,initialize,0
2026-04-13 14:00:03.818258,,,block_start,0
2026-04-13 14:00:06.716751,,,start,0
2026-04-13 14:00:06.718760,,,start,0
2026-04-13 14:00:13.824044,,,drink,0
2026-04-13 14:00:16.641539,,,start,0
2026-04-13 14:00:19.191658,,,drink,0
2026-04-13 14:00:21.567594,,,start,0
2026-04-13 14:00:49.454339,,,eat,0
2026-04-13 14:00:55.538966,,,start,0
2026-04-13 14:02:09.965746,,,exit,0
2026-04-13 14:02:14.060881,,,block_end,0
2026-04-13 14:36:31.032521,,,initialize,0
2026-04-13 14:50:43.895476,,,initialize,80
2026-04-13 15:41:21.362364,,,initialize,0
2026-04-14 13:26:54.624307,,,initialize,0
2026-04-15 14:05:31.073245,,,initialize,0
2026-04-15 14:06:47.828454,,,initialize,0
2026-04-15 14:22:17.951648,,,initialize,0
2026-04-15 14:50:05.455610,,,initialize,0
2026-04-15 15:46:09.390596,,,initialize,0
2026-04-15 15:48:48.795021,,,initialize,0
2026-04-15 16:03:36.084431,,,initialize,0
2026-04-16 12:10:11.399989,,,initialize,0
2026-04-16 12:12:17.246502,,,block_start,0
2026-04-16 12:12:41.763306,,,start,0
2026-04-16 12:12:46.566306,,,drink,0
2026-04-16 12:12:49.347847,,,start,0
2026-04-16 12:12:54.785467,,,exit,0
2026-04-16 12:12:58.883774,,,block_end,0
2026-04-16 12:13:29.447504,,,block_start,0
2026-04-16 12:13:32.319076,,,start,0
2026-04-16 12:13:35.540546,,,drink,0
2026-04-16 12:13:35.596512,,,start,0
2026-04-16 12:13:35.598349,,,drink,0
2026-04-16 12:13:42.326585,,,start,0
2026-04-16 12:13:49.254667,,,exit,0
2026-04-16 12:13:52.842884,,,block_end,0
2026-04-16 12:19:02.474287,,,block_start,0
2026-04-16 12:19:27.946695,,,start,0
2026-04-16 12:19:27.948174,,,start,0
2026-04-16 12:19:30.678128,,,drink,0
2026-04-16 12:19:33.591591,,,start,0
2026-04-16 12:19:36.751832,,,exit,0
2026-04-16 12:19:38.341821,,,block_end,0
2026-04-16 12:19:57.381545,,,block_start,0
2026-04-16 12:20:16.649725,,,start,0
2026-04-16 12:20:20.816687,,,drink,0
2026-04-16 12:20:25.769980,,,start,0
2026-04-16 12:20:28.524664,,,exit,0
2026-04-16 12:20:31.113845,,,block_end,0
2026-04-16 12:26:45.278216,,,initialize,0
2026-04-16 12:27:57.517297,,,block_start,0
2026-04-16 12:37:21.142761,,,initialize,0
2026-04-16 12:41:59.799152,,,block_start,0
2026-04-16 12:44:15.133216,,,start,0
2026-04-16 12:44:15.135027,,,start,0
2026-04-16 12:44:18.845406,,,exit,0
2026-04-16 12:44:20.930929,,,block_end,0
2026-04-16 12:44:39.476745,,,block_start,0
2026-04-16 12:44:44.001777,,,start,0
2026-04-16 12:44:44.003907,,,start,0
2026-04-16 12:44:56.082681,,,exit,0
2026-04-16 12:44:58.671810,,,block_end,0
2026-04-16 12:45:08.698831,,,block_start,0
2026-04-16 12:45:20.958710,,,start,0
2026-04-16 12:45:20.960220,,,start,0
2026-04-16 13:04:20.171464,,,initialize,0
2026-04-16 13:11:59.690028,,,block_start,0
2026-04-16 13:12:04.086677,,,start,0
2026-04-16 13:12:04.089301,,,start,0
2026-04-16 13:15:57.793637,,,exit,0
2026-04-16 13:16:01.384846,,,block_end,0
2026-04-16 13:26:15.718059,,,initialize,0
2026-04-16 13:29:50.195128,,,initialize,0
2026-04-16 13:31:30.089630,,,initialize,0
2026-04-16 13:32:10.763446,,,block_start,0
2026-04-16 13:32:13.856514,,,start,0
2026-04-16 13:32:13.859969,,,start,0
2026-04-16 13:32:17.955419,,,drink,0
2026-04-16 13:32:20.389677,,,start,0
2026-04-16 13:32:24.114185,,,exit,0
2026-04-16 13:32:26.700883,,,block_end,0
2026-04-16 13:34:20.050725,,,initialize,0
2026-04-16 17:37:53.940112,,,initialize,0
2026-04-16 17:38:45.194874,,,initialize,0
2026-04-16 18:01:09.871314,,,block_start,0
2026-04-16 18:01:12.165719,,,start,0
2026-04-16 18:01:12.167860,,,start,0
2026-04-16 18:01:20.669414,,,drink,0
2026-04-16 18:01:24.958101,,,start,0
2026-04-16 18:01:39.550308,,,drink,0
2026-04-16 18:01:51.824293,,,start,0
2026-04-16 18:01:54.775052,,,exit,0
2026-04-16 18:01:56.858390,,,block_end,0
2026-04-16 18:01:56.888660,,,imaging_stop,0
2026-04-17 12:56:57.882775,,,initialize,0
2026-04-17 14:11:47.875523,,,initialize,161
2026-04-20 13:04:15.748760,,,initialize,0
2026-04-20 14:10:17.226508,,,block_start,0
2026-04-20 14:10:49.906025,,,start,325
2026-04-20 14:13:20.977011,,,drink,1155
2026-04-20 14:13:25.256587,,,start,1197
2026-04-20 14:13:39.761634,,,drink,1341
2026-04-20 14:13:43.284031,,,start,1376
2026-04-20 14:21:14.618354,,,drink,2656
2026-04-20 14:21:14.674620,,,start,2656
2026-04-20 14:21:15.217287,,,drink,2656
2026-04-20 14:21:18.359040,,,start,2656
2026-04-20 14:21:55.329255,,,exit,2656
2026-04-20 14:21:56.913904,,,block_end,2656
2026-04-20 14:21:56.944066,,,imaging_stop,2656
2026-04-20 14:22:11.948380,,,block_start,0
2026-04-20 14:22:26.092888,,,start,0
2026-04-20 14:22:35.609073,,,drink,0
2026-04-20 14:22:35.665610,,,start,0
2026-04-20 14:22:35.668052,,,drink,0
2026-04-20 14:22:39.107135,,,start,0
2026-04-20 14:23:26.153824,,,drink,60
2026-04-20 14:23:36.330828,,,start,161
2026-04-20 14:23:53.220606,,,exit,329
2026-04-20 14:23:54.306883,,,block_end,340
2026-04-20 14:24:01.843509,,,imaging_stop,406
2026-04-20 14:47:46.535441,,,initialize,62
2026-04-20 15:18:12.108373,,,initialize,0
2026-04-20 15:33:20.700697,,,initialize,0
2026-04-21 13:06:06.187766,,,initialize,1
2026-04-21 14:06:55.758554,,,initialize,0
2026-04-21 14:16:53.921248,,,initialize,0
2026-04-21 14:50:56.011769,,,initialize,2240
2026-04-21 14:57:32.140256,,,initialize,0
2026-04-21 15:12:41.374630,,,initialize,0
2026-04-21 15:32:17.451679,,,initialize,3356
2026-04-21 15:50:13.778517,,,initialize,0
2026-04-21 16:06:48.632850,,,initialize,0
2026-04-21 16:08:14.941919,,,initialize,0
2026-04-21 16:13:39.352817,,,initialize,0
2026-04-21 16:17:33.876766,,,initialize,0
2026-04-21 16:25:18.193507,,,initialize,0
2026-04-21 16:51:23.721356,,,initialize,0
2026-04-21 19:18:35.230038,,,initialize,138
2026-04-21 19:20:08.599526,,,block_start,0
2026-04-21 19:20:10.639111,,,start,20
2026-04-21 19:20:58.324015,,,drink,494
2026-04-21 19:21:02.522145,,,start,535
2026-04-21 19:21:27.062557,,,eat,779
2026-04-21 19:21:27.064018,,,eat,779
2026-04-21 19:21:27.065164,,,eat,779
2026-04-21 19:21:27.066197,,,eat,779
2026-04-21 19:21:27.067280,,,eat,779
2026-04-21 19:21:27.068350,,,eat,779
2026-04-21 19:21:27.069381,,,eat,779
2026-04-21 19:21:27.070318,,,eat,779
2026-04-21 19:21:27.071287,,,eat,779
2026-04-21 19:21:27.072255,,,eat,779
2026-04-21 19:21:27.073203,,,eat,779
2026-04-21 19:21:27.074261,,,eat,779
2026-04-21 19:21:27.075910,,,eat,779
2026-04-21 19:21:27.076970,,,eat,779
2026-04-21 19:21:27.077836,,,eat,779
2026-04-21 19:21:27.078634,,,eat,779
2026-04-21 19:21:27.079393,,,eat,779
2026-04-21 19:21:27.080292,,,eat,779
2026-04-21 19:21:27.081141,,,eat,779
2026-04-21 19:21:27.082149,,,eat,779
2026-04-21 19:21:27.083189,,,eat,779
2026-04-21 19:21:27.084121,,,eat,779
2026-04-21 19:21:27.084912,,,eat,779
2026-04-21 19:21:27.085867,,,eat,779
2026-04-21 19:21:27.086755,,,eat,779
2026-04-21 19:21:27.087662,,,eat,779
2026-04-21 19:21:27.088822,,,eat,779
2026-04-21 19:21:27.089803,,,eat,779
2026-04-21 19:21:27.090719,,,eat,779
2026-04-21 19:21:27.091585,,,eat,779
2026-04-21 19:21:27.092425,,,eat,779
2026-04-21 19:21:27.093431,,,eat,779
2026-04-21 19:21:27.094573,,,eat,779
2026-04-21 19:21:27.095588,,,eat,779
2026-04-21 19:21:27.096600,,,eat,779
2026-04-21 19:21:27.097531,,,eat,779
2026-04-21 19:21:27.098359,,,eat,779
2026-04-21 19:21:27.099279,,,eat,779
2026-04-21 19:21:27.100210,,,eat,779
2026-04-21 19:21:27.101222,,,eat,779
2026-04-21 19:21:27.102262,,,eat,779
2026-04-21 19:21:27.103543,,,eat,779
2026-04-21 19:21:27.104569,,,eat,779
2026-04-21 19:21:27.105759,,,eat,779
2026-04-21 19:21:27.106780,,,eat,779
2026-04-21 19:21:27.107705,,,eat,779
2026-04-21 19:21:27.108801,,,eat,779
2026-04-21 19:21:27.109837,,,eat,779
2026-04-21 19:21:27.111040,,,eat,779
2026-04-21 19:21:27.112803,,,eat,779
2026-04-21 19:21:27.114175,,,eat,779
2026-04-21 19:21:27.116112,,,eat,780
2026-04-21 19:21:27.117633,,,eat,780
2026-04-21 19:21:27.119346,,,eat,780
2026-04-21 19:21:27.121520,,,eat,780
2026-04-21 19:21:27.123328,,,eat,780
2026-04-21 19:21:27.124764,,,eat,780
2026-04-21 19:21:27.126073,,,eat,780
2026-04-21 19:21:27.127566,,,eat,780
2026-04-21 19:21:27.128936,,,eat,780
2026-04-21 19:21:27.130481,,,eat,780
2026-04-21 19:21:27.131875,,,eat,780
2026-04-21 19:21:27.134315,,,eat,780
2026-04-21 19:21:27.136286,,,eat,780
2026-04-21 19:21:27.137968,,,eat,780
2026-04-21 19:21:27.139655,,,eat,780
2026-04-21 19:21:27.141220,,,eat,780
2026-04-21 19:21:27.142925,,,eat,780
2026-04-21 19:21:27.144199,,,eat,780
2026-04-21 19:21:27.145491,,,eat,780
2026-04-21 19:21:27.147284,,,eat,780
2026-04-21 19:21:27.148534,,,eat,780
2026-04-21 19:21:27.149536,,,eat,780
2026-04-21 19:21:27.150396,,,eat,780
2026-04-21 19:21:27.151317,,,eat,780
2026-04-21 19:21:27.152337,,,eat,780
2026-04-21 19:21:27.153462,,,eat,780
2026-04-21 19:21:27.154445,,,eat,780
2026-04-21 19:21:27.155835,,,eat,780
2026-04-21 19:21:27.157567,,,eat,780
2026-04-21 19:21:27.158794,,,eat,780
2026-04-21 19:21:27.160389,,,eat,780
2026-04-21 19:21:27.161907,,,eat,780
2026-04-21 19:21:27.162925,,,eat,780
2026-04-21 19:21:27.163787,,,eat,780
2026-04-21 19:21:27.164736,,,eat,780
2026-04-21 19:21:27.165584,,,eat,780
2026-04-21 19:21:27.166373,,,eat,780
2026-04-21 19:21:27.167218,,,eat,780
2026-04-21 19:21:27.167989,,,eat,780
2026-04-21 19:21:27.168887,,,eat,780
2026-04-21 19:21:27.169932,,,eat,780
2026-04-21 19:21:27.170911,,,eat,780
2026-04-21 19:21:27.172209,,,eat,780
2026-04-21 19:21:27.173519,,,eat,780
2026-04-21 19:21:27.174912,,,eat,780
2026-04-21 19:21:27.176074,,,eat,780
2026-04-21 19:21:27.177677,,,eat,780
2026-04-21 19:21:27.179120,,,eat,780
2026-04-21 19:21:27.180140,,,eat,780
2026-04-21 19:21:27.181044,,,eat,780
2026-04-21 19:21:27.181844,,,eat,780
2026-04-21 19:21:27.182630,,,eat,780
2026-04-21 19:21:27.183432,,,eat,780
2026-04-21 19:21:27.184186,,,eat,780
2026-04-21 19:21:27.184920,,,eat,780
2026-04-21 19:21:27.185874,,,eat,780
2026-04-21 19:21:27.186840,,,eat,780
2026-04-21 19:21:27.187760,,,eat,780
2026-04-21 19:21:27.189003,,,eat,780
2026-04-21 19:21:27.190266,,,eat,780
2026-04-21 19:21:27.191783,,,eat,780
2026-04-21 19:21:27.192883,,,eat,780
2026-04-21 19:21:27.194447,,,eat,780
2026-04-21 19:21:27.195912,,,eat,780
2026-04-21 19:21:27.196935,,,eat,780
2026-04-21 19:21:27.197760,,,eat,780
2026-04-21 19:21:27.198541,,,eat,780
2026-04-21 19:21:27.199352,,,eat,780
2026-04-21 19:21:27.200132,,,eat,780
2026-04-21 19:21:27.200895,,,eat,780
2026-04-21 19:21:27.201704,,,eat,780
2026-04-21 19:21:27.202939,,,eat,780
2026-04-21 19:21:27.204027,,,eat,780
2026-04-21 19:21:27.205010,,,eat,780
2026-04-21 19:21:27.206692,,,eat,780
2026-04-21 19:21:27.208220,,,eat,780
2026-04-21 19:21:27.209306,,,eat,780
2026-04-21 19:21:27.210953,,,eat,780
2026-04-21 19:21:27.212344,,,eat,780
2026-04-21 19:21:27.213299,,,eat,780
2026-04-21 19:21:27.214329,,,eat,780
2026-04-21 19:21:27.215750,,,eat,781
2026-04-21 19:21:27.217366,,,eat,781
2026-04-21 19:21:27.219421,,,eat,781
2026-04-21 19:21:27.221539,,,eat,781
2026-04-21 19:21:27.223662,,,eat,781
2026-04-21 19:21:27.225145,,,eat,781
2026-04-21 19:21:27.227304,,,eat,781
2026-04-21 19:21:27.228798,,,eat,781
2026-04-21 19:21:27.230410,,,eat,781
2026-04-21 19:21:27.232788,,,eat,781
2026-04-21 19:21:27.233984,,,eat,781
2026-04-21 19:21:27.235093,,,eat,781
2026-04-21 19:21:27.236629,,,eat,781
2026-04-21 19:21:27.237996,,,eat,781
2026-04-21 19:21:27.239933,,,eat,781
2026-04-21 19:21:27.241629,,,eat,781
2026-04-21 19:21:27.243134,,,eat,781
2026-04-21 19:21:27.245406,,,eat,781
2026-04-21 19:21:27.247289,,,eat,781
2026-04-21 19:21:27.248482,,,eat,781
2026-04-21 19:21:27.249522,,,eat,781
2026-04-21 19:21:27.250527,,,eat,781
2026-04-21 19:21:27.251715,,,eat,781
2026-04-21 19:21:27.253367,,,eat,781
2026-04-21 19:21:27.254865,,,eat,781
2026-04-21 19:21:27.256733,,,eat,781
2026-04-21 19:21:27.258221,,,eat,781
2026-04-21 19:21:27.259793,,,eat,781
2026-04-21 19:21:27.261905,,,eat,781
2026-04-21 19:21:27.263505,,,eat,781
2026-04-21 19:21:27.264665,,,eat,781
2026-04-21 19:21:27.265888,,,eat,781
2026-04-21 19:21:27.267087,,,eat,781
2026-04-21 19:21:27.268284,,,eat,781
2026-04-21 19:21:27.269576,,,eat,781
2026-04-21 19:21:27.271165,,,eat,781
2026-04-21 19:21:27.272438,,,eat,781
2026-04-21 19:21:27.273697,,,eat,781
2026-04-21 19:21:27.275123,,,eat,781
2026-04-21 19:21:27.276330,,,eat,781
2026-04-21 19:21:27.278141,,,eat,781
2026-04-21 19:21:27.279668,,,eat,781
2026-04-21 19:21:27.281515,,,eat,781
2026-04-21 19:21:27.283967,,,eat,781
2026-04-21 19:21:27.286072,,,eat,781
2026-04-21 19:21:27.288316,,,eat,781
2026-04-21 19:21:27.289894,,,eat,781
2026-04-21 19:21:27.292302,,,eat,781
2026-04-21 19:21:27.293963,,,eat,781
2026-04-21 19:21:27.295427,,,eat,781
2026-04-21 19:21:27.296558,,,eat,781
2026-04-21 19:21:27.297620,,,eat,781
2026-04-21 19:21:27.298697,,,eat,781
2026-04-21 19:21:27.299878,,,eat,781
2026-04-21 19:21:27.301003,,,eat,781
2026-04-21 19:21:27.302230,,,eat,781
2026-04-21 19:21:27.303887,,,eat,781
2026-04-21 19:21:27.305503,,,eat,781
2026-04-21 19:24:54.723194,,,initialize,94
2026-04-21 19:25:01.827299,,,block_start,0
2026-04-21 19:25:03.673752,,,start,18
2026-04-21 19:25:03.675682,,,start,18
2026-04-21 19:25:10.642234,,,drink,87
2026-04-21 19:25:11.984881,,,start,100
2026-04-21 19:25:19.881982,,,eat,179
2026-04-21 19:25:19.883406,,,eat,179
2026-04-21 19:25:19.884427,,,eat,179
2026-04-21 19:25:19.885314,,,eat,179
2026-04-21 19:25:19.886127,,,eat,179
2026-04-21 19:25:19.887020,,,eat,179
2026-04-21 19:25:19.887876,,,eat,179
2026-04-21 19:25:19.888699,,,eat,179
2026-04-21 19:25:19.889516,,,eat,179
2026-04-21 19:25:19.890318,,,eat,179
2026-04-21 19:25:19.891148,,,eat,179
2026-04-21 19:25:19.891951,,,eat,179
2026-04-21 19:25:19.892746,,,eat,179
2026-04-21 19:25:19.893539,,,eat,179
2026-04-21 19:25:19.894321,,,eat,179
2026-04-21 19:25:19.895129,,,eat,179
2026-04-21 19:25:19.895918,,,eat,179
2026-04-21 19:25:19.896711,,,eat,179
2026-04-21 19:25:19.897539,,,eat,179
2026-04-21 19:25:19.898342,,,eat,179
2026-04-21 19:25:19.899153,,,eat,179
2026-04-21 19:25:19.899940,,,eat,179
2026-04-21 19:25:19.900724,,,eat,179
2026-04-21 19:25:19.901515,,,eat,179
2026-04-21 19:25:19.902319,,,eat,179
2026-04-21 19:25:19.903200,,,eat,179
2026-04-21 19:25:19.904016,,,eat,179
2026-04-21 19:25:19.904815,,,eat,179
2026-04-21 19:25:19.905603,,,eat,179
2026-04-21 19:25:19.906388,,,eat,179
2026-04-21 19:25:19.907254,,,eat,179
2026-04-21 19:25:19.908064,,,eat,179
2026-04-21 19:25:19.908854,,,eat,179
2026-04-21 19:25:19.909680,,,eat,179
2026-04-21 19:25:19.910510,,,eat,179
2026-04-21 19:25:19.911321,,,eat,179
2026-04-21 19:25:19.912110,,,eat,179
2026-04-21 19:25:19.913420,,,eat,179
2026-04-21 19:25:19.914564,,,eat,179
2026-04-21 19:25:19.915515,,,eat,179
2026-04-21 19:25:19.916357,,,eat,179
2026-04-21 19:25:19.917191,,,eat,179
2026-04-21 19:25:19.918151,,,eat,179
2026-04-21 19:25:19.919143,,,eat,179
2026-04-21 19:25:19.920323,,,eat,179
2026-04-21 19:25:19.921488,,,eat,179
2026-04-21 19:25:19.923295,,,eat,179
2026-04-21 19:25:19.924552,,,eat,179
2026-04-21 19:25:19.925962,,,eat,179
2026-04-21 19:25:19.927102,,,eat,179
2026-04-21 19:25:19.928006,,,eat,179
2026-04-21 19:25:19.928836,,,eat,179
2026-04-21 19:25:19.929637,,,eat,179
2026-04-21 19:25:19.930424,,,eat,179
2026-04-21 19:25:19.931230,,,eat,179
2026-04-21 19:25:19.932020,,,eat,179
2026-04-21 19:25:19.932810,,,eat,179
2026-04-21 19:25:19.933588,,,eat,179
2026-04-21 19:25:19.934483,,,eat,179
2026-04-21 19:25:19.935579,,,eat,179
2026-04-21 19:25:19.936535,,,eat,179
2026-04-21 19:25:19.937392,,,eat,179
2026-04-21 19:25:19.938270,,,eat,179
2026-04-21 19:25:19.939150,,,eat,179
2026-04-21 19:25:19.939972,,,eat,179
2026-04-21 19:25:19.940830,,,eat,179
2026-04-21 19:25:19.941650,,,eat,179
2026-04-21 19:25:19.942447,,,eat,179
2026-04-21 19:25:19.943889,,,eat,179
2026-04-21 19:25:19.945090,,,eat,179
2026-04-21 19:25:19.946033,,,eat,179
2026-04-21 19:25:19.946911,,,eat,179
2026-04-21 19:25:19.947747,,,eat,179
2026-04-21 19:25:19.948557,,,eat,179
2026-04-21 19:25:19.949349,,,eat,179
2026-04-21 19:25:19.950183,,,eat,179
2026-04-21 19:25:19.951264,,,eat,180
2026-04-21 19:25:19.952828,,,eat,180
2026-04-21 19:25:19.954283,,,eat,180
2026-04-21 19:25:19.955958,,,eat,180
2026-04-21 19:25:19.957116,,,eat,180
2026-04-21 19:25:19.958029,,,eat,180
2026-04-21 19:25:19.958896,,,eat,180
2026-04-21 19:25:19.959755,,,eat,180
2026-04-21 19:25:19.960586,,,eat,180
2026-04-21 19:25:19.961389,,,eat,180
2026-04-21 19:25:19.962177,,,eat,180
2026-04-21 19:25:19.962984,,,eat,180
2026-04-21 19:25:19.963782,,,eat,180
2026-04-21 19:25:19.964612,,,eat,180
2026-04-21 19:25:19.965399,,,eat,180
2026-04-21 19:25:19.966188,,,eat,180
2026-04-21 19:25:19.967030,,,eat,180
2026-04-21 19:25:19.967863,,,eat,180
2026-04-21 19:25:19.968999,,,eat,180
2026-04-21 19:25:19.970078,,,eat,180
2026-04-21 19:25:19.971042,,,eat,180
2026-04-21 19:25:19.972020,,,eat,180
2026-04-21 19:25:19.973463,,,eat,180
2026-04-21 19:25:19.975199,,,eat,180
2026-04-21 19:25:19.976414,,,eat,180
2026-04-21 19:25:19.977373,,,eat,180
2026-04-21 19:25:19.978212,,,eat,180
2026-04-21 19:25:19.979041,,,eat,180
2026-04-21 19:25:19.979836,,,eat,180
2026-04-21 19:25:19.980616,,,eat,180
2026-04-21 19:25:19.981384,,,eat,180
2026-04-21 19:25:19.982147,,,eat,180
2026-04-21 19:25:19.982940,,,eat,180
2026-04-21 19:25:19.983716,,,eat,180
2026-04-21 19:25:19.984553,,,eat,180
2026-04-21 19:25:19.985618,,,eat,180
2026-04-21 19:25:19.986799,,,eat,180
2026-04-21 19:25:19.987863,,,eat,180
2026-04-21 19:25:19.988800,,,eat,180
2026-04-21 19:25:19.989663,,,eat,180
2026-04-21 19:25:19.990609,,,eat,180
2026-04-21 19:25:19.991878,,,eat,180
2026-04-21 19:25:19.993052,,,eat,180
2026-04-21 19:25:19.994250,,,eat,180
2026-04-21 19:25:19.995252,,,eat,180
2026-04-21 19:25:19.996140,,,eat,180
2026-04-21 19:25:19.996972,,,eat,180
2026-04-21 19:25:19.997774,,,eat,180
2026-04-21 19:25:19.998570,,,eat,180
2026-04-21 19:25:19.999370,,,eat,180
2026-04-21 19:25:20.000158,,,eat,180
2026-04-21 19:25:20.000935,,,eat,180
2026-04-21 19:25:20.001878,,,eat,180
2026-04-21 19:25:20.003103,,,eat,180
2026-04-21 19:25:20.004249,,,eat,180
2026-04-21 19:25:20.006267,,,eat,180
2026-04-21 19:25:20.007683,,,eat,180
2026-04-21 19:25:20.008995,,,eat,180
2026-04-21 19:25:20.010301,,,eat,180
2026-04-21 19:25:20.011561,,,eat,180
2026-04-21 19:25:20.012496,,,eat,180
2026-04-21 19:25:20.013326,,,eat,180
2026-04-21 19:25:20.014112,,,eat,180
2026-04-21 19:25:20.014929,,,eat,180
2026-04-21 19:25:20.015721,,,eat,180
2026-04-21 19:25:20.016498,,,eat,180
2026-04-21 19:25:20.017275,,,eat,180
2026-04-21 19:25:20.018083,,,eat,180
2026-04-21 19:25:20.019185,,,eat,180
2026-04-21 19:25:20.020160,,,eat,180
2026-04-21 19:25:20.021323,,,eat,180
2026-04-21 19:25:20.022451,,,eat,180
2026-04-21 19:25:20.023901,,,eat,180
2026-04-21 19:25:20.025115,,,eat,180
2026-04-21 19:25:20.026072,,,eat,180
2026-04-21 19:25:20.026950,,,eat,180
2026-04-21 19:25:20.027764,,,eat,180
2026-04-21 19:25:20.028553,,,eat,180
2026-04-21 19:25:20.029332,,,eat,180
2026-04-21 19:25:20.030104,,,eat,180
2026-04-21 19:25:20.030903,,,eat,180
2026-04-21 19:25:20.031688,,,eat,180
2026-04-21 19:25:20.032460,,,eat,180
2026-04-21 19:25:20.033228,,,eat,180
2026-04-21 19:25:20.033993,,,eat,180
2026-04-21 19:25:20.035038,,,eat,180
2026-04-21 19:25:20.036549,,,eat,180
2026-04-21 19:25:20.037740,,,eat,180
2026-04-21 19:25:20.039264,,,eat,180
2026-04-21 19:25:20.040633,,,eat,180
2026-04-21 19:25:20.041652,,,eat,180
2026-04-21 19:25:20.042525,,,eat,180
2026-04-21 19:25:20.043357,,,eat,180
2026-04-21 19:25:20.044157,,,eat,180
2026-04-21 19:25:20.044983,,,eat,180
2026-04-21 19:25:20.045800,,,eat,180
2026-04-21 19:25:20.046623,,,eat,180
2026-04-21 19:25:20.047438,,,eat,180
2026-04-21 19:25:20.048233,,,eat,180
2026-04-21 19:25:20.049017,,,eat,180
2026-04-21 19:25:20.049800,,,eat,180
2026-04-21 19:25:20.050622,,,eat,180
2026-04-21 19:25:20.051534,,,eat,180
2026-04-21 19:25:20.053016,,,eat,181
2026-04-21 19:25:20.054735,,,eat,181
2026-04-21 19:25:20.056332,,,eat,181
2026-04-21 19:25:20.057437,,,eat,181
2026-04-21 19:25:20.058323,,,eat,181
2026-04-21 19:25:20.059169,,,eat,181
2026-04-21 19:25:20.059996,,,eat,181
2026-04-21 19:25:20.060810,,,eat,181
2026-04-21 19:25:20.061592,,,eat,181
2026-04-21 19:25:20.062364,,,eat,181
2026-04-21 19:25:20.063173,,,eat,181
2026-04-21 19:25:20.063956,,,eat,181
2026-04-21 19:25:20.064739,,,eat,181
2026-04-21 19:25:20.065548,,,eat,181
2026-04-21 19:25:20.066898,,,eat,181
2026-04-21 19:25:20.068026,,,eat,181
2026-04-21 19:25:20.069407,,,eat,181
2026-04-21 19:25:20.070480,,,eat,181
2026-04-21 19:25:20.071543,,,eat,181
2026-04-21 19:25:20.072879,,,eat,181
2026-04-21 19:25:20.074265,,,eat,181
2026-04-21 19:25:20.075386,,,eat,181
2026-04-21 19:25:20.076294,,,eat,181
2026-04-21 19:25:20.077118,,,eat,181
2026-04-21 19:25:20.077906,,,eat,181
2026-04-21 19:25:20.078701,,,eat,181
2026-04-21 19:25:20.079489,,,eat,181
2026-04-21 19:25:20.080266,,,eat,181
2026-04-21 19:25:20.081038,,,eat,181
2026-04-21 19:25:20.081804,,,eat,181
2026-04-21 19:25:20.082583,,,eat,181
2026-04-21 19:25:20.083380,,,eat,181
2026-04-21 19:25:20.084154,,,eat,181
2026-04-21 19:25:20.085065,,,eat,181
2026-04-21 19:25:20.086393,,,eat,181
2026-04-21 19:25:20.087594,,,eat,181
2026-04-21 19:25:20.088591,,,eat,181
2026-04-21 19:25:20.089459,,,eat,181
2026-04-21 19:25:20.090350,,,eat,181
2026-04-21 19:25:20.091555,,,eat,181
2026-04-21 19:25:20.092661,,,eat,181
2026-04-21 19:25:20.093593,,,eat,181
2026-04-21 19:25:20.094422,,,eat,181
2026-04-21 19:25:20.095252,,,eat,181
2026-04-21 19:25:20.096036,,,eat,181
2026-04-21 19:25:20.097304,,,eat,181
2026-04-21 19:25:20.098380,,,eat,181
2026-04-21 19:25:20.099324,,,eat,181
2026-04-21 19:25:20.100149,,,eat,181
2026-04-21 19:25:20.100996,,,eat,181
2026-04-21 19:25:20.102120,,,eat,181
2026-04-21 19:25:20.103413,,,eat,181
2026-04-21 19:25:20.104555,,,eat,181
2026-04-21 19:25:20.105539,,,eat,181
2026-04-21 19:25:20.106570,,,eat,181
2026-04-21 19:25:20.107562,,,eat,181
2026-04-21 19:25:20.108769,,,eat,181
2026-04-21 19:25:20.109877,,,eat,181
2026-04-21 19:25:20.110875,,,eat,181
2026-04-21 19:25:20.111793,,,eat,181
2026-04-21 19:25:20.112633,,,eat,181
2026-04-21 19:25:20.113432,,,eat,181
2026-04-21 19:25:20.114212,,,eat,181
2026-04-21 19:25:20.115017,,,eat,181
2026-04-21 19:25:20.115799,,,eat,181
2026-04-21 19:25:20.116572,,,eat,181
2026-04-21 19:25:20.117338,,,eat,181
2026-04-21 19:25:20.118171,,,eat,181
2026-04-21 19:25:20.119267,,,eat,181
2026-04-21 19:25:20.120219,,,eat,181
2026-04-21 19:25:20.121406,,,eat,181
2026-04-21 19:25:20.122499,,,eat,181
2026-04-21 19:25:20.123404,,,eat,181
2026-04-21 19:25:20.124216,,,eat,181
2026-04-21 19:25:20.124994,,,eat,181
2026-04-21 19:25:20.125782,,,eat,181
2026-04-21 19:25:28.806222,,,eat,267
2026-04-21 19:25:28.807680,,,eat,267
2026-04-21 19:25:28.808758,,,eat,267
2026-04-21 19:25:28.809688,,,eat,267
2026-04-21 19:25:28.810555,,,eat,267
2026-04-21 19:25:28.811391,,,eat,267
2026-04-21 19:25:28.812243,,,eat,267
2026-04-21 19:25:28.813337,,,eat,267
2026-04-21 19:25:28.814552,,,eat,267
2026-04-21 19:25:28.815922,,,eat,268
2026-04-21 19:25:28.817018,,,eat,268
2026-04-21 19:25:28.818066,,,eat,268
2026-04-21 19:25:28.819714,,,eat,268
2026-04-21 19:25:28.821083,,,eat,268
2026-04-21 19:25:28.822631,,,eat,268
2026-04-21 19:25:28.824008,,,eat,268
2026-04-21 19:25:28.825251,,,eat,268
2026-04-21 19:25:28.826428,,,eat,268
2026-04-21 19:25:28.827600,,,eat,268
2026-04-21 19:25:28.828712,,,eat,268
2026-04-21 19:25:28.829808,,,eat,268
2026-04-21 19:25:28.830881,,,eat,268
2026-04-21 19:25:28.832619,,,eat,268
2026-04-21 19:25:28.834210,,,eat,268
2026-04-21 19:25:28.836066,,,eat,268
2026-04-21 19:25:28.837429,,,eat,268
2026-04-21 19:25:28.839012,,,eat,268
2026-04-21 19:25:28.840652,,,eat,268
2026-04-21 19:25:28.841896,,,eat,268
2026-04-21 19:25:28.843009,,,eat,268
2026-04-21 19:25:28.844038,,,eat,268
2026-04-21 19:25:28.845047,,,eat,268
2026-04-21 19:25:28.846058,,,eat,268
2026-04-21 19:25:28.847090,,,eat,268
2026-04-21 19:25:28.848407,,,eat,268
2026-04-21 19:25:28.850098,,,eat,268
2026-04-21 19:25:28.851540,,,eat,268
2026-04-21 19:25:28.852860,,,eat,268
2026-04-21 19:25:28.854112,,,eat,268
2026-04-21 19:25:28.855669,,,eat,268
2026-04-21 19:25:28.857160,,,eat,268
2026-04-21 19:25:28.858418,,,eat,268
2026-04-21 19:25:28.859545,,,eat,268
2026-04-21 19:25:28.860595,,,eat,268
2026-04-21 19:25:28.861624,,,eat,268
2026-04-21 19:25:28.862651,,,eat,268
2026-04-21 19:25:28.863683,,,eat,268
2026-04-21 19:25:28.865041,,,eat,268
2026-04-21 19:25:28.867276,,,eat,268
2026-04-21 19:25:28.868899,,,eat,268
2026-04-21 19:25:28.870313,,,eat,268
2026-04-21 19:25:28.871655,,,eat,268
2026-04-21 19:25:28.873314,,,eat,268
2026-04-21 19:25:28.875003,,,eat,268
2026-04-21 19:25:28.876293,,,eat,268
2026-04-21 19:25:28.877426,,,eat,268
2026-04-21 19:25:28.878508,,,eat,268
2026-04-21 19:25:28.879566,,,eat,268
2026-04-21 19:25:28.880601,,,eat,268
2026-04-21 19:25:28.882171,,,eat,268
2026-04-21 19:25:28.883791,,,eat,268
2026-04-21 19:25:28.885254,,,eat,268
2026-04-21 19:25:28.886536,,,eat,268
2026-04-21 19:25:28.888007,,,eat,268
2026-04-21 19:25:28.889537,,,eat,268
2026-04-21 19:25:28.890944,,,eat,268
2026-04-21 19:25:28.892123,,,eat,268
2026-04-21 19:25:28.893220,,,eat,268
2026-04-21 19:25:28.894269,,,eat,268
2026-04-21 19:25:28.895328,,,eat,268
2026-04-21 19:25:28.896942,,,eat,268
2026-04-21 19:25:28.898441,,,eat,268
2026-04-21 19:25:28.900235,,,eat,268
2026-04-21 19:25:28.901716,,,eat,268
2026-04-21 19:25:28.903124,,,eat,268
2026-04-21 19:25:28.904379,,,eat,268
2026-04-21 19:25:28.906010,,,eat,268
2026-04-21 19:25:28.907454,,,eat,268
2026-04-21 19:25:28.908699,,,eat,268
2026-04-21 19:25:28.909827,,,eat,268
2026-04-21 19:25:28.911011,,,eat,268
2026-04-21 19:25:28.912362,,,eat,268
2026-04-21 19:25:28.913515,,,eat,268
2026-04-21 19:25:28.915041,,,eat,269
2026-04-21 19:25:28.916574,,,eat,269
2026-04-21 19:25:28.917773,,,eat,269
2026-04-21 19:25:28.918797,,,eat,269
2026-04-21 19:25:28.919757,,,eat,269
2026-04-21 19:25:28.920969,,,eat,269
2026-04-21 19:25:28.922377,,,eat,269
2026-04-21 19:25:28.923624,,,eat,269
2026-04-21 19:25:28.924741,,,eat,269
2026-04-21 19:25:28.925752,,,eat,269
2026-04-21 19:25:28.927249,,,eat,269
2026-04-21 19:25:28.928345,,,eat,269
2026-04-21 19:25:28.929239,,,eat,269
2026-04-21 19:25:28.930088,,,eat,269
2026-04-21 19:25:28.931056,,,eat,269
2026-04-21 19:25:28.932425,,,eat,269
2026-04-21 19:25:28.933572,,,eat,269
2026-04-21 19:25:28.934583,,,eat,269
2026-04-21 19:25:28.935551,,,eat,269
2026-04-21 19:25:28.936520,,,eat,269
2026-04-21 19:25:28.937774,,,eat,269
2026-04-21 19:25:28.938963,,,eat,269
2026-04-21 19:25:28.939913,,,eat,269
2026-04-21 19:25:28.940751,,,eat,269
2026-04-21 19:25:28.941542,,,eat,269
2026-04-21 19:25:28.942316,,,eat,269
2026-04-21 19:25:28.943128,,,eat,269
2026-04-21 19:25:28.943905,,,eat,269
2026-04-21 19:25:28.944675,,,eat,269
2026-04-21 19:25:28.945444,,,eat,269
2026-04-21 19:25:28.946212,,,eat,269
2026-04-21 19:25:28.947009,,,eat,269
2026-04-21 19:25:28.947991,,,eat,269
2026-04-21 19:25:28.949237,,,eat,269
2026-04-21 19:25:28.950405,,,eat,269
2026-04-21 19:25:28.951492,,,eat,269
2026-04-21 19:25:28.952419,,,eat,269
2026-04-21 19:25:28.953347,,,eat,269
2026-04-21 19:25:28.954522,,,eat,269
2026-04-21 19:25:28.955654,,,eat,269
2026-04-21 19:25:28.956593,,,eat,269
2026-04-21 19:25:28.957866,,,eat,269
2026-04-21 19:25:28.958967,,,eat,269
2026-04-21 19:25:28.959883,,,eat,269
2026-04-21 19:25:28.960700,,,eat,269
2026-04-21 19:25:28.961493,,,eat,269
2026-04-21 19:25:28.962269,,,eat,269
2026-04-21 19:25:28.963161,,,eat,269
2026-04-21 19:25:28.963944,,,eat,269
2026-04-21 19:25:28.964979,,,eat,269
2026-04-21 19:25:28.965945,,,eat,269
2026-04-21 19:25:28.967200,,,eat,269
2026-04-21 19:25:28.968357,,,eat,269
2026-04-21 19:25:28.969330,,,eat,269
2026-04-21 19:25:28.970188,,,eat,269
2026-04-21 19:25:28.971068,,,eat,269
2026-04-21 19:25:28.971881,,,eat,269
2026-04-21 19:25:28.972670,,,eat,269
2026-04-21 19:25:28.973441,,,eat,269
2026-04-21 19:25:28.974207,,,eat,269
2026-04-21 19:25:28.975008,,,eat,269
2026-04-21 19:25:28.975784,,,eat,269
2026-04-21 19:25:28.976549,,,eat,269
2026-04-21 19:25:28.977345,,,eat,269
2026-04-21 19:25:28.978146,,,eat,269
2026-04-21 19:25:28.978959,,,eat,269
2026-04-21 19:25:28.979755,,,eat,269
2026-04-21 19:25:28.980532,,,eat,269
2026-04-21 19:25:28.981591,,,eat,269
2026-04-21 19:25:28.982593,,,eat,269
2026-04-21 19:25:28.983788,,,eat,269
2026-04-21 19:25:28.984886,,,eat,269
2026-04-21 19:25:28.985846,,,eat,269
2026-04-21 19:25:28.986693,,,eat,269
2026-04-21 19:25:28.987937,,,eat,269
2026-04-21 19:25:28.989018,,,eat,269
2026-04-21 19:25:28.989911,,,eat,269
2026-04-21 19:25:28.990784,,,eat,269
2026-04-21 19:25:28.991605,,,eat,269
2026-04-21 19:25:28.992385,,,eat,269
2026-04-21 19:25:28.993147,,,eat,269
2026-04-21 19:25:28.993913,,,eat,269
2026-04-21 19:25:28.994707,,,eat,269
2026-04-21 19:25:28.995496,,,eat,269
2026-04-21 19:25:28.996263,,,eat,269
2026-04-21 19:25:28.997016,,,eat,269
2026-04-21 19:25:28.997937,,,eat,269
2026-04-21 19:25:28.998957,,,eat,269
2026-04-21 19:25:28.999902,,,eat,269
2026-04-21 19:25:29.001035,,,eat,269
2026-04-21 19:25:29.002151,,,eat,269
2026-04-21 19:25:29.003355,,,eat,269
2026-04-21 19:25:29.004295,,,eat,269
2026-04-21 19:25:29.005133,,,eat,269
2026-04-21 19:25:29.005944,,,eat,269
2026-04-21 19:25:29.006761,,,eat,269
2026-04-21 19:25:29.007561,,,eat,269
2026-04-21 19:25:29.008348,,,eat,269
2026-04-21 19:25:29.009124,,,eat,269
2026-04-21 19:25:29.009895,,,eat,269
2026-04-21 19:25:29.010745,,,eat,269
2026-04-21 19:25:29.011616,,,eat,269
2026-04-21 19:25:29.012427,,,eat,269
2026-04-21 19:25:29.013214,,,eat,269
2026-04-21 19:25:29.014027,,,eat,269
2026-04-21 19:25:29.015472,,,eat,270
2026-04-21 19:25:29.016964,,,eat,270
2026-04-21 19:25:29.018853,,,eat,270
2026-04-21 19:25:29.020982,,,eat,270
2026-04-21 19:25:29.022247,,,eat,270
2026-04-21 19:25:29.023397,,,eat,270
2026-04-21 19:25:29.024337,,,eat,270
2026-04-21 19:25:29.025160,,,eat,270
2026-04-21 19:25:29.025943,,,eat,270
2026-04-21 19:25:29.026759,,,eat,270
2026-04-21 19:25:29.027884,,,eat,270
2026-04-21 19:25:29.028953,,,eat,270
2026-04-21 19:25:29.029990,,,eat,270
2026-04-21 19:25:29.031313,,,eat,270
2026-04-21 19:25:29.032987,,,eat,270
2026-04-21 19:25:29.034304,,,eat,270
2026-04-21 19:25:29.035916,,,eat,270
2026-04-21 19:25:29.037410,,,eat,270
2026-04-21 19:25:29.038722,,,eat,270
2026-04-21 19:25:29.039832,,,eat,270
2026-04-21 19:25:29.040876,,,eat,270
2026-04-21 19:25:29.041897,,,eat,270
2026-04-21 19:25:29.042944,,,eat,270
2026-04-21 19:25:29.043965,,,eat,270
2026-04-21 19:25:29.044966,,,eat,270
2026-04-21 19:25:29.045966,,,eat,270
2026-04-21 19:25:29.047019,,,eat,270
2026-04-21 19:25:29.048397,,,eat,270
2026-04-21 19:25:29.050183,,,eat,270
2026-04-21 19:25:30.811812,,,eat,287
2026-04-21 19:25:30.813232,,,eat,287
2026-04-21 19:25:30.814267,,,eat,287
2026-04-21 19:25:30.815195,,,eat,287
2026-04-21 19:25:30.816026,,,eat,287
2026-04-21 19:25:30.816835,,,eat,287
2026-04-21 19:25:30.817658,,,eat,287
2026-04-21 19:25:30.818461,,,eat,287
2026-04-21 19:25:30.819303,,,eat,287
2026-04-21 19:25:30.820111,,,eat,287
2026-04-21 19:25:30.820900,,,eat,287
2026-04-21 19:25:30.821721,,,eat,287
2026-04-21 19:25:30.822558,,,eat,287
2026-04-21 19:25:30.823370,,,eat,287
2026-04-21 19:25:30.824197,,,eat,287
2026-04-21 19:25:30.824994,,,eat,287
2026-04-21 19:25:30.825775,,,eat,287
2026-04-21 19:25:30.826658,,,eat,287
2026-04-21 19:25:30.827931,,,eat,288
2026-04-21 19:25:30.829202,,,eat,288
2026-04-21 19:25:30.830466,,,eat,288
2026-04-21 19:25:30.831682,,,eat,288
2026-04-21 19:25:30.833,,,eat,288
2026-04-21 19:25:30.834607,,,eat,288
2026-04-21 19:25:30.836030,,,eat,288
2026-04-21 19:25:30.837817,,,eat,288
2026-04-21 19:25:30.839340,,,eat,288
2026-04-21 19:25:30.841090,,,eat,288
2026-04-21 19:25:30.842350,,,eat,288
2026-04-21 19:25:30.843523,,,eat,288
2026-04-21 19:25:30.844606,,,eat,288
2026-04-21 19:25:30.845639,,,eat,288
2026-04-21 19:25:30.846706,,,eat,288
2026-04-21 19:25:30.848474,,,eat,288
2026-04-21 19:25:30.850089,,,eat,288
2026-04-21 19:25:30.851591,,,eat,288
2026-04-21 19:25:30.852949,,,eat,288
2026-04-21 19:25:30.854777,,,eat,288
2026-04-21 19:25:30.856287,,,eat,288
2026-04-21 19:25:30.857584,,,eat,288
2026-04-21 19:25:30.858767,,,eat,288
2026-04-21 19:25:30.859856,,,eat,288
2026-04-21 19:25:30.860895,,,eat,288
2026-04-21 19:25:30.861940,,,eat,288
2026-04-21 19:25:30.863082,,,eat,288
2026-04-21 19:25:30.864780,,,eat,288
2026-04-21 19:25:30.866474,,,eat,288
2026-04-21 19:25:30.868076,,,eat,288
2026-04-21 19:25:30.869625,,,eat,288
2026-04-21 19:25:30.871896,,,eat,288
2026-04-21 19:25:30.873614,,,eat,288
2026-04-21 19:25:30.874850,,,eat,288
2026-04-21 19:25:30.875917,,,eat,288
2026-04-21 19:25:30.876908,,,eat,288
2026-04-21 19:25:30.877881,,,eat,288
2026-04-21 19:25:30.878941,,,eat,288
2026-04-21 19:25:30.880017,,,eat,288
2026-04-21 19:25:30.881877,,,eat,288
2026-04-21 19:25:30.883628,,,eat,288
2026-04-21 19:25:30.885113,,,eat,288
2026-04-21 19:25:30.886467,,,eat,288
2026-04-21 19:25:30.888296,,,eat,288
2026-04-21 19:25:30.889823,,,eat,288
2026-04-21 19:25:30.891063,,,eat,288
2026-04-21 19:25:30.892172,,,eat,288
2026-04-21 19:25:30.893224,,,eat,288
2026-04-21 19:25:30.894246,,,eat,288
2026-04-21 19:25:30.895308,,,eat,288
2026-04-21 19:25:30.896327,,,eat,288
2026-04-21 19:25:30.897911,,,eat,288
2026-04-21 19:25:30.899640,,,eat,288
2026-04-21 19:25:30.901739,,,eat,288
2026-04-21 19:25:30.903318,,,eat,288
2026-04-21 19:25:30.905008,,,eat,288
2026-04-21 19:25:30.906803,,,eat,288
2026-04-21 19:25:30.908114,,,eat,288
2026-04-21 19:25:30.909234,,,eat,288
2026-04-21 19:25:30.910277,,,eat,288
2026-04-21 19:25:30.911332,,,eat,288
2026-04-21 19:25:30.912362,,,eat,288
2026-04-21 19:25:30.913435,,,eat,288
2026-04-21 19:25:30.915141,,,eat,288
2026-04-21 19:25:30.916738,,,eat,288
2026-04-21 19:25:30.918175,,,eat,288
2026-04-21 19:25:30.919580,,,eat,288
2026-04-21 19:25:30.921219,,,eat,288
2026-04-21 19:25:30.922786,,,eat,288
2026-04-21 19:25:30.924344,,,eat,288
2026-04-21 19:25:30.925662,,,eat,288
2026-04-21 19:25:30.926830,,,eat,288
2026-04-21 19:25:30.928079,,,eat,289
2026-04-21 19:25:30.929076,,,eat,289
2026-04-21 19:25:30.929980,,,eat,289
2026-04-21 19:25:30.932114,,,eat,289
2026-04-21 19:25:30.933584,,,eat,289
2026-04-21 19:25:30.934726,,,eat,289
2026-04-21 19:25:30.935834,,,eat,289
2026-04-21 19:25:30.937124,,,eat,289
2026-04-21 19:25:30.938833,,,eat,289
2026-04-21 19:25:30.940315,,,eat,289
2026-04-21 19:25:30.941359,,,eat,289
2026-04-21 19:25:30.942235,,,eat,289
2026-04-21 19:25:30.943080,,,eat,289
2026-04-21 19:25:30.943886,,,eat,289
2026-04-21 19:25:30.944676,,,eat,289
2026-04-21 19:25:30.945523,,,eat,289
2026-04-21 19:25:30.946351,,,eat,289
2026-04-21 19:25:30.947507,,,eat,289
2026-04-21 19:25:30.948719,,,eat,289
2026-04-21 19:25:30.949812,,,eat,289
2026-04-21 19:25:30.950835,,,eat,289
2026-04-21 19:25:30.951817,,,eat,289
2026-04-21 19:25:30.952808,,,eat,289
2026-04-21 19:25:30.954037,,,eat,289
2026-04-21 19:25:30.955072,,,eat,289
2026-04-21 19:25:30.955952,,,eat,289
2026-04-21 19:25:30.956767,,,eat,289
2026-04-21 19:25:30.957560,,,eat,289
2026-04-21 19:25:30.958350,,,eat,289
2026-04-21 19:25:30.959163,,,eat,289
2026-04-21 19:25:30.959956,,,eat,289
2026-04-21 19:25:30.960737,,,eat,289
2026-04-21 19:25:30.962051,,,eat,289
2026-04-21 19:25:30.963160,,,eat,289
2026-04-21 19:25:30.964529,,,eat,289
2026-04-21 19:25:30.965802,,,eat,289
2026-04-21 19:25:30.966993,,,eat,289
2026-04-21 19:25:30.968020,,,eat,289
2026-04-21 19:25:30.968969,,,eat,289
2026-04-21 19:25:30.970134,,,eat,289
2026-04-21 19:25:30.971284,,,eat,289
2026-04-21 19:25:30.972236,,,eat,289
2026-04-21 19:25:30.973072,,,eat,289
2026-04-21 19:25:30.973871,,,eat,289
2026-04-21 19:25:30.974689,,,eat,289
2026-04-21 19:25:30.975497,,,eat,289
2026-04-21 19:25:30.976290,,,eat,289
2026-04-21 19:25:30.977077,,,eat,289
2026-04-21 19:25:30.977853,,,eat,289
2026-04-21 19:25:30.978639,,,eat,289
2026-04-21 19:25:30.979425,,,eat,289
2026-04-21 19:25:30.980355,,,eat,289
2026-04-21 19:25:30.981404,,,eat,289
2026-04-21 19:25:30.982428,,,eat,289
2026-04-21 19:25:30.983754,,,eat,289
2026-04-21 19:25:30.984829,,,eat,289
2026-04-21 19:25:30.985737,,,eat,289
2026-04-21 19:25:30.986600,,,eat,289
2026-04-21 19:25:30.987446,,,eat,289
2026-04-21 19:25:30.988254,,,eat,289
2026-04-21 19:25:30.989043,,,eat,289
2026-04-21 19:25:30.989826,,,eat,289
2026-04-21 19:25:30.990628,,,eat,289
2026-04-21 19:25:30.991420,,,eat,289
2026-04-21 19:25:30.992722,,,eat,289
2026-04-21 19:25:30.993805,,,eat,289
2026-04-21 19:25:30.994739,,,eat,289
2026-04-21 19:25:30.995576,,,eat,289
2026-04-21 19:25:30.996369,,,eat,289
2026-04-21 19:25:30.997444,,,eat,289
2026-04-21 19:25:30.998423,,,eat,289
2026-04-21 19:25:30.999687,,,eat,289
2026-04-21 19:25:31.000879,,,eat,289
2026-04-21 19:25:31.001827,,,eat,289
2026-04-21 19:25:31.002700,,,eat,289
2026-04-21 19:25:31.003526,,,eat,289
2026-04-21 19:25:31.004322,,,eat,289
2026-04-21 19:25:31.005109,,,eat,289
2026-04-21 19:25:31.005943,,,eat,289
2026-04-21 19:25:31.006793,,,eat,289
2026-04-21 19:25:31.007604,,,eat,289
2026-04-21 19:25:31.008393,,,eat,289
2026-04-21 19:25:31.009177,,,eat,289
2026-04-21 19:25:31.009954,,,eat,289
2026-04-21 19:25:31.010819,,,eat,289
2026-04-21 19:25:31.011673,,,eat,289
2026-04-21 19:25:31.012466,,,eat,289
2026-04-21 19:25:31.013263,,,eat,289
2026-04-21 19:25:31.014379,,,eat,289
2026-04-21 19:25:31.015428,,,eat,289
2026-04-21 19:25:31.016671,,,eat,289
2026-04-21 19:25:31.017782,,,eat,289
2026-04-21 19:25:31.018703,,,eat,289
2026-04-21 19:25:31.019548,,,eat,289
2026-04-21 19:25:31.020370,,,eat,289
2026-04-21 19:25:31.021188,,,eat,289
2026-04-21 19:25:31.021977,,,eat,289
2026-04-21 19:25:31.023342,,,eat,289
2026-04-21 19:25:31.024452,,,eat,289
2026-04-21 19:25:31.025358,,,eat,289
2026-04-21 19:25:31.026244,,,eat,289
2026-04-21 19:25:31.027134,,,eat,289
2026-04-21 19:25:31.027988,,,eat,289
2026-04-21 19:25:31.029071,,,eat,290
2026-04-21 19:25:31.030301,,,eat,290
2026-04-21 19:25:31.031884,,,eat,290
2026-04-21 19:25:31.033300,,,eat,290
2026-04-21 19:25:31.034582,,,eat,290
2026-04-21 19:25:31.035647,,,eat,290
2026-04-21 19:25:31.036537,,,eat,290
2026-04-21 19:25:31.037364,,,eat,290
2026-04-21 19:25:31.038167,,,eat,290
2026-04-21 19:25:31.038997,,,eat,290
2026-04-21 19:25:31.039801,,,eat,290
2026-04-21 19:25:31.040589,,,eat,290
2026-04-21 19:25:31.041371,,,eat,290
2026-04-21 19:25:31.042152,,,eat,290
2026-04-21 19:25:31.042976,,,eat,290
2026-04-21 19:25:31.043791,,,eat,290
2026-04-21 19:25:31.044582,,,eat,290
2026-04-21 19:25:31.045366,,,eat,290
2026-04-21 19:25:31.046190,,,eat,290
2026-04-21 19:25:31.047420,,,eat,290
2026-04-21 19:25:31.048629,,,eat,290
2026-04-21 19:25:31.049635,,,eat,290
2026-04-21 19:25:31.050946,,,eat,290
2026-04-21 19:25:31.052348,,,eat,290
2026-04-21 19:25:31.053833,,,eat,290
2026-04-21 19:25:31.054954,,,eat,290
2026-04-21 19:25:35.736635,,,eat,336
2026-04-21 19:25:35.738060,,,eat,336
2026-04-21 19:25:35.739121,,,eat,336
2026-04-21 19:25:35.740036,,,eat,336
2026-04-21 19:25:35.740888,,,eat,336
2026-04-21 19:25:35.741704,,,eat,336
2026-04-21 19:25:35.742518,,,eat,336
2026-04-21 19:25:35.743362,,,eat,336
2026-04-21 19:25:35.744208,,,eat,336
2026-04-21 19:25:35.745027,,,eat,336
2026-04-21 19:25:35.745827,,,eat,336
2026-04-21 19:25:35.746630,,,eat,336
2026-04-21 19:25:35.747434,,,eat,336
2026-04-21 19:25:35.748218,,,eat,336
2026-04-21 19:25:35.749022,,,eat,336
2026-04-21 19:25:35.749811,,,eat,336
2026-04-21 19:25:35.750612,,,eat,336
2026-04-21 19:25:35.751393,,,eat,336
2026-04-21 19:25:35.752164,,,eat,336
2026-04-21 19:25:35.752927,,,eat,336
2026-04-21 19:25:35.753736,,,eat,336
2026-04-21 19:25:35.754557,,,eat,336
2026-04-21 19:25:35.755372,,,eat,336
2026-04-21 19:25:35.756154,,,eat,336
2026-04-21 19:25:35.756931,,,eat,336
2026-04-21 19:25:35.757706,,,eat,336
2026-04-21 19:25:35.758470,,,eat,336
2026-04-21 19:25:35.759270,,,eat,336
2026-04-21 19:25:35.760044,,,eat,336
2026-04-21 19:25:35.760812,,,eat,336
2026-04-21 19:25:35.761842,,,eat,337
2026-04-21 19:25:35.762981,,,eat,337
2026-04-21 19:25:35.764078,,,eat,337
2026-04-21 19:25:35.765642,,,eat,337
2026-04-21 19:25:35.766842,,,eat,337
2026-04-21 19:25:35.768188,,,eat,337
2026-04-21 19:25:35.769578,,,eat,337
2026-04-21 19:25:35.770729,,,eat,337
2026-04-21 19:25:35.771798,,,eat,337
2026-04-21 19:25:35.773113,,,eat,337
2026-04-21 19:25:35.774385,,,eat,337
2026-04-21 19:25:35.775672,,,eat,337
2026-04-21 19:25:35.776821,,,eat,337
2026-04-21 19:25:35.777894,,,eat,337
2026-04-21 19:25:35.779249,,,eat,337
2026-04-21 19:25:35.780707,,,eat,337
2026-04-21 19:25:35.782180,,,eat,337
2026-04-21 19:25:35.783541,,,eat,337
2026-04-21 19:25:35.784664,,,eat,337
2026-04-21 19:25:35.785746,,,eat,337
2026-04-21 19:25:35.786856,,,eat,337
2026-04-21 19:25:35.788197,,,eat,337
2026-04-21 19:25:35.789624,,,eat,337
2026-04-21 19:25:35.791242,,,eat,337
2026-04-21 19:25:35.792708,,,eat,337
2026-04-21 19:25:35.793964,,,eat,337
2026-04-21 19:25:35.795591,,,eat,337
2026-04-21 19:25:35.797856,,,eat,337
2026-04-21 19:25:35.799541,,,eat,337
2026-04-21 19:25:35.800890,,,eat,337
2026-04-21 19:25:35.801966,,,eat,337
2026-04-21 19:25:35.803428,,,eat,337
2026-04-21 19:25:35.804855,,,eat,337
2026-04-21 19:25:35.806069,,,eat,337
2026-04-21 19:25:35.807349,,,eat,337
2026-04-21 19:25:35.808520,,,eat,337
2026-04-21 19:25:35.809594,,,eat,337
2026-04-21 19:25:35.810699,,,eat,337
2026-04-21 19:25:35.812141,,,eat,337
2026-04-21 19:25:35.813658,,,eat,337
2026-04-21 19:25:35.815394,,,eat,337
2026-04-21 19:25:35.816804,,,eat,337
2026-04-21 19:25:35.817941,,,eat,337
2026-04-21 19:25:35.819404,,,eat,337
2026-04-21 19:25:35.821027,,,eat,337
2026-04-21 19:25:35.822771,,,eat,337
2026-04-21 19:25:35.824024,,,eat,337
2026-04-21 19:25:35.825115,,,eat,337
2026-04-21 19:25:35.826140,,,eat,337
2026-04-21 19:25:35.827800,,,eat,337
2026-04-21 19:25:35.829579,,,eat,337
2026-04-21 19:25:35.831239,,,eat,337
2026-04-21 19:25:35.832845,,,eat,337
2026-04-21 19:25:35.834346,,,eat,337
2026-04-21 19:25:35.836133,,,eat,337
2026-04-21 19:25:35.837747,,,eat,337
2026-04-21 19:25:35.839496,,,eat,337
2026-04-21 19:25:35.840748,,,eat,337
2026-04-21 19:25:35.841848,,,eat,337
2026-04-21 19:25:35.842943,,,eat,337
2026-04-21 19:25:35.844021,,,eat,337
2026-04-21 19:25:35.845536,,,eat,337
2026-04-21 19:25:35.847383,,,eat,337
2026-04-21 19:25:35.848978,,,eat,337
2026-04-21 19:25:35.850352,,,eat,337
2026-04-21 19:25:35.851742,,,eat,337
2026-04-21 19:25:35.853614,,,eat,337
2026-04-21 19:25:35.855149,,,eat,337
2026-04-21 19:25:35.856446,,,eat,337
2026-04-21 19:25:35.858169,,,eat,337
2026-04-21 19:25:35.859444,,,eat,337
2026-04-21 19:25:35.860528,,,eat,337
2026-04-21 19:25:35.861736,,,eat,337
2026-04-21 19:25:35.863607,,,eat,338
2026-04-21 19:25:35.865022,,,eat,338
2026-04-21 19:25:35.866141,,,eat,338
2026-04-21 19:25:35.867194,,,eat,338
2026-04-21 19:25:35.868280,,,eat,338
2026-04-21 19:25:35.869785,,,eat,338
2026-04-21 19:25:35.871197,,,eat,338
2026-04-21 19:25:35.872236,,,eat,338
2026-04-21 19:25:35.873108,,,eat,338
2026-04-21 19:25:35.873918,,,eat,338
2026-04-21 19:25:35.874783,,,eat,338
2026-04-21 19:25:35.875652,,,eat,338
2026-04-21 19:25:35.876467,,,eat,338
2026-04-21 19:25:35.877260,,,eat,338
2026-04-21 19:25:35.878117,,,eat,338
2026-04-21 19:25:35.879384,,,eat,338
2026-04-21 19:25:35.880582,,,eat,338
2026-04-21 19:25:35.881606,,,eat,338
2026-04-21 19:25:35.882551,,,eat,338
2026-04-21 19:25:35.883512,,,eat,338
2026-04-21 19:25:35.884482,,,eat,338
2026-04-21 19:25:35.885758,,,eat,338
2026-04-21 19:25:35.886871,,,eat,338
2026-04-21 19:25:35.888278,,,eat,338
2026-04-21 19:25:35.889300,,,eat,338
2026-04-21 19:25:35.890177,,,eat,338
2026-04-21 19:25:35.891016,,,eat,338
2026-04-21 19:25:35.891816,,,eat,338
2026-04-21 19:25:35.892601,,,eat,338
2026-04-21 19:25:35.893378,,,eat,338
2026-04-21 19:25:35.894195,,,eat,338
2026-04-21 19:25:35.895362,,,eat,338
2026-04-21 19:25:35.896637,,,eat,338
2026-04-21 19:25:35.897783,,,eat,338
2026-04-21 19:25:35.898822,,,eat,338
2026-04-21 19:25:35.899757,,,eat,338
2026-04-21 19:25:35.900721,,,eat,338
2026-04-21 19:25:35.901976,,,eat,338
2026-04-21 19:25:35.903111,,,eat,338
2026-04-21 19:25:35.904282,,,eat,338
2026-04-21 19:25:35.905226,,,eat,338
2026-04-21 19:25:35.906070,,,eat,338
2026-04-21 19:25:35.906918,,,eat,338
2026-04-21 19:25:35.907739,,,eat,338
2026-04-21 19:25:35.908540,,,eat,338
2026-04-21 19:25:35.909323,,,eat,338
2026-04-21 19:25:35.910109,,,eat,338
2026-04-21 19:25:35.910924,,,eat,338
2026-04-21 19:25:35.912079,,,eat,338
2026-04-21 19:25:35.913107,,,eat,338
2026-04-21 19:25:35.914347,,,eat,338
2026-04-21 19:25:35.915647,,,eat,338
2026-04-21 19:25:35.916769,,,eat,338
2026-04-21 19:25:35.918136,,,eat,338
2026-04-21 19:25:35.919275,,,eat,338
2026-04-21 19:25:35.920199,,,eat,338
2026-04-21 19:25:35.921020,,,eat,338
2026-04-21 19:25:35.921817,,,eat,338
2026-04-21 19:25:35.922621,,,eat,338
2026-04-21 19:25:35.923548,,,eat,338
2026-04-21 19:25:35.924469,,,eat,338
2026-04-21 19:25:35.925297,,,eat,338
2026-04-21 19:25:35.926094,,,eat,338
2026-04-21 19:25:35.926910,,,eat,338
2026-04-21 19:25:35.927705,,,eat,338
2026-04-21 19:25:35.928818,,,eat,338
2026-04-21 19:25:35.929817,,,eat,338
2026-04-21 19:25:35.931081,,,eat,338
2026-04-21 19:25:35.932228,,,eat,338
2026-04-21 19:25:35.933360,,,eat,338
2026-04-21 19:25:35.934335,,,eat,338
2026-04-21 19:25:35.935271,,,eat,338
2026-04-21 19:25:35.936140,,,eat,338
2026-04-21 19:25:35.936952,,,eat,338
2026-04-21 19:25:35.937739,,,eat,338
2026-04-21 19:25:35.938510,,,eat,338
2026-04-21 19:25:35.939323,,,eat,338
2026-04-21 19:25:35.940122,,,eat,338
2026-04-21 19:25:35.940909,,,eat,338
2026-04-21 19:25:35.941688,,,eat,338
2026-04-21 19:25:35.942465,,,eat,338
2026-04-21 19:25:35.943430,,,eat,338
2026-04-21 19:25:35.944358,,,eat,338
2026-04-21 19:25:35.945512,,,eat,338
2026-04-21 19:25:35.946469,,,eat,338
2026-04-21 19:25:35.947746,,,eat,338
2026-04-21 19:25:35.948894,,,eat,338
2026-04-21 19:25:35.950192,,,eat,338
2026-04-21 19:25:35.951700,,,eat,338
2026-04-21 19:25:35.952728,,,eat,338
2026-04-21 19:25:35.953615,,,eat,338
2026-04-21 19:25:35.954451,,,eat,338
2026-04-21 19:25:35.955340,,,eat,338
2026-04-21 19:25:35.956204,,,eat,338
2026-04-21 19:25:35.957011,,,eat,338
2026-04-21 19:25:35.957800,,,eat,338
2026-04-21 19:25:35.958594,,,eat,338
2026-04-21 19:25:35.959412,,,eat,338
2026-04-21 19:25:35.960206,,,eat,338
2026-04-21 19:25:35.960994,,,eat,338
2026-04-21 19:25:35.962088,,,eat,338
2026-04-21 19:25:35.963283,,,eat,339
2026-04-21 19:25:35.964989,,,eat,339
2026-04-21 19:25:35.966483,,,eat,339
2026-04-21 19:25:35.967860,,,eat,339
2026-04-21 19:25:35.968998,,,eat,339
2026-04-21 19:25:35.970077,,,eat,339
2026-04-21 19:25:35.971173,,,eat,339
2026-04-21 19:25:35.972232,,,eat,339
2026-04-21 19:25:35.973261,,,eat,339
2026-04-21 19:25:35.974291,,,eat,339
2026-04-21 19:25:35.975410,,,eat,339
2026-04-21 19:25:35.976524,,,eat,339
2026-04-21 19:25:35.977591,,,eat,339
2026-04-21 19:25:35.979591,,,eat,339
2026-04-21 19:28:22.415260,,,initialize,92
2026-04-21 19:28:57.585219,,,initialize,85
2026-04-21 19:29:07.194886,,,block_start,0
2026-04-21 19:29:09.136690,,,start,19
2026-04-21 19:29:21.055689,,,eat,138
2026-04-21 19:29:21.057623,,,eat,138
2026-04-21 19:29:21.059194,,,eat,138
2026-04-21 19:29:21.060350,,,eat,138
2026-04-21 19:29:21.061378,,,eat,138
2026-04-21 19:29:21.062343,,,eat,138
2026-04-21 19:29:21.063302,,,eat,138
2026-04-21 19:29:21.064200,,,eat,138
2026-04-21 19:29:21.065113,,,eat,138
2026-04-21 19:29:21.065946,,,eat,138
2026-04-21 19:29:21.066857,,,eat,138
2026-04-21 19:29:21.067731,,,eat,138
2026-04-21 19:29:21.068581,,,eat,138
2026-04-21 19:29:21.069416,,,eat,138
2026-04-21 19:29:21.070213,,,eat,138
2026-04-21 19:29:21.071019,,,eat,138
2026-04-21 19:29:21.071815,,,eat,138
2026-04-21 19:29:21.072605,,,eat,138
2026-04-21 19:29:21.073388,,,eat,138
2026-04-21 19:29:21.074174,,,eat,138
2026-04-21 19:29:21.074981,,,eat,138
2026-04-21 19:29:21.075771,,,eat,138
2026-04-21 19:29:21.076565,,,eat,138
2026-04-21 19:29:21.077403,,,eat,138
2026-04-21 19:29:21.078213,,,eat,138
2026-04-21 19:29:21.079061,,,eat,138
2026-04-21 19:29:21.079874,,,eat,138
2026-04-21 19:29:21.080685,,,eat,138
2026-04-21 19:29:21.081567,,,eat,138
2026-04-21 19:29:21.082398,,,eat,138
2026-04-21 19:29:21.083269,,,eat,138
2026-04-21 19:29:21.084091,,,eat,138
2026-04-21 19:29:21.085433,,,eat,138
2026-04-21 19:29:21.086916,,,eat,138
2026-04-21 19:29:21.088101,,,eat,138
2026-04-21 19:29:21.089422,,,eat,138
2026-04-21 19:29:21.090752,,,eat,138
2026-04-21 19:29:21.092097,,,eat,138
2026-04-21 19:29:21.093088,,,eat,138
2026-04-21 19:29:21.093946,,,eat,138
2026-04-21 19:29:21.094781,,,eat,138
2026-04-21 19:29:21.095594,,,eat,138
2026-04-21 19:29:21.096392,,,eat,138
2026-04-21 19:29:21.097185,,,eat,138
2026-04-21 19:29:21.098307,,,eat,138
2026-04-21 19:29:21.099364,,,eat,138
2026-04-21 19:29:21.100695,,,eat,138
2026-04-21 19:29:21.101965,,,eat,138
2026-04-21 19:29:21.102948,,,eat,138
2026-04-21 19:29:21.103810,,,eat,138
2026-04-21 19:29:21.104617,,,eat,138
2026-04-21 19:29:21.105409,,,eat,138
2026-04-21 19:29:21.106194,,,eat,138
2026-04-21 19:29:21.107068,,,eat,138
2026-04-21 19:29:21.107911,,,eat,138
2026-04-21 19:29:21.108714,,,eat,138
2026-04-21 19:29:21.109497,,,eat,138
2026-04-21 19:29:21.110282,,,eat,138
2026-04-21 19:29:21.111100,,,eat,138
2026-04-21 19:29:21.111905,,,eat,138
2026-04-21 19:29:21.112700,,,eat,138
2026-04-21 19:29:21.113483,,,eat,138
2026-04-21 19:29:21.114319,,,eat,138
2026-04-21 19:29:21.115557,,,eat,138
2026-04-21 19:29:21.116747,,,eat,138
2026-04-21 19:29:21.117702,,,eat,138
2026-04-21 19:29:21.119001,,,eat,138
2026-04-21 19:29:21.120077,,,eat,138
2026-04-21 19:29:21.122670,,,eat,138
2026-04-21 19:29:21.123607,,,eat,138
2026-04-21 19:29:21.124463,,,eat,138
2026-04-21 19:29:21.127107,,,eat,138
2026-04-21 19:29:21.128025,,,eat,138
2026-04-21 19:29:21.128870,,,eat,138
2026-04-21 19:29:21.129807,,,eat,138
2026-04-21 19:29:21.131081,,,eat,138
2026-04-21 19:29:21.132825,,,eat,138
2026-04-21 19:29:21.134721,,,eat,138
2026-04-21 19:29:21.136058,,,eat,138
2026-04-21 19:29:21.137047,,,eat,138
2026-04-21 19:29:21.137888,,,eat,138
2026-04-21 19:29:21.138712,,,eat,138
2026-04-21 19:29:21.139503,,,eat,138
2026-04-21 19:29:21.140282,,,eat,138
2026-04-21 19:29:21.141058,,,eat,138
2026-04-21 19:29:21.141830,,,eat,138
2026-04-21 19:29:21.142632,,,eat,138
2026-04-21 19:29:21.143440,,,eat,138
2026-04-21 19:29:21.144228,,,eat,138
2026-04-21 19:29:21.145162,,,eat,139
2026-04-21 19:29:21.146566,,,eat,139
2026-04-21 19:29:21.147923,,,eat,139
2026-04-21 19:29:21.149364,,,eat,139
2026-04-21 19:29:21.150547,,,eat,139
2026-04-21 19:29:21.153133,,,eat,139
2026-04-21 19:29:21.154703,,,eat,139
2026-04-21 19:29:21.156118,,,eat,139
2026-04-21 19:29:21.157427,,,eat,139
2026-04-21 19:29:21.158777,,,eat,139
2026-04-21 19:29:21.160390,,,eat,139
2026-04-21 19:29:21.162012,,,eat,139
2026-04-21 19:29:21.163212,,,eat,139
2026-04-21 19:29:21.164225,,,eat,139
2026-04-21 19:29:21.165501,,,eat,139
2026-04-21 19:29:21.166803,,,eat,139
2026-04-21 19:29:21.167925,,,eat,139
2026-04-21 19:29:21.169018,,,eat,139
2026-04-21 19:29:21.170342,,,eat,139
2026-04-21 19:29:21.171510,,,eat,139
2026-04-21 19:29:21.172542,,,eat,139
2026-04-21 19:29:21.173419,,,eat,139
2026-04-21 19:29:21.174231,,,eat,139
2026-04-21 19:29:21.175061,,,eat,139
2026-04-21 19:29:21.175861,,,eat,139
2026-04-21 19:29:21.177207,,,eat,139
2026-04-21 19:29:21.178321,,,eat,139
2026-04-21 19:29:21.179281,,,eat,139
2026-04-21 19:29:21.180109,,,eat,139
2026-04-21 19:29:21.180958,,,eat,139
2026-04-21 19:29:21.182209,,,eat,139
2026-04-21 19:29:21.183538,,,eat,139
2026-04-21 19:29:21.184632,,,eat,139
2026-04-21 19:29:21.185594,,,eat,139
2026-04-21 19:29:21.186461,,,eat,139
2026-04-21 19:29:21.187441,,,eat,139
2026-04-21 19:29:21.188703,,,eat,139
2026-04-21 19:29:21.189813,,,eat,139
2026-04-21 19:29:21.190813,,,eat,139
2026-04-21 19:29:21.191678,,,eat,139
2026-04-21 19:29:21.192510,,,eat,139
2026-04-21 19:29:21.193305,,,eat,139
2026-04-21 19:29:21.194073,,,eat,139
2026-04-21 19:29:21.194867,,,eat,139
2026-04-21 19:29:21.195643,,,eat,139
2026-04-21 19:29:21.196407,,,eat,139
2026-04-21 19:29:21.197178,,,eat,139
2026-04-21 19:29:21.198196,,,eat,139
2026-04-21 19:29:21.199298,,,eat,139
2026-04-21 19:29:21.200206,,,eat,139
2026-04-21 19:29:21.201122,,,eat,139
2026-04-21 19:29:21.202286,,,eat,139
2026-04-21 19:29:21.203376,,,eat,139
2026-04-21 19:29:21.204282,,,eat,139
2026-04-21 19:29:21.205094,,,eat,139
2026-04-21 19:29:21.205879,,,eat,139
2026-04-21 19:29:21.206726,,,eat,139
2026-04-21 19:29:21.208402,,,eat,139
2026-04-21 19:29:21.209488,,,eat,139
2026-04-21 19:29:21.210346,,,eat,139
2026-04-21 19:29:21.211477,,,eat,139
2026-04-21 19:29:21.212523,,,eat,139
2026-04-21 19:29:21.213417,,,eat,139
2026-04-21 19:29:21.214332,,,eat,139
2026-04-21 19:29:21.215547,,,eat,139
2026-04-21 19:29:21.216744,,,eat,139
2026-04-21 19:29:21.218391,,,eat,139
2026-04-21 19:29:21.219639,,,eat,139
2026-04-21 19:29:21.220666,,,eat,139
2026-04-21 19:29:21.221521,,,eat,139
2026-04-21 19:29:21.222311,,,eat,139
2026-04-21 19:29:21.223133,,,eat,139
2026-04-21 19:29:21.223926,,,eat,139
2026-04-21 19:29:21.224841,,,eat,139
2026-04-21 19:29:21.225700,,,eat,139
2026-04-21 19:29:21.226516,,,eat,139
2026-04-21 19:29:21.227693,,,eat,139
2026-04-21 19:29:21.228818,,,eat,139
2026-04-21 19:29:21.229746,,,eat,139
2026-04-21 19:29:21.230610,,,eat,139
2026-04-21 19:29:21.231837,,,eat,139
2026-04-21 19:29:21.232990,,,eat,139
2026-04-21 19:29:21.234235,,,eat,139
2026-04-21 19:29:21.235460,,,eat,139
2026-04-21 19:29:21.236598,,,eat,139
2026-04-21 19:29:21.237531,,,eat,139
2026-04-21 19:29:21.238894,,,eat,139
2026-04-21 19:29:21.240039,,,eat,139
2026-04-21 19:29:21.241077,,,eat,139
2026-04-21 19:29:21.241981,,,eat,139
2026-04-21 19:29:21.242849,,,eat,139
2026-04-21 19:29:21.243662,,,eat,139
2026-04-21 19:29:21.244455,,,eat,139
2026-04-21 19:29:21.245281,,,eat,139
2026-04-21 19:29:21.246610,,,eat,140
2026-04-21 19:29:21.247871,,,eat,140
2026-04-21 19:29:21.249310,,,eat,140
2026-04-21 19:29:21.250615,,,eat,140
2026-04-21 19:29:21.251889,,,eat,140
2026-04-21 19:29:21.253318,,,eat,140
2026-04-21 19:29:21.254638,,,eat,140
2026-04-21 19:29:21.255898,,,eat,140
2026-04-21 19:29:21.257367,,,eat,140
2026-04-21 19:29:21.258701,,,eat,140
2026-04-21 19:29:21.259868,,,eat,140
2026-04-21 19:29:21.260968,,,eat,140
2026-04-21 19:29:21.262055,,,eat,140
2026-04-21 19:29:21.263173,,,eat,140
2026-04-21 19:29:21.264636,,,eat,140
2026-04-21 19:29:21.266346,,,eat,140
2026-04-21 19:29:21.267763,,,eat,140
2026-04-21 19:29:21.269185,,,eat,140
2026-04-21 19:29:21.270413,,,eat,140
2026-04-21 19:29:21.272300,,,eat,140
2026-04-21 19:29:21.273923,,,eat,140
2026-04-21 19:29:21.275185,,,eat,140
2026-04-21 19:29:21.276310,,,eat,140
2026-04-21 19:29:21.277419,,,eat,140
2026-04-21 19:29:21.278545,,,eat,140
2026-04-21 19:29:21.279681,,,eat,140
2026-04-21 19:29:21.280818,,,eat,140
2026-04-21 19:29:21.282663,,,eat,140
2026-04-21 19:29:21.284384,,,eat,140
2026-04-21 19:29:21.285897,,,eat,140
2026-04-21 19:29:21.287293,,,eat,140
2026-04-21 19:29:21.289028,,,eat,140
2026-04-21 19:29:21.290398,,,eat,140
2026-04-21 19:29:21.291845,,,eat,140
2026-04-21 19:29:21.293082,,,eat,140
2026-04-21 19:29:21.294212,,,eat,140
2026-04-21 19:29:21.295356,,,eat,140
2026-04-21 19:29:21.296452,,,eat,140
2026-04-21 19:29:21.297652,,,eat,140
2026-04-21 19:29:23.852662,,,eat,165
2026-04-21 19:29:23.854079,,,eat,165
2026-04-21 19:29:23.855134,,,eat,165
2026-04-21 19:29:23.856029,,,eat,165
2026-04-21 19:29:23.856875,,,eat,165
2026-04-21 19:29:23.857681,,,eat,165
2026-04-21 19:29:23.858474,,,eat,165
2026-04-21 19:29:23.859280,,,eat,165
2026-04-21 19:29:23.860070,,,eat,165
2026-04-21 19:29:23.860850,,,eat,165
2026-04-21 19:29:23.861634,,,eat,165
2026-04-21 19:29:23.862413,,,eat,165
2026-04-21 19:29:23.863222,,,eat,165
2026-04-21 19:29:23.864057,,,eat,165
2026-04-21 19:29:23.865019,,,eat,166
2026-04-21 19:29:23.865877,,,eat,166
2026-04-21 19:29:23.866734,,,eat,166
2026-04-21 19:29:23.867566,,,eat,166
2026-04-21 19:29:23.868379,,,eat,166
2026-04-21 19:29:23.869179,,,eat,166
2026-04-21 19:29:23.869964,,,eat,166
2026-04-21 19:29:23.870772,,,eat,166
2026-04-21 19:29:23.871563,,,eat,166
2026-04-21 19:29:23.872350,,,eat,166
2026-04-21 19:29:23.873133,,,eat,166
2026-04-21 19:29:23.873916,,,eat,166
2026-04-21 19:29:23.874721,,,eat,166
2026-04-21 19:29:23.875541,,,eat,166
2026-04-21 19:29:23.876336,,,eat,166
2026-04-21 19:29:23.877121,,,eat,166
2026-04-21 19:29:23.877904,,,eat,166
2026-04-21 19:29:23.878706,,,eat,166
2026-04-21 19:29:23.879494,,,eat,166
2026-04-21 19:29:23.880276,,,eat,166
2026-04-21 19:29:23.881561,,,eat,166
2026-04-21 19:29:23.882723,,,eat,166
2026-04-21 19:29:23.883659,,,eat,166
2026-04-21 19:29:23.884490,,,eat,166
2026-04-21 19:29:23.885308,,,eat,166
2026-04-21 19:29:23.886331,,,eat,166
2026-04-21 19:29:23.887323,,,eat,166
2026-04-21 19:29:23.888501,,,eat,166
2026-04-21 19:29:23.889771,,,eat,166
2026-04-21 19:29:23.890855,,,eat,166
2026-04-21 19:29:23.891784,,,eat,166
2026-04-21 19:29:23.892745,,,eat,166
2026-04-21 19:29:23.893656,,,eat,166
2026-04-21 19:29:23.894504,,,eat,166
2026-04-21 19:29:23.895352,,,eat,166
2026-04-21 19:29:23.896177,,,eat,166
2026-04-21 19:29:23.897295,,,eat,166
2026-04-21 19:29:23.898260,,,eat,166
2026-04-21 19:29:23.899430,,,eat,166
2026-04-21 19:29:23.900598,,,eat,166
2026-04-21 19:29:23.901554,,,eat,166
2026-04-21 19:29:23.902396,,,eat,166
2026-04-21 19:29:23.903253,,,eat,166
2026-04-21 19:29:23.904208,,,eat,166
2026-04-21 19:29:23.905661,,,eat,166
2026-04-21 19:29:23.907131,,,eat,166
2026-04-21 19:29:23.908448,,,eat,166
2026-04-21 19:29:23.909659,,,eat,166
2026-04-21 19:29:23.910815,,,eat,166
2026-04-21 19:29:23.912466,,,eat,166
2026-04-21 19:29:23.914290,,,eat,166
2026-04-21 19:29:23.915848,,,eat,166
2026-04-21 19:29:23.917186,,,eat,166
2026-04-21 19:29:23.918646,,,eat,166
2026-04-21 19:29:23.919876,,,eat,166
2026-04-21 19:29:23.921456,,,eat,166
2026-04-21 19:29:23.922876,,,eat,166
2026-04-21 19:29:23.924044,,,eat,166
2026-04-21 19:29:23.925144,,,eat,166
2026-04-21 19:29:23.926210,,,eat,166
2026-04-21 19:29:23.927399,,,eat,166
2026-04-21 19:29:23.928601,,,eat,166
2026-04-21 19:29:23.929825,,,eat,166
2026-04-21 19:29:23.931611,,,eat,166
2026-04-21 19:29:23.933225,,,eat,166
2026-04-21 19:29:23.934723,,,eat,166
2026-04-21 19:29:23.936280,,,eat,166
2026-04-21 19:29:23.938083,,,eat,166
2026-04-21 19:29:23.939503,,,eat,166
2026-04-21 19:29:23.940761,,,eat,166
2026-04-21 19:29:23.942118,,,eat,166
2026-04-21 19:29:23.943833,,,eat,166
2026-04-21 19:29:23.945070,,,eat,166
2026-04-21 19:29:23.946162,,,eat,166
2026-04-21 19:29:23.948046,,,eat,166
2026-04-21 19:29:23.949794,,,eat,166
2026-04-21 19:29:23.951311,,,eat,166
2026-04-21 19:29:23.952599,,,eat,166
2026-04-21 19:29:23.954114,,,eat,166
2026-04-21 19:29:23.955446,,,eat,166
2026-04-21 19:29:23.956759,,,eat,166
2026-04-21 19:29:23.957988,,,eat,166
2026-04-21 19:29:23.959144,,,eat,166
2026-04-21 19:29:23.960231,,,eat,166
2026-04-21 19:29:23.961296,,,eat,166
2026-04-21 19:29:23.962344,,,eat,166
2026-04-21 19:29:23.963511,,,eat,166
2026-04-21 19:29:23.964785,,,eat,166
2026-04-21 19:29:23.966619,,,eat,167
2026-04-21 19:29:23.968155,,,eat,167
2026-04-21 19:29:23.969316,,,eat,167
2026-04-21 19:29:23.970342,,,eat,167
2026-04-21 19:29:23.971625,,,eat,167
2026-04-21 19:29:23.972850,,,eat,167
2026-04-21 19:29:23.974785,,,eat,167
2026-04-21 19:29:23.975954,,,eat,167
2026-04-21 19:29:23.976861,,,eat,167
2026-04-21 19:29:23.977678,,,eat,167
2026-04-21 19:29:23.978469,,,eat,167
2026-04-21 19:29:23.979299,,,eat,167
2026-04-21 19:29:23.980332,,,eat,167
2026-04-21 19:29:23.981514,,,eat,167
2026-04-21 19:29:23.982626,,,eat,167
2026-04-21 19:29:23.983654,,,eat,167
2026-04-21 19:29:23.984580,,,eat,167
2026-04-21 19:29:23.985489,,,eat,167
2026-04-21 19:29:23.986632,,,eat,167
2026-04-21 19:29:23.987807,,,eat,167
2026-04-21 19:29:23.988788,,,eat,167
2026-04-21 19:29:23.989640,,,eat,167
2026-04-21 19:29:23.990512,,,eat,167
2026-04-21 19:29:23.991390,,,eat,167
2026-04-21 19:29:23.992223,,,eat,167
2026-04-21 19:29:23.993030,,,eat,167
2026-04-21 19:29:23.993828,,,eat,167
2026-04-21 19:29:23.994641,,,eat,167
2026-04-21 19:29:23.995458,,,eat,167
2026-04-21 19:29:23.996287,,,eat,167
2026-04-21 19:29:23.997363,,,eat,167
2026-04-21 19:29:23.998525,,,eat,167
2026-04-21 19:29:23.999611,,,eat,167
2026-04-21 19:29:24.000610,,,eat,167
2026-04-21 19:29:24.001645,,,eat,167
2026-04-21 19:29:24.002680,,,eat,167
2026-04-21 19:29:24.003866,,,eat,167
2026-04-21 19:29:24.005435,,,eat,167
2026-04-21 19:29:24.006763,,,eat,167
2026-04-21 19:29:24.007771,,,eat,167
2026-04-21 19:29:24.008639,,,eat,167
2026-04-21 19:29:24.009460,,,eat,167
2026-04-21 19:29:24.010288,,,eat,167
2026-04-21 19:29:24.011197,,,eat,167
2026-04-21 19:29:24.012038,,,eat,167
2026-04-21 19:29:24.012850,,,eat,167
2026-04-21 19:29:24.013933,,,eat,167
2026-04-21 19:29:24.014928,,,eat,167
2026-04-21 19:29:24.016048,,,eat,167
2026-04-21 19:29:24.017216,,,eat,167
2026-04-21 19:29:24.018181,,,eat,167
2026-04-21 19:29:24.019083,,,eat,167
2026-04-21 19:29:24.019921,,,eat,167
2026-04-21 19:29:24.020722,,,eat,167
2026-04-21 19:29:24.021506,,,eat,167
2026-04-21 19:29:24.022280,,,eat,167
2026-04-21 19:29:24.023084,,,eat,167
2026-04-21 19:29:24.023868,,,eat,167
2026-04-21 19:29:24.024651,,,eat,167
2026-04-21 19:29:24.025424,,,eat,167
2026-04-21 19:29:24.026195,,,eat,167
2026-04-21 19:29:24.027,,,eat,167
2026-04-21 19:29:24.027786,,,eat,167
2026-04-21 19:29:24.028556,,,eat,167
2026-04-21 19:29:24.029327,,,eat,167
2026-04-21 19:29:24.030414,,,eat,167
2026-04-21 19:29:24.031521,,,eat,167
2026-04-21 19:29:24.032793,,,eat,167
2026-04-21 19:29:24.033986,,,eat,167
2026-04-21 19:29:24.035537,,,eat,167
2026-04-21 19:29:24.036664,,,eat,167
2026-04-21 19:29:24.037605,,,eat,167
2026-04-21 19:29:24.038428,,,eat,167
2026-04-21 19:29:24.039259,,,eat,167
2026-04-21 19:29:24.040060,,,eat,167
2026-04-21 19:29:24.040843,,,eat,167
2026-04-21 19:29:24.041622,,,eat,167
2026-04-21 19:29:24.042399,,,eat,167
2026-04-21 19:29:24.043259,,,eat,167
2026-04-21 19:29:24.044089,,,eat,167
2026-04-21 19:29:24.044891,,,eat,167
2026-04-21 19:29:24.045676,,,eat,167
2026-04-21 19:29:24.046630,,,eat,167
2026-04-21 19:29:24.047702,,,eat,167
2026-04-21 19:29:24.048705,,,eat,167
2026-04-21 19:29:24.049908,,,eat,167
2026-04-21 19:29:24.051237,,,eat,167
2026-04-21 19:29:24.052395,,,eat,167
2026-04-21 19:29:24.053323,,,eat,167
2026-04-21 19:29:24.054179,,,eat,167
2026-04-21 19:29:24.055064,,,eat,167
2026-04-21 19:29:24.055895,,,eat,167
2026-04-21 19:29:24.056701,,,eat,167
2026-04-21 19:29:24.057493,,,eat,167
2026-04-21 19:29:24.058278,,,eat,167
2026-04-21 19:29:24.059080,,,eat,167
2026-04-21 19:29:24.059865,,,eat,167
2026-04-21 19:29:24.060642,,,eat,167
2026-04-21 19:29:24.061418,,,eat,167
2026-04-21 19:29:24.062205,,,eat,167
2026-04-21 19:29:24.063371,,,eat,167
2026-04-21 19:29:24.064487,,,eat,167
2026-04-21 19:29:24.065635,,,eat,167
2026-04-21 19:29:24.067272,,,eat,167
2026-04-21 19:29:24.068971,,,eat,168
2026-04-21 19:29:24.070292,,,eat,168
2026-04-21 19:29:24.071736,,,eat,168
2026-04-21 19:29:24.073066,,,eat,168
2026-04-21 19:29:24.074201,,,eat,168
2026-04-21 19:29:24.075346,,,eat,168
2026-04-21 19:29:24.076463,,,eat,168
2026-04-21 19:29:24.077544,,,eat,168
2026-04-21 19:29:24.078610,,,eat,168
2026-04-21 19:29:24.079795,,,eat,168
2026-04-21 19:29:24.081388,,,eat,168
2026-04-21 19:29:24.082902,,,eat,168
2026-04-21 19:29:24.084057,,,eat,168
2026-04-21 19:29:24.085548,,,eat,168
2026-04-21 19:29:24.087247,,,eat,168
2026-04-21 19:29:24.088518,,,eat,168
2026-04-21 19:29:24.089631,,,eat,168
2026-04-21 19:29:24.090808,,,eat,168
2026-04-21 19:29:24.092163,,,eat,168
2026-04-21 19:29:24.093373,,,eat,168
2026-04-21 19:29:24.094531,,,eat,168
2026-04-21 19:29:24.095650,,,eat,168
2026-04-21 19:29:35.558078,,,eat,282
2026-04-21 19:29:35.559576,,,eat,282
2026-04-21 19:29:35.560637,,,eat,282
2026-04-21 19:29:35.561542,,,eat,282
2026-04-21 19:29:35.562402,,,eat,282
2026-04-21 19:29:35.563301,,,eat,282
2026-04-21 19:29:35.564152,,,eat,282
2026-04-21 19:29:35.564981,,,eat,282
2026-04-21 19:29:35.565794,,,eat,282
2026-04-21 19:29:35.566618,,,eat,282
2026-04-21 19:29:35.567449,,,eat,282
2026-04-21 19:29:35.568262,,,eat,282
2026-04-21 19:29:35.569063,,,eat,282
2026-04-21 19:29:35.569857,,,eat,282
2026-04-21 19:29:35.570697,,,eat,282
2026-04-21 19:29:35.571518,,,eat,282
2026-04-21 19:29:35.572335,,,eat,282
2026-04-21 19:29:35.573140,,,eat,282
2026-04-21 19:29:35.573934,,,eat,282
2026-04-21 19:29:35.574746,,,eat,282
2026-04-21 19:29:35.575576,,,eat,282
2026-04-21 19:29:35.576400,,,eat,282
2026-04-21 19:29:35.577215,,,eat,282
2026-04-21 19:29:35.578021,,,eat,282
2026-04-21 19:29:35.578836,,,eat,282
2026-04-21 19:29:35.579635,,,eat,282
2026-04-21 19:29:35.580428,,,eat,282
2026-04-21 19:29:35.581220,,,eat,282
2026-04-21 19:29:35.582008,,,eat,282
2026-04-21 19:29:35.582815,,,eat,282
2026-04-21 19:29:35.583616,,,eat,282
2026-04-21 19:29:35.584408,,,eat,282
2026-04-21 19:29:35.585200,,,eat,282
2026-04-21 19:29:35.586542,,,eat,282
2026-04-21 19:29:35.587732,,,eat,282
2026-04-21 19:29:35.588686,,,eat,282
2026-04-21 19:29:35.589530,,,eat,282
2026-04-21 19:29:35.590418,,,eat,282
2026-04-21 19:29:35.591475,,,eat,282
2026-04-21 19:29:35.592446,,,eat,282
2026-04-21 19:29:35.593632,,,eat,282
2026-04-21 19:29:35.594797,,,eat,282
2026-04-21 19:29:35.596392,,,eat,282
2026-04-21 19:29:35.597621,,,eat,282
2026-04-21 19:29:35.598975,,,eat,282
2026-04-21 19:29:35.600137,,,eat,282
2026-04-21 19:29:35.601082,,,eat,282
2026-04-21 19:29:35.601929,,,eat,282
2026-04-21 19:29:35.602756,,,eat,282
2026-04-21 19:29:35.603571,,,eat,282
2026-04-21 19:29:35.604365,,,eat,282
2026-04-21 19:29:35.605166,,,eat,282
2026-04-21 19:29:35.605999,,,eat,282
2026-04-21 19:29:35.606839,,,eat,282
2026-04-21 19:29:35.607708,,,eat,282
2026-04-21 19:29:35.608819,,,eat,282
2026-04-21 19:29:35.609782,,,eat,282
2026-04-21 19:29:35.610664,,,eat,282
2026-04-21 19:29:35.611499,,,eat,282
2026-04-21 19:29:35.612308,,,eat,282
2026-04-21 19:29:35.613101,,,eat,282
2026-04-21 19:29:35.613990,,,eat,282
2026-04-21 19:29:35.614854,,,eat,282
2026-04-21 19:29:35.615671,,,eat,282
2026-04-21 19:29:35.616882,,,eat,282
2026-04-21 19:29:35.618103,,,eat,282
2026-04-21 19:29:35.619105,,,eat,282
2026-04-21 19:29:35.619965,,,eat,282
2026-04-21 19:29:35.620766,,,eat,282
2026-04-21 19:29:35.621548,,,eat,282
2026-04-21 19:29:35.622328,,,eat,282
2026-04-21 19:29:35.623134,,,eat,282
2026-04-21 19:29:35.623922,,,eat,282
2026-04-21 19:29:35.624777,,,eat,282
2026-04-21 19:29:35.625894,,,eat,282
2026-04-21 19:29:35.626955,,,eat,282
2026-04-21 19:29:35.628210,,,eat,282
2026-04-21 19:29:35.629254,,,eat,282
2026-04-21 19:29:35.630132,,,eat,282
2026-04-21 19:29:35.630983,,,eat,282
2026-04-21 19:29:35.631782,,,eat,282
2026-04-21 19:29:35.632559,,,eat,282
2026-04-21 19:29:35.633321,,,eat,282
2026-04-21 19:29:35.634094,,,eat,282
2026-04-21 19:29:35.634885,,,eat,282
2026-04-21 19:29:35.635660,,,eat,282
2026-04-21 19:29:35.636431,,,eat,282
2026-04-21 19:29:35.637189,,,eat,282
2026-04-21 19:29:35.637943,,,eat,282
2026-04-21 19:29:35.638729,,,eat,282
2026-04-21 19:29:35.639502,,,eat,282
2026-04-21 19:29:35.640252,,,eat,282
2026-04-21 19:29:35.641014,,,eat,282
2026-04-21 19:29:35.642068,,,eat,282
2026-04-21 19:29:35.643047,,,eat,282
2026-04-21 19:29:35.644024,,,eat,282
2026-04-21 19:29:35.645158,,,eat,282
2026-04-21 19:29:35.646140,,,eat,282
2026-04-21 19:29:35.647498,,,eat,282
2026-04-21 19:29:35.649237,,,eat,283
2026-04-21 19:29:35.650575,,,eat,283
2026-04-21 19:29:35.651626,,,eat,283
2026-04-21 19:29:35.652520,,,eat,283
2026-04-21 19:29:35.653347,,,eat,283
2026-04-21 19:29:35.654150,,,eat,283
2026-04-21 19:29:35.654978,,,eat,283
2026-04-21 19:29:35.655776,,,eat,283
2026-04-21 19:29:35.656566,,,eat,283
2026-04-21 19:29:35.657349,,,eat,283
2026-04-21 19:29:35.658241,,,eat,283
2026-04-21 19:29:35.659505,,,eat,283
2026-04-21 19:29:35.660495,,,eat,283
2026-04-21 19:29:35.661426,,,eat,283
2026-04-21 19:29:35.662598,,,eat,283
2026-04-21 19:29:35.663946,,,eat,283
2026-04-21 19:29:35.665222,,,eat,283
2026-04-21 19:29:35.666280,,,eat,283
2026-04-21 19:29:35.667237,,,eat,283
2026-04-21 19:29:35.668148,,,eat,283
2026-04-21 19:29:35.669019,,,eat,283
2026-04-21 19:29:35.669833,,,eat,283
2026-04-21 19:29:35.670649,,,eat,283
2026-04-21 19:29:35.671457,,,eat,283
2026-04-21 19:29:35.672253,,,eat,283
2026-04-21 19:29:35.673037,,,eat,283
2026-04-21 19:29:35.673815,,,eat,283
2026-04-21 19:29:35.674676,,,eat,283
2026-04-21 19:29:35.676007,,,eat,283
2026-04-21 19:29:35.677905,,,eat,283
2026-04-21 19:29:35.679440,,,eat,283
2026-04-21 19:29:35.680509,,,eat,283
2026-04-21 19:29:35.681508,,,eat,283
2026-04-21 19:29:35.682885,,,eat,283
2026-04-21 19:29:35.684162,,,eat,283
2026-04-21 19:29:35.685172,,,eat,283
2026-04-21 19:29:35.686049,,,eat,283
2026-04-21 19:29:35.686902,,,eat,283
2026-04-21 19:29:35.687714,,,eat,283
2026-04-21 19:29:35.688509,,,eat,283
2026-04-21 19:29:35.689322,,,eat,283
2026-04-21 19:29:35.690165,,,eat,283
2026-04-21 19:29:35.691019,,,eat,283
2026-04-21 19:29:35.692173,,,eat,283
2026-04-21 19:29:35.693276,,,eat,283
2026-04-21 19:29:35.694216,,,eat,283
2026-04-21 19:29:35.695200,,,eat,283
2026-04-21 19:29:35.696373,,,eat,283
2026-04-21 19:29:35.697367,,,eat,283
2026-04-21 19:29:35.698235,,,eat,283
2026-04-21 19:29:35.699078,,,eat,283
2026-04-21 19:29:35.699877,,,eat,283
2026-04-21 19:29:35.700661,,,eat,283
2026-04-21 19:29:35.701441,,,eat,283
2026-04-21 19:29:35.702218,,,eat,283
2026-04-21 19:29:35.703028,,,eat,283
2026-04-21 19:29:35.703814,,,eat,283
2026-04-21 19:29:35.704592,,,eat,283
2026-04-21 19:29:35.705370,,,eat,283
2026-04-21 19:29:35.706146,,,eat,283
2026-04-21 19:29:35.706953,,,eat,283
2026-04-21 19:29:35.708178,,,eat,283
2026-04-21 19:29:35.709498,,,eat,283
2026-04-21 19:29:35.710634,,,eat,283
2026-04-21 19:29:35.712035,,,eat,283
2026-04-21 19:29:35.713145,,,eat,283
2026-04-21 19:29:35.714111,,,eat,283
2026-04-21 19:29:35.714991,,,eat,283
2026-04-21 19:29:35.715811,,,eat,283
2026-04-21 19:29:35.716601,,,eat,283
2026-04-21 19:29:35.717381,,,eat,283
2026-04-21 19:29:35.718154,,,eat,283
2026-04-21 19:29:35.718961,,,eat,283
2026-04-21 19:29:35.719746,,,eat,283
2026-04-21 19:29:35.720521,,,eat,283
2026-04-21 19:29:35.721289,,,eat,283
2026-04-21 19:29:35.722059,,,eat,283
2026-04-21 19:29:35.722854,,,eat,283
2026-04-21 19:29:35.723629,,,eat,283
2026-04-21 19:29:35.724415,,,eat,283
2026-04-21 19:29:35.725509,,,eat,283
2026-04-21 19:29:35.726463,,,eat,283
2026-04-21 19:29:35.727675,,,eat,283
2026-04-21 19:29:35.728771,,,eat,283
2026-04-21 19:29:35.729941,,,eat,283
2026-04-21 19:29:35.731008,,,eat,283
2026-04-21 19:29:35.731957,,,eat,283
2026-04-21 19:29:35.732818,,,eat,283
2026-04-21 19:29:35.733661,,,eat,283
2026-04-21 19:29:35.734480,,,eat,283
2026-04-21 19:29:35.735310,,,eat,283
2026-04-21 19:29:35.736107,,,eat,283
2026-04-21 19:29:35.736898,,,eat,283
2026-04-21 19:29:35.737681,,,eat,283
2026-04-21 19:29:35.738995,,,eat,283
2026-04-21 19:29:35.740096,,,eat,283
2026-04-21 19:29:35.741011,,,eat,283
2026-04-21 19:29:35.742161,,,eat,283
2026-04-21 19:29:35.743242,,,eat,283
2026-04-21 19:29:35.744265,,,eat,283
2026-04-21 19:29:35.745474,,,eat,283
2026-04-21 19:29:35.746543,,,eat,283
2026-04-21 19:29:35.747612,,,eat,283
2026-04-21 19:29:35.748855,,,eat,284
2026-04-21 19:29:35.750061,,,eat,284
2026-04-21 19:29:35.751455,,,eat,284
2026-04-21 19:29:35.752708,,,eat,284
2026-04-21 19:29:35.753843,,,eat,284
2026-04-21 19:29:35.754985,,,eat,284
2026-04-21 19:29:35.756125,,,eat,284
2026-04-21 19:29:35.757236,,,eat,284
2026-04-21 19:29:35.758558,,,eat,284
2026-04-21 19:29:35.760149,,,eat,284
2026-04-21 19:29:35.761447,,,eat,284
2026-04-21 19:29:35.762823,,,eat,284
2026-04-21 19:29:35.764304,,,eat,284
2026-04-21 19:29:35.765717,,,eat,284
2026-04-21 19:29:35.766961,,,eat,284
2026-04-21 19:29:35.768112,,,eat,284
2026-04-21 19:29:35.769556,,,eat,284
2026-04-21 19:29:35.770838,,,eat,284
2026-04-21 19:29:35.772004,,,eat,284
2026-04-21 19:29:35.773158,,,eat,284
2026-04-21 19:29:35.774255,,,eat,284
2026-04-21 19:29:35.775878,,,eat,284
2026-04-21 19:29:35.777588,,,eat,284
2026-04-21 19:29:35.779271,,,eat,284
2026-04-21 19:29:35.780660,,,eat,284
2026-04-21 19:29:35.782177,,,eat,284
2026-04-21 19:29:35.783714,,,eat,284
2026-04-21 19:29:35.785077,,,eat,284
2026-04-21 19:29:35.786227,,,eat,284
2026-04-21 19:29:35.787359,,,eat,284
2026-04-21 19:29:35.788460,,,eat,284
2026-04-21 19:29:35.789536,,,eat,284
2026-04-21 19:29:35.790613,,,eat,284
2026-04-21 19:29:35.792014,,,eat,284
2026-04-21 19:29:35.793824,,,eat,284
2026-04-21 19:29:35.795497,,,eat,284
2026-04-21 19:29:35.796898,,,eat,284
2026-04-21 19:29:35.798081,,,eat,284
2026-04-21 19:29:35.799741,,,eat,284
2026-04-21 19:29:35.801406,,,eat,284
2026-04-21 19:29:36.906671,,,eat,295
2026-04-21 19:29:36.908098,,,eat,295
2026-04-21 19:29:36.909132,,,eat,295
2026-04-21 19:29:36.910024,,,eat,295
2026-04-21 19:29:36.910890,,,eat,295
2026-04-21 19:29:36.911722,,,eat,295
2026-04-21 19:29:36.912538,,,eat,295
2026-04-21 19:29:36.913341,,,eat,295
2026-04-21 19:29:36.914136,,,eat,295
2026-04-21 19:29:36.914958,,,eat,295
2026-04-21 19:29:36.915765,,,eat,295
2026-04-21 19:29:36.916563,,,eat,295
2026-04-21 19:29:36.917349,,,eat,295
2026-04-21 19:29:36.918129,,,eat,295
2026-04-21 19:29:36.918984,,,eat,295
2026-04-21 19:29:36.919819,,,eat,295
2026-04-21 19:29:36.920610,,,eat,295
2026-04-21 19:29:36.921391,,,eat,295
2026-04-21 19:29:36.922166,,,eat,295
2026-04-21 19:29:36.922968,,,eat,295
2026-04-21 19:29:36.923751,,,eat,295
2026-04-21 19:29:36.924537,,,eat,295
2026-04-21 19:29:36.925318,,,eat,295
2026-04-21 19:29:36.926092,,,eat,295
2026-04-21 19:29:36.926889,,,eat,295
2026-04-21 19:29:36.927706,,,eat,295
2026-04-21 19:29:36.928524,,,eat,295
2026-04-21 19:29:36.929324,,,eat,295
2026-04-21 19:29:36.930116,,,eat,295
2026-04-21 19:29:36.930961,,,eat,295
2026-04-21 19:29:36.931766,,,eat,295
2026-04-21 19:29:36.932559,,,eat,295
2026-04-21 19:29:36.933345,,,eat,295
2026-04-21 19:29:36.934734,,,eat,295
2026-04-21 19:29:36.935877,,,eat,295
2026-04-21 19:29:36.936791,,,eat,295
2026-04-21 19:29:36.937662,,,eat,295
2026-04-21 19:29:36.938652,,,eat,295
2026-04-21 19:29:36.939696,,,eat,295
2026-04-21 19:29:36.940787,,,eat,295
2026-04-21 19:29:36.942043,,,eat,295
2026-04-21 19:29:36.943587,,,eat,295
2026-04-21 19:29:36.945365,,,eat,295
2026-04-21 19:29:36.946926,,,eat,295
2026-04-21 19:29:36.948226,,,eat,295
2026-04-21 19:29:36.949224,,,eat,295
2026-04-21 19:29:36.950101,,,eat,295
2026-04-21 19:29:36.950960,,,eat,295
2026-04-21 19:29:36.951782,,,eat,295
2026-04-21 19:29:36.952581,,,eat,295
2026-04-21 19:29:36.953368,,,eat,295
2026-04-21 19:29:36.954152,,,eat,295
2026-04-21 19:29:36.954964,,,eat,295
2026-04-21 19:29:36.955946,,,eat,295
2026-04-21 19:29:36.957395,,,eat,296
2026-04-21 19:29:36.958715,,,eat,296
2026-04-21 19:29:36.959785,,,eat,296
2026-04-21 19:29:36.960685,,,eat,296
2026-04-21 19:29:36.961614,,,eat,296
2026-04-21 19:29:36.962471,,,eat,296
2026-04-21 19:29:36.963319,,,eat,296
2026-04-21 19:29:36.964132,,,eat,296
2026-04-21 19:29:36.965457,,,eat,296
2026-04-21 19:29:36.966584,,,eat,296
2026-04-21 19:29:36.967552,,,eat,296
2026-04-21 19:29:36.968485,,,eat,296
2026-04-21 19:29:36.969354,,,eat,296
2026-04-21 19:29:36.970191,,,eat,296
2026-04-21 19:29:36.971040,,,eat,296
2026-04-21 19:29:36.971881,,,eat,296
2026-04-21 19:29:36.972694,,,eat,296
2026-04-21 19:29:36.973495,,,eat,296
2026-04-21 19:29:36.974575,,,eat,296
2026-04-21 19:29:36.975881,,,eat,296
2026-04-21 19:29:36.976896,,,eat,296
2026-04-21 19:29:36.978100,,,eat,296
2026-04-21 19:29:36.979564,,,eat,296
2026-04-21 19:29:36.980612,,,eat,296
2026-04-21 19:29:36.981475,,,eat,296
2026-04-21 19:29:36.982282,,,eat,296
2026-04-21 19:29:36.983104,,,eat,296
2026-04-21 19:29:36.983892,,,eat,296
2026-04-21 19:29:36.984670,,,eat,296
2026-04-21 19:29:36.985443,,,eat,296
2026-04-21 19:29:36.986214,,,eat,296
2026-04-21 19:29:36.987028,,,eat,296
2026-04-21 19:29:36.987889,,,eat,296
2026-04-21 19:29:36.988727,,,eat,296
2026-04-21 19:29:36.989537,,,eat,296
2026-04-21 19:29:36.990328,,,eat,296
2026-04-21 19:29:36.991587,,,eat,296
2026-04-21 19:29:36.992876,,,eat,296
2026-04-21 19:29:36.993949,,,eat,296
2026-04-21 19:29:36.994972,,,eat,296
2026-04-21 19:29:36.996499,,,eat,296
2026-04-21 19:29:36.998211,,,eat,296
2026-04-21 19:29:36.999439,,,eat,296
2026-04-21 19:29:37.000386,,,eat,296
2026-04-21 19:29:37.001215,,,eat,296
2026-04-21 19:29:37.002013,,,eat,296
2026-04-21 19:29:37.002828,,,eat,296
2026-04-21 19:29:37.003625,,,eat,296
2026-04-21 19:29:37.004404,,,eat,296
2026-04-21 19:29:37.005179,,,eat,296
2026-04-21 19:29:37.005953,,,eat,296
2026-04-21 19:29:37.006747,,,eat,296
2026-04-21 19:29:37.007714,,,eat,296
2026-04-21 19:29:37.009025,,,eat,296
2026-04-21 19:29:37.010094,,,eat,296
2026-04-21 19:29:37.011401,,,eat,296
2026-04-21 19:29:37.012622,,,eat,296
2026-04-21 19:29:37.013626,,,eat,296
2026-04-21 19:29:37.014475,,,eat,296
2026-04-21 19:29:37.015291,,,eat,296
2026-04-21 19:29:37.016064,,,eat,296
2026-04-21 19:29:37.016816,,,eat,296
2026-04-21 19:29:37.017569,,,eat,296
2026-04-21 19:29:37.018346,,,eat,296
2026-04-21 19:29:37.019159,,,eat,296
2026-04-21 19:29:37.019940,,,eat,296
2026-04-21 19:29:37.020704,,,eat,296
2026-04-21 19:29:37.021480,,,eat,296
2026-04-21 19:29:37.022253,,,eat,296
2026-04-21 19:29:37.023059,,,eat,296
2026-04-21 19:29:37.023841,,,eat,296
2026-04-21 19:29:37.024922,,,eat,296
2026-04-21 19:29:37.025907,,,eat,296
2026-04-21 19:29:37.028003,,,eat,296
2026-04-21 19:29:37.029308,,,eat,296
2026-04-21 19:29:37.030296,,,eat,296
2026-04-21 19:29:37.031202,,,eat,296
2026-04-21 19:29:37.032040,,,eat,296
2026-04-21 19:29:37.032846,,,eat,296
2026-04-21 19:29:37.033643,,,eat,296
2026-04-21 19:29:37.034428,,,eat,296
2026-04-21 19:29:37.035251,,,eat,296
2026-04-21 19:29:37.036043,,,eat,296
2026-04-21 19:29:37.036827,,,eat,296
2026-04-21 19:29:37.037634,,,eat,296
2026-04-21 19:29:37.038450,,,eat,296
2026-04-21 19:29:37.039283,,,eat,296
2026-04-21 19:29:37.040082,,,eat,296
2026-04-21 19:29:37.041062,,,eat,296
2026-04-21 19:29:37.042142,,,eat,296
2026-04-21 19:29:37.043244,,,eat,296
2026-04-21 19:29:37.044565,,,eat,296
2026-04-21 19:29:37.045597,,,eat,296
2026-04-21 19:29:37.046479,,,eat,296
2026-04-21 19:29:37.047331,,,eat,296
2026-04-21 19:29:37.048141,,,eat,296
2026-04-21 19:29:37.048978,,,eat,296
2026-04-21 19:29:37.049804,,,eat,296
2026-04-21 19:29:37.050627,,,eat,296
2026-04-21 19:29:37.051436,,,eat,296
2026-04-21 19:29:37.052236,,,eat,296
2026-04-21 19:29:37.053025,,,eat,296
2026-04-21 19:29:37.053807,,,eat,296
2026-04-21 19:29:37.054609,,,eat,296
2026-04-21 19:29:37.055413,,,eat,296
2026-04-21 19:29:37.056200,,,eat,296
2026-04-21 19:29:37.057483,,,eat,296
2026-04-21 19:29:37.059359,,,eat,297
2026-04-21 19:29:37.060684,,,eat,297
2026-04-21 19:29:37.062356,,,eat,297
2026-04-21 19:29:37.063681,,,eat,297
2026-04-21 19:29:37.064741,,,eat,297
2026-04-21 19:29:37.065615,,,eat,297
2026-04-21 19:29:37.066437,,,eat,297
2026-04-21 19:29:37.067314,,,eat,297
2026-04-21 19:29:37.068130,,,eat,297
2026-04-21 19:29:37.068967,,,eat,297
2026-04-21 19:29:37.069792,,,eat,297
2026-04-21 19:29:37.070613,,,eat,297
2026-04-21 19:29:37.071416,,,eat,297
2026-04-21 19:29:37.072208,,,eat,297
2026-04-21 19:29:37.072996,,,eat,297
2026-04-21 19:29:37.073775,,,eat,297
2026-04-21 19:29:37.075114,,,eat,297
2026-04-21 19:29:37.076225,,,eat,297
2026-04-21 19:29:37.077240,,,eat,297
2026-04-21 19:29:37.078618,,,eat,297
2026-04-21 19:29:37.079916,,,eat,297
2026-04-21 19:29:37.080900,,,eat,297
2026-04-21 19:29:37.081750,,,eat,297
2026-04-21 19:29:37.082567,,,eat,297
2026-04-21 19:29:37.083377,,,eat,297
2026-04-21 19:29:37.084168,,,eat,297
2026-04-21 19:29:37.084950,,,eat,297
2026-04-21 19:29:37.085730,,,eat,297
2026-04-21 19:29:37.086508,,,eat,297
2026-04-21 19:29:37.087888,,,eat,297
2026-04-21 19:29:37.089039,,,eat,297
2026-04-21 19:29:37.089974,,,eat,297
2026-04-21 19:29:37.091088,,,eat,297
2026-04-21 19:29:37.092507,,,eat,297
2026-04-21 19:29:37.093657,,,eat,297
2026-04-21 19:29:37.094670,,,eat,297
2026-04-21 19:29:37.095641,,,eat,297
2026-04-21 19:29:37.096629,,,eat,297
2026-04-21 19:29:37.097931,,,eat,297
2026-04-21 19:29:37.099009,,,eat,297
2026-04-21 19:29:37.099911,,,eat,297
2026-04-21 19:29:37.100731,,,eat,297
2026-04-21 19:29:37.101523,,,eat,297
2026-04-21 19:29:37.102288,,,eat,297
2026-04-21 19:29:37.103101,,,eat,297
2026-04-21 19:29:37.103872,,,eat,297
2026-04-21 19:29:37.104625,,,eat,297
2026-04-21 19:29:37.105370,,,eat,297
2026-04-21 19:29:37.106113,,,eat,297
2026-04-21 19:29:37.106933,,,eat,297
2026-04-21 19:29:37.108127,,,eat,297
2026-04-21 19:29:37.109267,,,eat,297
2026-04-21 19:29:37.110290,,,eat,297
2026-04-21 19:29:37.111614,,,eat,297
2026-04-21 19:29:37.112788,,,eat,297
2026-04-21 19:29:37.113741,,,eat,297
2026-04-21 19:29:37.114613,,,eat,297
2026-04-21 19:29:37.115449,,,eat,297
2026-04-21 19:29:37.116251,,,eat,297
2026-04-21 19:29:37.117038,,,eat,297
2026-04-21 19:29:37.118325,,,eat,297
2026-04-21 19:29:37.119452,,,eat,297
2026-04-21 19:29:37.120364,,,eat,297
2026-04-21 19:29:37.121175,,,eat,297
2026-04-21 19:29:37.121962,,,eat,297
2026-04-21 19:29:37.122764,,,eat,297
2026-04-21 19:29:37.123550,,,eat,297
2026-04-21 19:29:37.124592,,,eat,297
2026-04-21 19:29:37.125589,,,eat,297
2026-04-21 19:29:37.126818,,,eat,297
2026-04-21 19:29:37.127997,,,eat,297
2026-04-21 19:29:37.128969,,,eat,297
2026-04-21 19:29:37.129886,,,eat,297
2026-04-21 19:29:37.130762,,,eat,297
2026-04-21 19:29:37.131590,,,eat,297
2026-04-21 19:29:37.132390,,,eat,297
2026-04-21 19:29:37.133175,,,eat,297
2026-04-21 19:29:37.133950,,,eat,297
2026-04-21 19:29:37.134746,,,eat,297
2026-04-21 19:29:37.135540,,,eat,297
2026-04-21 19:29:37.136323,,,eat,297
2026-04-21 19:29:37.137099,,,eat,297
2026-04-21 19:29:37.137894,,,eat,297
2026-04-21 19:29:37.138723,,,eat,297
2026-04-21 19:29:37.139535,,,eat,297
2026-04-21 19:29:37.140326,,,eat,297
2026-04-21 19:29:37.141439,,,eat,297
2026-04-21 19:29:37.142441,,,eat,297
2026-04-21 19:29:37.143720,,,eat,297
2026-04-21 19:29:37.144900,,,eat,297
2026-04-21 19:29:37.145851,,,eat,297
2026-04-21 19:29:37.146722,,,eat,297
2026-04-21 19:29:37.147541,,,eat,297
2026-04-21 19:29:37.148823,,,eat,297
2026-04-21 19:29:37.149956,,,eat,297
2026-04-21 19:32:11.131575,,,initialize,117
2026-04-21 19:32:20.744240,,,block_start,0
2026-04-21 19:32:22.115226,,,start,13
2026-04-21 19:32:30.090314,,,eat,93
2026-04-21 19:32:33.677658,,,eat,128
2026-04-21 19:32:35.487722,,,eat,146
2026-04-21 19:32:36.836278,,,eat,160
2026-04-21 19:32:41.240119,,,eat,203
2026-04-21 19:32:44.236064,,,eat,233
2026-04-21 19:32:57.369733,,,drink,364
2026-04-21 19:32:58.487342,,,start,375
2026-04-21 19:33:00.018507,,,drink,390
2026-04-21 19:33:00.841614,,,start,398
2026-04-21 19:40:27.863579,,,initialize,124
2026-04-21 19:40:33.468474,,,block_start,0
2026-04-21 19:40:37.157211,,,start,36
2026-04-21 19:40:44.580346,,,eat,110
2026-04-21 19:40:49.816542,,,eat,162
2026-04-21 19:40:53.960725,,,eat,203
2026-04-21 19:40:55.704199,,,eat,220
2026-04-21 19:41:01.516558,,,start,278
2026-04-22 13:07:52.298728,,,initialize,0
2026-04-22 13:09:37.573616,,,initialize,0
2026-04-22 13:23:00.586559,,,initialize,0
2026-04-22 13:30:52.849930,,,initialize,0
2026-04-22 13:31:50.688259,,,initialize,0
2026-04-22 13:34:57.745932,,,initialize,0
2026-04-22 13:48:07.322248,,,initialize,0
2026-04-22 14:10:18.920196,,,block_start,0
2026-04-22 14:10:24.098542,,,start,0
2026-04-22 14:10:26.127587,,,exit,0
2026-04-22 14:10:27.212356,,,block_end,0
2026-04-22 14:10:27.242327,,,imaging_stop,0
2026-04-22 14:13:00.604507,,,initialize,0
2026-04-22 14:18:00.394941,,,block_start,0
2026-04-22 14:18:03.641753,,,start,0
2026-04-22 14:18:33.051854,,,exit,0
2026-04-22 14:18:37.640419,,,block_end,0
2026-04-22 14:18:37.670535,,,imaging_stop,0
2026-04-22 14:18:43.164976,,,block_start,0
2026-04-22 14:18:45.533818,,,start,0
2026-04-22 14:18:45.535703,,,start,0
2026-04-22 14:30:51.987845,,,initialize,0
2026-04-22 16:21:58.996651,,,initialize,0
2026-04-22 16:32:29.752638,,,initialize,0
2026-04-22 17:39:24.742787,,,initialize,0
2026-04-22 18:00:17.151025,,,initialize,0
2026-04-23 10:37:55.465411,,,initialize,0
2026-04-23 10:38:47.765651,,,initialize,0
2026-04-23 10:39:40.358182,,,initialize,0
2026-04-23 10:43:09.404113,,,initialize,0
2026-04-23 10:45:40.798476,,,block_start,0
2026-04-23 10:45:42.758537,,,start,0
2026-04-23 10:45:42.760197,,,start,0
2026-04-23 10:45:48.765694,,,drink,0
2026-04-23 10:45:51.564773,,,start,0
2026-04-23 10:45:57.204251,,,eat,0
2026-04-23 10:46:02.468711,,,start,0
2026-04-23 10:46:07.521875,,,drink,0
2026-04-23 10:46:10.527409,,,start,0
2026-04-23 10:47:17.509245,,,eat,0
2026-04-23 10:47:31.556630,,,start,0
2026-04-23 10:47:44.165009,,,exit,0
2026-04-23 10:47:45.752844,,,block_end,0
2026-04-23 10:47:45.783100,,,imaging_stop,0
2026-04-23 10:51:03.155992,,,block_start,0
2026-04-23 10:51:05.170816,,,start,0
2026-04-23 10:51:05.174159,,,start,0
2026-04-23 10:51:09.319020,,,drink,0
2026-04-23 10:51:11.180254,,,start,0
2026-04-23 10:51:13.789240,,,exit,0
2026-04-23 10:51:19.380383,,,block_end,0
2026-04-23 10:51:19.410595,,,imaging_stop,0
2026-04-23 10:51:37.929444,,,block_start,0
2026-04-23 10:51:49.394236,,,start,0
2026-04-23 10:51:51.855585,,,exit,0
2026-04-23 10:51:54.441875,,,block_end,0
2026-04-23 10:51:54.471885,,,imaging_stop,0
2026-04-23 10:53:39.653532,,,block_start,0
2026-04-23 10:59:46.029303,,,start,0
2026-04-23 10:59:46.031441,,,start,0
2026-04-23 11:00:09.659964,,,exit,0
2026-04-23 11:00:12.752313,,,block_end,0
2026-04-23 11:00:12.782600,,,imaging_stop,0
2026-04-23 11:00:19.768441,,,block_start,0
2026-04-23 11:00:21.272319,,,start,0
2026-04-23 11:00:25.485822,,,exit,0
2026-04-23 11:00:28.577829,,,block_end,0
2026-04-23 11:00:28.608013,,,imaging_stop,0
2026-04-23 11:00:35.091792,,,block_start,0
2026-04-23 11:00:36.823889,,,start,0
2026-04-23 11:00:42.133168,,,exit,0
2026-04-23 11:00:45.229753,,,block_end,0
2026-04-23 11:00:45.260059,,,imaging_stop,0
2026-04-23 11:00:51.745502,,,block_start,0
2026-04-23 11:00:53.840968,,,start,0
2026-04-23 11:00:53.843188,,,start,0
2026-04-23 11:00:57.897057,,,exit,0
2026-04-23 11:00:57.980419,,,block_end,0
2026-04-23 11:00:58.010365,,,imaging_stop,0
2026-04-23 11:08:28.385715,,,block_start,0
2026-04-23 11:08:35.441143,,,start,0
2026-04-23 11:08:35.443112,,,start,0
2026-04-23 11:09:17.795992,,,exit,0
2026-04-23 11:09:19.382421,,,block_end,0
2026-04-23 11:09:19.412848,,,imaging_stop,0
2026-04-23 11:09:25.897118,,,block_start,0
2026-04-23 11:09:28.012668,,,start,0
2026-04-23 11:09:36.479825,,,exit,0
2026-04-23 11:09:38.069786,,,block_end,0
2026-04-23 11:09:38.099882,,,imaging_stop,0
2026-04-23 11:09:54.110451,,,block_start,0
2026-04-23 11:09:56.095448,,,start,0
2026-04-23 11:09:56.097181,,,start,0
2026-04-23 12:53:35.812972,,,initialize,0
2026-04-23 12:54:21.503699,,,block_start,0
2026-04-23 12:54:26.797546,,,start,0
2026-04-23 12:54:26.799560,,,start,0
2026-04-23 12:54:32.716836,,,drink,0
2026-04-23 12:54:32.718547,,,start,0
2026-04-23 12:54:32.719866,,,drink,0
2026-04-23 12:54:32.720879,,,start,0
2026-04-23 12:54:32.721885,,,drink,0
2026-04-23 12:54:32.722967,,,start,0
2026-04-23 12:54:32.728251,,,drink,0
2026-04-23 12:54:32.729178,,,start,0
2026-04-23 12:54:32.730889,,,drink,0
2026-04-23 12:54:32.731739,,,start,0
2026-04-23 12:54:32.732849,,,drink,0
2026-04-23 12:54:32.733655,,,start,0
2026-04-23 12:54:32.738624,,,drink,0
2026-04-23 12:54:32.739498,,,start,0
2026-04-23 12:54:32.740866,,,drink,0
2026-04-23 12:54:32.741656,,,start,0
2026-04-23 12:54:32.742846,,,drink,0
2026-04-23 12:54:32.743656,,,start,0
2026-04-23 12:54:32.744841,,,drink,0
2026-04-23 12:54:32.745642,,,start,0
2026-04-23 12:54:32.746874,,,drink,0
2026-04-23 12:54:32.747702,,,start,0
2026-04-23 12:54:32.748875,,,drink,0
2026-04-23 12:54:32.749648,,,start,0
2026-04-23 12:54:32.750876,,,drink,0
2026-04-23 12:54:32.751656,,,start,0
2026-04-23 12:54:32.752875,,,drink,0
2026-04-23 12:54:32.753645,,,start,0
2026-04-23 12:54:32.754875,,,drink,0
2026-04-23 12:54:32.755650,,,start,0
2026-04-23 12:54:32.756875,,,drink,0
2026-04-23 12:54:32.757633,,,start,0
2026-04-23 12:54:32.758874,,,drink,0
2026-04-23 12:54:32.759645,,,start,0
2026-04-23 12:54:32.760856,,,drink,0
2026-04-23 12:54:32.761614,,,start,0
2026-04-23 12:54:32.762876,,,drink,0
2026-04-23 12:54:32.763646,,,start,0
2026-04-23 12:54:32.764876,,,drink,0
2026-04-23 12:54:32.765628,,,start,0
2026-04-23 12:54:32.766864,,,drink,0
2026-04-23 12:54:32.767631,,,start,0
2026-04-23 12:54:32.768846,,,drink,0
2026-04-23 12:54:32.769622,,,start,0
2026-04-23 12:54:32.770847,,,drink,0
2026-04-23 12:54:32.771679,,,start,0
2026-04-23 12:54:32.772876,,,drink,0
2026-04-23 12:54:32.773659,,,start,0
2026-04-23 12:54:32.774875,,,drink,0
2026-04-23 12:54:32.775658,,,start,0
2026-04-23 12:54:32.776858,,,drink,0
2026-04-23 12:54:32.777616,,,start,0
2026-04-23 12:54:32.778877,,,drink,0
2026-04-23 12:54:32.779649,,,start,0
2026-04-23 12:54:32.780882,,,drink,0
2026-04-23 12:54:32.781643,,,start,0
2026-04-23 12:54:32.782877,,,drink,0
2026-04-23 12:54:32.783657,,,start,0
2026-04-23 12:54:32.784876,,,drink,0
2026-04-23 12:54:32.785631,,,start,0
2026-04-23 12:54:32.786877,,,drink,0
2026-04-23 12:54:32.787650,,,start,0
2026-04-23 12:54:32.788878,,,drink,0
2026-04-23 12:54:32.789628,,,start,0
2026-04-23 12:54:32.790876,,,drink,0
2026-04-23 12:54:32.791642,,,start,0
2026-04-23 12:54:32.792841,,,drink,0
2026-04-23 12:54:32.793609,,,start,0
2026-04-23 12:54:32.794848,,,drink,0
2026-04-23 12:54:32.795723,,,start,0
2026-04-23 12:54:32.796852,,,drink,0
2026-04-23 12:54:32.797653,,,start,0
2026-04-23 12:54:32.798877,,,drink,0
2026-04-23 12:54:32.799663,,,start,0
2026-04-23 12:54:32.800875,,,drink,0
2026-04-23 12:54:32.801629,,,start,0
2026-04-23 12:54:32.802876,,,drink,0
2026-04-23 12:54:32.803649,,,start,0
2026-04-23 12:54:32.804875,,,drink,0
2026-04-23 12:54:32.805638,,,start,0
2026-04-23 12:54:32.806876,,,drink,0
2026-04-23 12:54:32.807649,,,start,0
2026-04-23 12:54:32.808837,,,drink,0
2026-04-23 12:54:32.809586,,,start,0
2026-04-23 12:54:32.810875,,,drink,0
2026-04-23 12:54:32.811647,,,start,0
2026-04-23 12:54:32.812879,,,drink,0
2026-04-23 12:54:32.813638,,,start,0
2026-04-23 12:54:32.814878,,,drink,0
2026-04-23 12:54:32.815640,,,start,0
2026-04-23 12:54:32.816845,,,drink,0
2026-04-23 12:54:32.817634,,,start,0
2026-04-23 12:54:32.818846,,,drink,0
2026-04-23 12:54:32.819617,,,start,0
2026-04-23 12:54:32.820847,,,drink,0
2026-04-23 12:54:32.821589,,,start,0
2026-04-23 12:54:32.822846,,,drink,0
2026-04-23 12:54:32.823606,,,start,0
2026-04-23 12:54:32.824840,,,drink,0
2026-04-23 12:54:32.825583,,,start,0
2026-04-23 12:54:32.826877,,,drink,0
2026-04-23 12:54:32.827635,,,start,0
2026-04-23 12:54:32.828877,,,drink,0
2026-04-23 12:54:32.829616,,,start,0
2026-04-23 12:54:32.830882,,,drink,0
2026-04-23 12:54:32.831639,,,start,0
2026-04-23 12:54:32.832877,,,drink,0
2026-04-23 12:54:32.833616,,,start,0
2026-04-23 12:54:32.834878,,,drink,0
2026-04-23 12:54:32.835630,,,start,0
2026-04-23 12:54:32.836877,,,drink,0
2026-04-23 12:54:32.837602,,,start,0
2026-04-23 12:54:32.838876,,,drink,0
2026-04-23 12:54:32.839621,,,start,0
2026-04-23 12:54:32.840839,,,drink,0
2026-04-23 12:54:32.841569,,,start,0
2026-04-23 12:54:32.842846,,,drink,0
2026-04-23 12:54:32.843601,,,start,0
2026-04-23 12:54:32.844846,,,drink,0
2026-04-23 12:54:32.845576,,,start,0
2026-04-23 12:54:32.846846,,,drink,0
2026-04-23 12:54:32.847630,,,start,0
2026-04-23 12:54:32.848879,,,drink,0
2026-04-23 12:54:32.849612,,,start,0
2026-04-23 12:54:32.850877,,,drink,0
2026-04-23 12:54:32.851634,,,start,0
2026-04-23 12:54:32.852877,,,drink,0
2026-04-23 12:54:32.853601,,,start,0
2026-04-23 12:54:32.854877,,,drink,0
2026-04-23 12:54:32.855627,,,start,0
2026-04-23 12:54:32.856841,,,drink,0
2026-04-23 12:54:32.857566,,,start,0
2026-04-23 12:54:32.858877,,,drink,0
2026-04-23 12:54:32.859620,,,start,0
2026-04-23 12:54:32.860878,,,drink,0
2026-04-23 12:54:32.861604,,,start,0
2026-04-23 12:54:32.862879,,,drink,0
2026-04-23 12:54:32.863623,,,start,0
2026-04-23 12:54:32.864877,,,drink,0
2026-04-23 12:54:32.865600,,,start,0
2026-04-23 12:54:32.866877,,,drink,0
2026-04-23 12:54:32.867616,,,start,0
2026-04-23 12:54:32.868847,,,drink,0
2026-04-23 12:54:32.869570,,,start,0
2026-04-23 12:54:32.870847,,,drink,0
2026-04-23 12:54:32.871595,,,start,0
2026-04-23 12:54:32.872840,,,drink,0
2026-04-23 12:54:32.873568,,,start,0
2026-04-23 12:54:32.874879,,,drink,0
2026-04-23 12:54:32.875639,,,start,0
2026-04-23 12:54:32.876879,,,drink,0
2026-04-23 12:54:32.877606,,,start,0
2026-04-23 12:54:32.878879,,,drink,0
2026-04-23 12:54:32.879627,,,start,0
2026-04-23 12:54:32.880882,,,drink,0
2026-04-23 12:54:32.881606,,,start,0
2026-04-23 12:54:32.882878,,,drink,0
2026-04-23 12:54:32.883623,,,start,0
2026-04-23 12:54:50.310458,,,drink,0
2026-04-23 12:54:52.412206,,,start,0
2026-04-23 12:54:56.373686,,,eat,0
2026-04-23 12:54:59.929231,,,start,0
2026-04-23 12:55:04.107295,,,exit,0
2026-04-23 12:55:06.201729,,,block_end,0
2026-04-23 12:55:06.231788,,,imaging_stop,0
2026-04-23 12:55:43.780924,,,block_start,0
2026-04-23 12:55:45.963312,,,start,0
2026-04-23 12:55:57.659722,,,exit,0
2026-04-23 12:55:59.254282,,,block_end,0
2026-04-23 12:55:59.284287,,,imaging_stop,0
2026-04-23 15:37:44.517830,,,initialize,0
2026-04-24 13:08:39.740165,,,initialize,0
2026-04-24 13:09:38.454949,,,block_start,0
2026-04-24 13:09:41.897942,,,start,0
2026-04-24 13:10:07.951148,,,drink,0
2026-04-24 13:10:09.798110,,,start,0
2026-04-24 13:10:19.517526,,,eat,0
2026-04-24 13:10:22.082109,,,start,0
2026-04-24 13:10:56.740203,,,eat,0
2026-04-24 13:11:29.306422,,,start,0
2026-04-24 13:11:38.987777,,,exit,0
2026-04-24 13:11:40.579297,,,block_end,0
2026-04-24 13:11:40.609452,,,imaging_stop,0
2026-04-24 13:45:59.247821,,,initialize,0
2026-04-24 14:03:25.511144,,,block_start,0
2026-04-24 14:03:28.104288,,,start,0
2026-04-24 14:03:34.571312,,,exit,0
2026-04-24 14:03:36.164739,,,block_end,0
2026-04-24 14:03:36.194851,,,imaging_stop,0
2026-04-24 15:07:04.193458,,,initialize,0
2026-04-24 16:10:18.929999,,,initialize,0
2026-04-27 12:50:07.041656,,,initialize,0
2026-04-27 12:52:48.457718,,,block_start,0
2026-04-27 12:52:50.585737,,,start,0
2026-04-27 12:52:55.030032,,,drink,0
2026-04-27 12:52:57.700137,,,start,0
2026-04-27 12:53:02.514871,,,eat,0
2026-04-27 12:53:07.452080,,,start,0
2026-04-27 12:53:11.365663,,,exit,0
2026-04-27 12:53:13.456789,,,block_end,0
2026-04-27 12:53:13.486953,,,imaging_stop,0
2026-04-27 13:03:36.198364,,,block_start,0
2026-04-27 13:03:37.693203,,,start,0
2026-04-27 13:03:37.695269,,,start,0
2026-04-27 13:03:41.063478,,,exit,0
2026-04-27 13:03:42.154353,,,block_end,0
2026-04-27 13:03:42.184494,,,imaging_stop,0
2026-04-27 13:06:50.179661,,,initialize,0
2026-04-27 13:07:08.826792,,,block_start,0
2026-04-27 13:07:10.492078,,,start,0
2026-04-27 13:07:19.551771,,,exit,0
2026-04-27 13:07:22.148227,,,block_end,0
2026-04-27 13:07:22.178548,,,imaging_stop,0
2026-04-27 13:07:43.691488,,,block_start,0
2026-04-27 13:07:45.404409,,,start,0
2026-04-27 13:08:10.173837,,,exit,0
2026-04-27 13:08:11.756557,,,block_end,0
2026-04-27 13:08:11.786680,,,imaging_stop,0
2026-04-27 13:08:24.794662,,,block_start,0
2026-04-27 13:08:26.500018,,,start,0
2026-04-27 13:08:30.243900,,,exit,0
2026-04-27 13:08:31.329830,,,block_end,0
2026-04-27 13:08:31.359814,,,imaging_stop,0
2026-04-27 13:09:47.487579,,,block_start,0
2026-04-27 13:09:48.813331,,,start,0
2026-04-27 13:09:52.392013,,,drink,0
2026-04-27 13:09:54.178399,,,start,0
2026-04-27 13:10:05.109804,,,eat,0
2026-04-27 13:10:11.111680,,,start,0
2026-04-27 13:10:32.496417,,,exit,0
2026-04-27 13:10:35.087331,,,block_end,0
2026-04-27 13:10:35.117362,,,imaging_stop,0
2026-04-27 13:10:58.135773,,,block_start,0
2026-04-27 13:11:00.282965,,,start,0
2026-04-27 13:11:00.284774,,,start,0
2026-04-27 13:11:13.810997,,,exit,0
2026-04-27 13:11:15.899839,,,block_end,0
2026-04-27 13:11:15.930019,,,imaging_stop,0
2026-04-27 13:11:23.917874,,,block_start,0
2026-04-27 13:11:26.496435,,,start,0
2026-04-27 13:11:28.608664,,,exit,0
2026-04-27 13:11:30.704235,,,block_end,0
2026-04-27 13:11:30.734369,,,imaging_stop,0
2026-04-27 13:12:48.864060,,,block_start,0
2026-04-27 13:12:51.131078,,,start,0
2026-04-27 13:12:51.134015,,,start,0
2026-04-27 13:13:19.906596,,,exit,0
2026-04-27 13:13:20.988401,,,block_end,0
2026-04-27 13:13:21.018533,,,imaging_stop,0
2026-04-27 13:24:19.398174,,,initialize,0
2026-04-27 13:50:20.840795,,,initialize,0
2026-04-27 13:51:55.626330,,,initialize,0
2026-04-27 13:52:32.598587,,,initialize,0
2026-04-27 13:55:49.270606,,,block_start,0
2026-04-27 13:55:49.271740,,,start,0
2026-04-27 13:55:49.272805,,,exit,0
2026-04-27 13:55:51.363772,,,block_end,0
2026-04-27 13:55:51.393791,,,imaging_stop,0
2026-04-27 13:56:00.387110,,,block_start,0
2026-04-27 13:56:01.477677,,,start,0
2026-04-27 13:56:01.479539,,,start,0
2026-04-27 13:56:04.432133,,,exit,0
2026-04-27 13:56:05.516340,,,block_end,0
2026-04-27 13:56:05.546205,,,imaging_stop,0
2026-04-27 14:11:02.213766,,,initialize,0
2026-04-28 13:04:39.609124,,,initialize,0
2026-04-28 13:06:15.899194,,,block_start,0
2026-04-28 13:06:19.565647,,,start,0
2026-04-28 13:06:19.567427,,,start,0
2026-04-28 13:06:38.182163,,,drink,0
2026-04-28 13:06:41.846734,,,start,0
2026-04-28 13:06:43.538842,,,drink,0
2026-04-28 13:06:43.594472,,,start,0
2026-04-28 13:06:43.595747,,,drink,0
2026-04-28 13:06:47.508157,,,start,0
2026-04-28 13:06:50.007136,,,drink,0
2026-04-28 13:06:52.039612,,,start,0
2026-04-28 13:06:57.753128,,,eat,0
2026-04-28 13:07:02.060807,,,start,0
2026-04-28 13:07:10.546663,,,exit,0
2026-04-28 13:07:12.132324,,,block_end,0
2026-04-28 13:07:12.162317,,,imaging_stop,0
2026-04-28 13:07:21.656278,,,block_start,0
2026-04-28 13:07:22.873045,,,start,0
2026-04-28 13:07:22.874809,,,start,0
2026-04-28 13:07:25.549896,,,exit,0
2026-04-28 13:07:27.136832,,,block_end,0
2026-04-28 13:07:27.166808,,,imaging_stop,0
2026-04-29 12:54:04.276227,,,initialize,0
2026-04-29 12:55:09.003941,,,block_start,0
2026-04-29 12:55:10.613425,,,start,0
2026-04-29 12:55:15.336218,,,drink,0
2026-04-29 12:55:18.632846,,,start,0
2026-04-29 12:55:23.280136,,,eat,0
2026-04-29 12:55:32.598330,,,start,0
2026-04-29 12:55:37.883727,,,exit,0
2026-04-29 12:55:39.477363,,,block_end,0
2026-04-29 12:55:39.507495,,,imaging_stop,0
2026-04-30 11:07:23.108696,,,initialize,0
2026-04-30 11:10:43.608586,,,block_start,0
2026-04-30 11:11:34.864877,,,start,0
2026-04-30 11:11:38.354821,,,start,0
2026-04-30 11:11:55.531024,,,start,0
2026-04-30 11:14:41.213500,,,drink,0
2026-04-30 11:14:42.894101,,,start,0
2026-04-30 11:14:44.693796,,,drink,0
2026-04-30 11:14:46.026092,,,start,0
2026-04-30 11:14:52.036710,,,drink,0
2026-04-30 11:14:56.171744,,,start,0
2026-04-30 11:14:57.191262,,,drink,0
2026-04-30 11:14:58.310543,,,start,0
2026-04-30 11:15:21.298729,,,eat,0
2026-04-30 11:15:28.653782,,,start,0
2026-04-30 11:15:54.168520,,,exit,0
2026-04-30 11:15:56.259796,,,block_end,0
2026-04-30 11:15:56.290048,,,imaging_stop,0
2026-04-30 11:17:13.915685,,,block_start,0
2026-04-30 11:17:16.377677,,,start,0
2026-04-30 11:17:25.390429,,,exit,0
2026-04-30 11:17:27.474419,,,block_end,0
2026-04-30 11:17:27.504525,,,imaging_stop,0
2026-04-30 12:56:23.577146,,,initialize,0
2026-04-30 12:57:29.298709,,,block_start,0
2026-04-30 12:57:33.398414,,,start,0
2026-04-30 12:57:33.400070,,,start,0
2026-04-30 12:57:37.133102,,,drink,0
2026-04-30 12:57:40.049881,,,start,0
2026-04-30 12:57:43.849421,,,eat,0
2026-04-30 12:57:48.795667,,,start,0
2026-04-30 12:57:55.278250,,,exit,0
2026-04-30 12:57:57.872291,,,block_end,0
2026-04-30 12:57:57.902568,,,imaging_stop,0
2026-04-30 12:58:10.394275,,,block_start,0
2026-04-30 12:58:12.826100,,,start,0
2026-04-30 12:58:12.828004,,,start,0
2026-04-30 12:58:21.554178,,,exit,0
2026-04-30 12:58:22.646786,,,block_end,0
2026-04-30 12:58:22.676916,,,imaging_stop,0
2026-04-30 12:58:32.670592,,,block_start,0
2026-04-30 12:58:34.176817,,,start,0
2026-04-30 12:58:34.179116,,,start,0
2026-04-30 12:58:37.122486,,,exit,0
2026-04-30 12:58:38.714308,,,block_end,0
2026-04-30 12:58:38.744461,,,imaging_stop,0
2026-04-30 12:58:44.724515,,,block_start,0
2026-04-30 12:58:47.804764,,,start,0
2026-04-30 12:58:51.198602,,,exit,0
2026-04-30 12:58:52.287803,,,block_end,0
2026-04-30 12:58:52.318281,,,imaging_stop,0
2026-04-30 13:02:15.292900,,,initialize,0
2026-04-30 13:03:34.054235,,,block_start,0
2026-04-30 13:03:35.293492,,,start,0
2026-04-30 13:03:35.295198,,,start,0
2026-04-30 13:03:44.349818,,,exit,0
2026-04-30 13:03:45.431692,,,block_end,0
2026-04-30 13:03:45.461758,,,imaging_stop,0
2026-04-30 14:04:55.811329,,,initialize,0
2026-04-30 14:05:32.482208,,,block_start,0
2026-04-30 14:05:34.250370,,,start,0
2026-04-30 14:05:39.311628,,,exit,0
2026-04-30 14:05:40.897399,,,block_end,0
2026-04-30 14:05:40.927635,,,imaging_stop,0
2026-04-30 15:15:13.488042,,,block_start,0
2026-04-30 15:15:16.132108,,,start,0
2026-04-30 15:15:49.046363,,,eat,0
2026-04-30 15:15:59.881289,,,start,0
2026-04-30 15:16:22.597830,,,drink,0
2026-04-30 15:16:25.352748,,,start,0
2026-04-30 15:16:28.288519,,,drink,0
2026-04-30 15:17:39.225803,,,start,0
2026-04-30 15:18:43.475538,,,exit,0
2026-04-30 15:18:45.061536,,,block_end,0
2026-04-30 15:18:45.091948,,,imaging_stop,0
2026-04-30 15:55:54.599846,,,initialize,0
2026-04-30 16:50:13.114452,,,block_start,0
2026-04-30 16:50:14.422039,,,start,0
2026-04-30 16:50:20.286306,,,drink,0
2026-04-30 16:50:25.133912,,,start,0
2026-04-30 16:50:29.606637,,,exit,0
2026-04-30 16:50:30.691352,,,block_end,0
2026-04-30 16:50:30.721362,,,imaging_stop,0
2026-05-01 12:56:25.936100,,,initialize,0
2026-05-01 12:58:10.746945,,,block_start,0
2026-05-01 12:58:13.466912,,,start,0
2026-05-01 12:59:01.996886,,,drink,0
2026-05-01 12:59:05.056622,,,start,0
2026-05-01 12:59:10.292050,,,eat,0
2026-05-01 12:59:13.549421,,,start,0
2026-05-01 12:59:17.877955,,,exit,0
2026-05-01 12:59:18.966788,,,block_end,0
2026-05-01 12:59:18.996686,,,imaging_stop,0
2026-05-01 13:00:23.594988,,,block_start,0
2026-05-01 13:00:24.936617,,,start,0
2026-05-01 13:00:24.938838,,,start,0
2026-05-01 13:00:27.607657,,,exit,0
2026-05-01 13:00:29.190373,,,block_end,0
2026-05-01 13:00:29.220377,,,imaging_stop,0
2026-05-01 14:50:34.606734,,,block_start,0
2026-05-01 14:50:36.050242,,,start,0
2026-05-01 14:50:43.929916,,,drink,0
2026-05-01 14:50:46.744771,,,start,0
2026-05-01 14:50:48.893213,,,exit,0
2026-05-01 14:50:50.477868,,,block_end,0
2026-05-01 14:50:50.508049,,,imaging_stop,0
2026-05-01 14:57:00.727018,,,block_start,0
2026-05-01 14:57:03.712921,,,start,0
2026-05-01 14:57:03.716153,,,start,0
2026-05-01 14:57:05.095504,,,exit,0
2026-05-01 14:57:06.685776,,,block_end,0
2026-05-01 14:57:06.715998,,,imaging_stop,0
2026-05-01 17:22:18.307062,,,initialize,0
2026-05-01 17:24:25.166406,,,block_start,0
2026-05-01 17:24:27.146894,,,start,0
2026-05-01 17:24:33.793190,,,drink,0
2026-05-01 17:24:36.928895,,,start,0
2026-05-01 17:24:44.111841,,,eat,0
2026-05-01 17:24:49.577439,,,start,0
2026-05-01 17:24:58.428447,,,exit,0
2026-05-01 17:24:59.511874,,,block_end,0
2026-05-01 17:24:59.541762,,,imaging_stop,0
2026-05-01 17:31:37.289352,,,initialize,32
2026-05-04 19:00:46.051616,,,initialize,0
2026-05-04 19:05:36.238035,,,block_start,0
2026-05-04 19:05:39.365248,,,start,0
2026-05-04 19:05:39.369119,,,start,0
2026-05-04 19:05:46.393140,,,exit,0
2026-05-04 19:05:48.483320,,,block_end,0
2026-05-04 19:05:48.513345,,,imaging_stop,0
2026-05-05 12:47:56.984847,,,initialize,0
2026-05-05 12:50:10.344183,,,block_start,0
2026-05-05 12:50:12.447855,,,start,0
2026-05-05 12:50:12.450068,,,start,0
2026-05-05 12:50:18.384934,,,drink,0
2026-05-05 12:50:21.074923,,,start,0
2026-05-05 12:50:26.172603,,,eat,0
2026-05-05 12:50:48.802753,,,start,0
2026-05-05 12:50:57.365875,,,eat,0
2026-05-05 12:51:01.119990,,,start,0
2026-05-05 12:51:04.606935,,,exit,0
2026-05-05 12:51:06.193839,,,block_end,0
2026-05-05 12:51:06.223739,,,imaging_stop,0
2026-05-05 12:51:27.243369,,,block_start,0
2026-05-05 12:51:28.536316,,,start,0
2026-05-05 12:51:28.538132,,,start,0
2026-05-05 12:51:30.904657,,,exit,0
2026-05-05 12:51:31.998221,,,block_end,0
2026-05-05 12:51:32.028072,,,imaging_stop,0
2026-05-05 12:52:14.083056,,,block_start,0
2026-05-05 12:52:17.689987,,,start,0
2026-05-05 12:52:44.387268,,,exit,0
2026-05-05 12:52:45.982242,,,block_end,0
2026-05-05 12:52:46.014426,,,imaging_stop,0
2026-05-05 12:52:53.991059,,,block_start,0
2026-05-05 12:52:55.230732,,,start,0
2026-05-05 12:52:57.730388,,,exit,0
2026-05-05 12:52:59.323240,,,block_end,0
2026-05-05 12:52:59.353252,,,imaging_stop,0
2026-05-05 12:53:05.337226,,,block_start,0
2026-05-05 12:53:07.112789,,,start,0
2026-05-05 12:53:08.295392,,,exit,0
2026-05-05 12:53:09.878410,,,block_end,0
2026-05-05 12:53:09.908465,,,imaging_stop,0
2026-05-05 12:54:21.032832,,,block_start,0
2026-05-05 12:54:22.103535,,,start,0
2026-05-05 12:54:22.105395,,,start,0
2026-05-05 12:54:23.541164,,,exit,0
2026-05-05 12:54:24.632271,,,block_end,0
2026-05-05 12:54:24.662267,,,imaging_stop,0
2026-05-05 13:02:20.080088,,,block_start,0
2026-05-05 13:02:21.327039,,,start,0
2026-05-05 13:02:21.328905,,,start,0
2026-05-05 13:02:23.736619,,,exit,0
2026-05-05 13:02:25.323879,,,block_end,0
2026-05-05 13:02:25.354140,,,imaging_stop,0
2026-05-05 15:08:58.635981,,,initialize,0
2026-05-05 15:43:13.761014,,,initialize,0
2026-05-05 15:46:29.965844,,,initialize,0
2026-05-05 16:11:08.691745,,,initialize,0
2026-05-05 20:33:51.747229,,,initialize,0
2026-05-05 20:34:13.887870,,,block_start,0
2026-05-05 20:34:16.602097,,,start,0
2026-05-05 20:34:21.113397,,,exit,0
2026-05-05 20:34:22.696448,,,block_end,0
2026-05-05 20:34:22.728696,,,imaging_stop,0
2026-05-06 12:50:41.570579,,,initialize,0
2026-05-06 12:51:46.303596,,,block_start,0
2026-05-06 12:51:48.032099,,,start,0
2026-05-06 12:51:51.054172,,,drink,0
2026-05-06 12:51:54.629343,,,start,0
2026-05-06 12:51:59.087369,,,eat,0
2026-05-06 12:52:01.887781,,,start,0
2026-05-06 12:52:07.124160,,,exit,0
2026-05-06 12:52:08.711823,,,block_end,0
2026-05-06 12:52:08.741855,,,imaging_stop,0
2026-05-06 14:33:50.001660,,,initialize,0
2026-05-07 14:03:58.743669,,,initialize,0
2026-05-07 14:05:55.573791,,,block_start,0
2026-05-07 14:05:55.574918,,,start,0
2026-05-07 14:05:55.576300,,,exit,0
2026-05-07 14:06:01.670620,,,block_end,182
2026-05-07 14:08:14.115157,,,initialize,332
2026-05-07 14:09:25.854459,,,block_start,0
2026-05-07 14:09:25.855507,,,start,0
2026-05-07 14:09:25.856738,,,exit,0
2026-05-07 14:09:28.450294,,,block_end,78
2026-05-07 14:10:38.879457,,,initialize,317
2026-05-07 14:10:54.008950,,,block_start,0
2026-05-07 14:10:54.010185,,,start,0
2026-05-07 14:10:54.011331,,,exit,0
2026-05-07 14:10:57.106868,,,block_end,92
2026-05-07 14:17:10.810893,,,initialize,983
2026-05-07 14:18:59.505095,,,initialize,358
2026-05-07 14:19:20.639997,,,block_start,0
2026-05-07 14:19:27.281229,,,start,198
2026-05-07 14:19:29.837736,,,exit,274
2026-05-07 14:19:31.933291,,,block_end,337
2026-05-07 14:24:00.951253,,,initialize,501
2026-05-07 14:24:39.275499,,,initialize,396
2026-05-07 14:25:24.965859,,,block_start,0
2026-05-07 14:25:28.235595,,,start,97
2026-05-08 10:25:55.965768,,,initialize,0
2026-05-08 10:26:48.172377,,,block_start,0
2026-05-08 10:26:52.880257,,,start,0
2026-05-08 10:26:52.881941,,,start,0
2026-05-08 10:26:57.563367,,,drink,0
2026-05-08 10:27:00.575573,,,start,0
2026-05-08 10:27:07.257345,,,eat,0
2026-05-08 10:27:11.576815,,,start,0
2026-05-08 10:27:14.660132,,,exit,0
2026-05-08 10:27:16.756233,,,block_end,0
2026-05-08 10:27:16.786392,,,imaging_stop,0
2026-05-08 10:28:26.726852,,,initialize,0
2026-05-08 10:28:38.838942,,,block_start,0
2026-05-08 10:28:40.122405,,,start,0
2026-05-08 10:28:40.124551,,,start,0
2026-05-08 10:28:43.436404,,,drink,0
2026-05-08 10:28:46.311569,,,start,0
2026-05-08 10:28:49.947033,,,eat,0
2026-05-08 10:28:52.832716,,,start,0
2026-05-08 10:28:56.916319,,,exit,0
2026-05-08 10:28:58.505317,,,block_end,0
2026-05-08 10:28:58.535371,,,imaging_stop,0
2026-05-08 12:35:35.360617,,,initialize,0
2026-05-08 12:36:28.066465,,,block_start,0
2026-05-08 12:36:29.532537,,,start,0
2026-05-08 12:36:33.051604,,,drink,0
2026-05-08 12:36:36.065438,,,start,0
2026-05-08 12:36:40.116665,,,drink,0
2026-05-08 12:36:40.172552,,,start,0
2026-05-08 12:36:40.174071,,,drink,0
2026-05-08 12:36:45.118444,,,start,0
2026-05-08 12:36:53.422083,,,eat,0
2026-05-08 12:36:58.609681,,,start,0
2026-05-08 12:37:03.881263,,,exit,0
2026-05-08 12:37:05.466862,,,block_end,0
2026-05-08 12:37:05.496835,,,imaging_stop,0
2026-05-08 13:08:59.711832,,,block_start,0
2026-05-08 13:09:02.070086,,,start,0
2026-05-08 13:09:02.071923,,,start,0
2026-05-08 13:09:10.763058,,,drink,0
2026-05-08 13:09:13.917178,,,start,0
2026-05-08 13:18:02.707608,,,initialize,0
2026-05-08 13:18:08.807904,,,block_start,0
2026-05-08 13:18:10.435074,,,start,0
2026-05-08 13:18:14.436648,,,drink,0
2026-05-08 13:18:17.313893,,,start,0
2026-05-08 13:18:26.131678,,,eat,0
2026-05-08 13:18:29.429364,,,start,0
2026-05-08 13:18:34.464390,,,eat,0
2026-05-08 13:18:37.791934,,,start,0
2026-05-08 13:18:42.215934,,,eat,0
2026-05-08 13:18:45.093079,,,start,0
2026-05-08 13:19:41.801961,,,eat,0
2026-05-08 13:19:47.871222,,,start,0
2026-05-08 13:20:04.050539,,,exit,0
2026-05-08 13:20:05.139801,,,block_end,0
2026-05-08 13:20:05.169955,,,imaging_stop,0
2026-05-08 13:27:04.479410,,,initialize,0
2026-05-08 13:47:19.090090,,,initialize,0
2026-05-08 14:46:34.156378,,,initialize,0
2026-05-08 15:05:03.420202,,,initialize,0
2026-05-11 12:45:14.778860,,,initialize,0
2026-05-11 12:46:49.072093,,,block_start,0
2026-05-11 12:46:50.273956,,,start,0
2026-05-11 12:46:50.275636,,,start,0
2026-05-11 12:46:54.801785,,,drink,0
2026-05-11 12:46:57.767036,,,start,0
2026-05-11 12:47:06.299403,,,exit,0
2026-05-11 12:47:07.391770,,,block_end,0
2026-05-11 12:47:07.421861,,,imaging_stop,0
2026-05-11 12:51:30.700199,,,block_start,0
2026-05-11 12:51:31.912337,,,start,0
2026-05-11 12:51:31.913997,,,start,0
2026-05-11 12:51:37.040411,,,drink,0
2026-05-11 12:51:40.671838,,,start,0
2026-05-11 12:51:48.382303,,,eat,0
2026-05-11 12:51:52.788015,,,start,0
2026-05-11 12:51:58.232425,,,exit,0
2026-05-11 12:51:59.821281,,,block_end,0
2026-05-11 12:51:59.851286,,,imaging_stop,0
2026-05-11 13:05:38.067133,,,initialize,0
2026-05-11 13:09:53.903575,,,initialize,0
2026-05-11 13:17:22.842400,,,initialize,0
