m,w,Date_Time
17.617990152468018,"[17.814311899868084, 16.811286314691536, 16.497492100500043, 18.492940301254716, 17.14665076540786, 18.25741249194711, 17.770960517839065, 18.055706813510444, 18.680975243120532, 16.652165076540786]",2026-03-13 15:20:00.482377
17.49144476485566,"[17.543408902659753, 17.014909347485965, 15.405424578948983, 19.12812145289444, 17.43755176856766, 17.258911863054884, 17.449439365585793, 17.98273230665399, 18.63413427616038, 17.059813786544773]",2026-03-13 15:25:35.708963
17.604148771359327,"[18.24483464736019, 16.08708240022088, 16.647103261036293, 18.095511089977606, 17.87077798570421, 17.8083872749026, 17.75418366720864, 17.840042795349266, 17.840541307482283, 17.85302328435132]",2026-03-13 15:28:37.624085
17.418063778875357,"[16.572192226278492, 16.474924839709175, 14.916921035678131, 18.014368653557074, 18.346205172255114, 18.17465947786606, 17.748795901463325, 17.737464337208944, 17.71064054974384, 18.484465594993402]",2026-03-13 15:34:02.072195
17.47953415958524,"[17.2998665521367, 16.638072522011228, 15.952196521152251, 17.36112602386723, 17.41707442402675, 19.09548808172531, 17.08985872933092, 18.27886768721048, 17.792415713102432, 17.870375341289073]",2026-03-13 15:35:54.166450
17.638515430867873,"[17.57076954934503, 16.114711476516245, 17.861325428720434, 17.956541246126946, 17.711292450225482, 17.7032203883793, 17.818760161978098, 17.96329033346627, 18.313034941865816, 17.3722083320551]",2026-03-13 15:38:53.190152
17.45353675184833,"[18.16077783231586, 17.65288983648802, 17.683989324170938, 17.91232705463693, 17.476780838727493, 17.483625793784704, 16.283361965825076, 14.861145197410805, 18.953028652943523, 18.067441022179956]",2026-03-13 15:40:57.828579
17.843091388778106,"[17.186129091634196, 17.834290732275974, 18.36695094640611, 17.372476761665183, 17.76380878608461, 17.573070374574346, 18.067210939657024, 17.76564944626806, 17.921817958707855, 18.579508850507715]",2026-03-13 15:45:36.661755
17.926087906862595,"[18.110313065619536, 17.09284980212903, 17.54505782740743, 16.357716967819126, 18.600043715679355, 18.26504356229101, 18.327530140810502, 18.299057428597724, 18.401674233825197, 18.261592324447037]",2026-03-16 12:44:59.380962
17.753585452649016,"[18.08099671748934, 17.968409669601495, 14.720123784397337, 17.973529005736726, 18.20761879927601, 17.827158174065097, 18.25695232690125, 18.323484523115624, 18.265618768598337, 17.911962757308956]",2026-03-16 12:46:38.204988
17.170481562720497,"[18.308222382427832, 16.764637083167163, 15.038385434242414, 14.490904070926772, 18.09740927079179, 16.69647513574869, 18.54727812375372, 17.810285455716784, 18.176500138049516, 17.77471853238028]",2026-03-16 12:48:51.634373
34.07709681872565,"[32.991360401263925, 34.24910651286928, 32.12684449489217, 32.55775071325582, 35.017006933153354, 34.6575029910728, 35.169129827898274, 34.24565527502531, 35.02960395128386, 34.72700708654171]",2026-03-16 12:52:16.262943
14.903493803110715,"[15.260108292174127, 14.571164524342732, 7.654366199343498, 4.406943123600331, 16.745521060220266, 15.838746663803416, 18.814825750835965, 18.5629812559438, 18.944189649354232, 18.236091511488787]",2026-03-16 12:57:52.994934
16.24934043010093,"[18.55575283001503, 15.439841089670828, 6.1669018621345515, 14.033078197380126, 17.84970626131239, 18.80531567322146, 17.812873884099762, 18.640327330735957, 18.291119581556586, 16.898487590882596]",2026-03-16 13:01:20.562447
17.276008911863055,"[17.02466868116698, 15.71375433322085, 14.527065374114184, 14.057466944810873, 19.16240374881124, 19.625348958493113, 18.396516550602815, 18.294532472313403, 18.734661165137897, 17.2236708899592]",2026-03-16 13:04:20.439868
17.940552428137558,"[17.991954781114828, 17.811378347700707, 18.018433444795534, 18.086921342454826, 18.00832898733012, 17.255173022057242, 17.393912783384973, 18.15761419762555, 18.631890971561802, 18.04991640335]",2026-03-16 13:08:16.384479
17.87399722367089,"[17.857049728502624, 16.79991640335, 17.42944135963432, 18.496103935945026, 18.155275025309077, 17.87656839586465, 17.048961560879835, 18.188061784826825, 18.681914746755837, 18.206679295640704]",2026-03-16 13:12:34.321151
17.012551001625916,"[16.758980887811763, 12.176599840476117, 14.584796913826427, 19.160275485474124, 18.50131913979814, 18.030397735987975, 17.202656686198114, 19.62715127158941, 17.287231186919044, 16.79610086817805]",2026-03-16 13:13:40.381626
14.588622035770163,"[18.557804399177837, 12.44086879160659, 11.39123232199282, 7.981984538454459, 7.137715894100684, 16.69112571709053, 16.53685538546492, 18.983725496211306, 18.73876430346351, 17.42614351013897]",2026-03-16 13:14:32.980267
16.82673635610639,"[15.194266343528545, 16.580801147344847, 9.479994324631102, 15.97334493971838, 19.648894070006442, 18.57360339908581, 18.56821563334049, 18.012432125655735, 18.569001748627176, 17.666809829125377]",2026-03-16 13:18:01.121547
17.145876154247322,"[18.178187409884345, 15.888425315213055, 12.230841795257232, 16.978652176580667, 18.346511948952358, 17.55587170598521, 18.298175445593152, 18.065331932386414, 17.945324723134032, 17.971439089486765]",2026-03-16 13:22:47.874987
15.800455179924533,"[16.936757983863547, 13.829896156087983, 4.588689143172685, 16.603215019787097, 17.172976040739947, 17.648978433598185, 17.878754179832498, 18.566815964659327, 18.01431113292634, 16.76415774457772]",2026-03-16 13:26:55.313745
15.307311639107892,"[16.133961714268185, 14.35582645642237, 8.388521182930944, 6.288692210939657, 15.945619995705128, 19.240727674325857, 19.136711200417214, 18.159665766788354, 17.258892689511303, 18.16449749976992]",2026-03-16 13:38:59.356747
17.32099387980489,"[18.412296376967205, 15.244654416050556, 15.844153603092309, 16.167611283246924, 17.785858361198883, 18.53586986532503, 17.34808801423444, 17.6601949565911, 18.78648725342823, 17.424724667914226]",2026-03-16 13:41:08.873026
12.784021535724145,"[18.753662146823327, 14.137478142160322, 11.231459183360432, 13.843873669356075, 4.300204006503666, 0.2724560542381201, 7.213758167929564, 19.91383409516213, 19.727582292849032, 18.44590759885879]",2026-03-16 13:43:29.068528
16.917601696475135,"[16.72997131637881, 13.920721232015216, 11.856133233119612, 18.90605347117833, 17.71366996962911, 18.335755591005306, 18.16568625947173, 17.974257600392672, 17.88473632542872, 17.689031966131854]",2026-03-16 13:44:40.520480
16.78185876000859,"[18.284102064607175, 16.0655505107832, 15.749436297818816, 17.312521090897935, 16.13770055526582, 14.705724453170538, 17.38407675552965, 16.419417431051937, 17.998608000736265, 17.76145044022456]",2026-03-16 13:47:43.533825
17.125030677669724,"[17.411609964107125, 16.495689787403748, 15.391830536552444, 16.488250452495627, 13.534949535233302, 19.096446758904193, 18.71399208516121, 17.973663220541766, 17.890373347240544, 18.253501089057274]",2026-03-16 13:49:36.167789
16.01261619167408,"[17.870758812160627, 13.644315427800105, 9.067494708101972, 9.164570359235514, 20.70453185876001, 17.70908749271405, 18.07137159861337, 18.168447249746908, 18.42980182225358, 17.295782587354665]",2026-03-17 12:38:47.471406
16.624514909347486,"[18.398222995981225, 14.083964782035157, 8.716292910390527, 15.07742276896647, 18.84101681136301, 18.472482130257387, 17.616114979906126, 18.48199220787189, 18.4071578672884, 18.15048163941467]",2026-03-17 12:41:10.830139
17.598097601006227,"[18.13809553026352, 17.346592477835383, 15.018425775378102, 17.759379697518177, 18.18179203607694, 17.41463938399239, 17.79504248857257, 18.627231800472437, 17.85166196275731, 17.848114857195448]",2026-03-17 12:45:53.924785
17.387380357088077,"[19.35160827683529, 17.36812436727306, 12.280079455164586, 16.95347731386324, 18.427941988526552, 17.32987314783569, 17.974123385587628, 18.098521336319294, 18.35059591373439, 17.739458385741017]",2026-03-17 12:46:40.110216
18.002680461392153,"[17.758900358928734, 18.921162223517502, 17.99509924226156, 17.79778430530417, 17.929966714728348, 18.691405650826763, 17.113403840844253, 17.4972581832684, 17.75220879222014, 18.56961530202166]",2026-03-17 12:47:26.938461
17.69173351842194,"[18.173317329815628, 16.523050434089026, 16.931676994815472, 17.561048562751175, 17.64244025523821, 18.25194803202749, 17.605109365892567, 18.370632266773015, 18.298463048746818, 17.559648894070005]",2026-03-17 12:49:17.039829
16.90330206767494,"[15.042162622327208, 14.486110685032363, 11.564867932631838, 20.05913120839341, 19.00362763444489, 17.446735895941345, 17.7777862993527, 17.935968033868146, 17.85062659140412, 17.866003773353377]",2026-03-17 12:50:59.898722
18.05765868024665,"[19.367599012179035, 15.774189342577536, 18.863449857348837, 17.44993787771881, 18.63988633923367, 17.854672209098997, 18.601980243580698, 18.213370862349297, 18.177650550664172, 17.633850507715437]",2026-03-17 12:53:37.911401
17.457603460441145,"[16.67898886400589, 14.534217105868638, 16.44543592968678, 19.697077185017026, 18.57628769518667, 17.79024910267816, 17.179610086817803, 17.87980872472927, 17.990842715587327, 17.80351719483388]",2026-03-17 12:54:45.384342
16.12846274197012,"[17.932133325152623, 14.864481393993312, 11.80089425407246, 11.106831150105839, 20.849196245053225, 16.779745835506336, 18.695662177501, 17.76549605791944, 15.825804521888518, 15.66438245850845]",2026-03-17 12:56:40.951060
16.936767570635332,"[16.680407706230636, 13.87660290824309, 14.489216799091942, 18.713953738074053, 17.589348713071754, 17.60288523483756, 18.097601006227567, 18.21582507592723, 17.96750851305335, 16.13432601159616]",2026-03-17 12:59:25.400080
15.722217535356014,"[16.35622143142007, 11.098835782433966, 7.523851888210571, 14.350438690677056, 19.32242614351014, 17.651816118047673, 17.493826118968002, 18.84107433199374, 17.35460701905083, 17.22907782924809]",2026-03-17 13:00:03.311922
17.575516918734852,"[18.254843237107707, 16.38571034144246, 14.552930484400406, 18.646731294290888, 18.20790640242967, 17.67957940914808, 17.975043715679355, 19.56138601711814, 17.47286943583765, 17.018168849894163]",2026-03-17 13:01:11.703471
16.82207526766267,"[17.505291898027426, 12.873462281805075, 13.396286468079884, 19.383072061846182, 17.358288339417737, 18.01239377856858, 17.377711139061876, 17.54304460533178, 18.73901355953002, 16.032188544958128]",2026-03-17 13:01:49.277770
17.860895941344296,"[16.21309092861306, 18.80096327882934, 17.918174985428106, 17.776041506887136, 17.83306362548701, 18.29545280240513, 18.001982544405926, 17.855650059821457, 18.684656563487437, 17.22988311807835]",2026-03-17 13:02:43.693443
17.626250115041262,"[17.827369083044452, 16.47805012731233, 17.19786330030371, 18.930499739239806, 17.254521121575607, 18.124789091020645, 17.90845399883425, 17.78637604687548, 17.93067613584072, 16.823902506365616]",2026-03-17 13:04:31.305943
17.522647789673897,"[19.205045709727887, 18.239983740835047, 18.46425668006258, 17.806105623216858, 17.47783538362426, 18.23774043623646, 17.458527625241587, 16.15397889376323, 15.224598889468355, 16.95840491456269]",2026-03-17 13:06:36.934228
17.15961975028377,"[18.300648832714668, 16.80641623462282, 12.034734791545233, 17.087749639537382, 17.783768444948922, 18.363614749823604, 17.516450900389607, 17.833274534466362, 18.036053931343375, 17.833485443445717]",2026-03-17 13:09:38.405481
16.613281130165355,"[17.417783845139123, 14.53346933766911, 16.2888264257447, 13.285290824308985, 14.836430499739238, 17.392704850139584, 18.106612571709054, 18.08789919317729, 18.033964015093414, 18.149829738933033]",2026-03-17 13:12:12.738963
17.52176388931497,"[16.344218793140474, 14.96984001595239, 17.28257201582968, 19.237774948614906, 16.079489676964137, 18.392202503297852, 18.212910697303432, 18.290045863116237, 18.312574776819954, 18.096009602110627]",2026-03-17 13:13:13.065375
17.508020293278523,"[18.48473402460349, 16.01368607540571, 14.05974859649661, 18.867514648587292, 18.070029450562934, 18.432562812528758, 17.67888916157929, 18.086710433475474, 17.89008574408688, 17.496241985458784]",2026-03-17 13:13:58.639855
16.42622787373071,"[17.78388348621039, 11.623692364328004, 12.313000429487376, 13.539186888363961, 19.839210663557996, 17.479637696720555, 18.76543470257999, 17.393606006687733, 18.537806393226372, 16.986820106144737]",2026-03-17 13:15:12.962247
17.63495298647115,"[18.456069576954935, 17.10019326931926, 13.547565726907385, 18.706207626468693, 18.342734760867565, 17.9996050250023, 18.205337147590267, 17.98963478234193, 18.27263628554775, 17.729545663711384]",2026-03-17 13:16:30.967680
17.340071555664633,"[18.21471301039973, 16.57527916679449, 14.592811455041875, 18.981367150351257, 18.134510077614504, 17.314035800840568, 19.35801224039022, 16.58697502837684, 16.757830475197107, 16.88518115163972]",2026-03-17 13:17:22.961078
16.219556247507438,"[18.782326594471883, 15.597006626376661, 10.836906003619966, 20.177796269595362, 14.988419179679111, 15.652705770469673, 17.577787066294444, 17.32356505199865, 15.644211890664787, 15.614838021903855]",2026-03-17 13:18:01.774663
17.173733395711263,"[18.11844264809645, 17.14408151056846, 15.560174249164033, 19.010453415958526, 17.243342945669845, 19.20082753014081, 16.21406877933552, 15.753079271098567, 15.473337270300949, 18.01952633677946]",2026-03-17 13:20:33.540900
17.577723793600637,"[17.163255054146084, 17.759801515476884, 16.546039512838604, 17.26485566156395, 18.166108077430437, 17.764019695063965, 18.29852056937755, 16.878355370126084, 18.439388594042395, 17.496893885940423]",2026-03-17 13:21:57.905836
17.876202181182318,"[17.907456974568213, 17.429383839003588, 17.82487652237936, 16.46006534343651, 18.548620271804154, 17.300978617664203, 18.364535079915328, 18.50156839586465, 17.797266619627575, 18.627270147559592]",2026-03-17 13:22:31.071775
15.925388072522011,"[18.524327392091298, 12.392436420529496, 6.329416817498543, 15.1901056845722, 20.72805779672976, 17.50703669049299, 16.558368101359022, 19.258271466699387, 16.360650519986503, 16.405209835260912]",2026-03-18 12:46:39.405977
17.53868262416787,"[17.954355462159093, 15.763528852348374, 12.97962619259441, 19.711534036874557, 17.51934610546983, 17.714015093413504, 17.645086204251925, 19.670464306531276, 17.132941681749852, 19.295928306285855]",2026-03-18 12:47:58.276700
17.273991855078688,"[17.832411725005368, 14.629663005798081, 9.172968371322515, 20.29042166457036, 17.399338896217444, 19.629030278860018, 18.61822023499095, 18.85622143142007, 18.37538730558027, 17.936255637021812]",2026-03-18 12:49:04.305050
17.32269073841151,"[18.52156640181612, 17.314879436757984, 16.312870049391048, 19.0205003527932, 18.131691566708593, 17.958075129613153, 16.22912001104396, 17.074040555879375, 16.748377918213333, 15.915785961898333]",2026-03-18 12:49:37.843417
16.906778231125564,"[18.410896708286035, 15.283902659753965, 13.72653158266098, 20.067816823634075, 16.008087400681045, 19.63790762953646, 18.386929778814004, 15.316574378010246, 17.052278583918763, 15.176856765960059]",2026-03-18 12:50:22.544505
17.947420391447064,"[18.338190631039666, 17.934031505966807, 18.036399055127774, 16.61901401969506, 18.498193852194987, 18.062168297696108, 18.058966315918642, 18.14239040402491, 18.45131453814768, 17.333535294659015]",2026-03-18 12:50:58.230066
17.980331778998067,"[18.049322023499094, 17.301937294843086, 17.45760729514986, 18.273077277050035, 17.660137435960365, 18.33686765653281, 18.49453170537166, 18.69733027579225, 17.81279718992545, 17.71970963585606]",2026-03-18 12:51:27.958548
17.462787986624537,"[18.227789367119673, 16.529147620946713, 13.1609120471209, 18.606140902537042, 18.390956222965304, 17.559821455962204, 17.76428812467405, 18.253596956775162, 18.696793416572078, 17.43843375157223]",2026-03-18 12:53:34.597601
16.982314323403994,"[17.994562383041387, 16.32807466944811, 15.270385311531735, 15.694619136730374, 17.652046200570606, 17.377481056538944, 17.365650980151546, 17.434733257661748, 17.43141623462282, 17.274174003742676]",2026-03-18 12:54:49.035594
17.562674479246557,"[17.765553578550172, 13.989841856612571, 17.753167469399024, 17.843494033193238, 18.995057060465687, 18.369865325029913, 17.34431082614965, 17.268268552320766, 16.832434733257664, 19.464751357486886]",2026-03-18 12:55:34.397548
17.74242261557812,"[18.296526520845475, 16.849690922477528, 15.632170905298036, 19.436374512991993, 16.746882381814277, 18.086998036629137, 18.692460195723534, 17.47622480596374, 17.853847746725158, 18.35305012731233]",2026-03-18 12:56:34.507773
18.155075620455868,"[18.286498757554376, 18.45530263521183, 18.699573580390833, 17.7562735834586, 17.539919317728625, 18.228786391385707, 18.883677945823234, 17.20595453569347, 19.080072552688897, 17.414696904623124]",2026-03-18 12:58:02.816988
18.251368991011443,"[17.95617694879897, 18.807539804276466, 17.995751142743195, 16.796484339049606, 18.738227444243336, 19.05587554069393, 17.887133018375927, 17.641270669079976, 18.983667975580573, 18.65156302727245]",2026-03-18 12:58:47.091435
17.558851274657176,"[17.11056615639476, 15.096423750651901, 17.27680077921281, 18.661111451974108, 17.94413596343222, 17.64867165690094, 17.821636193514742, 17.51836825474737, 18.150136515630273, 18.36066202411265]",2026-03-18 13:00:20.853343
32.95066838972912,"[31.72713363192932, 32.9128639138571, 32.66054008037549, 35.58348927815443, 34.63691060527042, 33.97084087492714, 31.883340491456266, 31.785286989600273, 32.389752124428625, 31.956525907292082]",2026-03-18 13:03:03.179385
17.186501058379605,"[17.63298769825444, 13.80792327514802, 14.295851612111544, 18.309315274411755, 17.727264012025646, 18.389518207196982, 18.09142712519557, 16.5624137190539, 18.893494800134985, 18.154814860263212]",2026-03-18 13:04:04.802847
17.47208523790533,"[18.16838972911618, 12.262995827836917, 16.462212780317206, 18.218317636592325, 18.534796146884684, 18.12457818204129, 18.03398318863699, 17.957845047090224, 18.813272693806177, 18.144461146731295]",2026-03-18 13:05:48.407284
17.993243243243242,"[18.359013099364972, 17.69769840782894, 16.92013452158174, 18.404473571187534, 18.34074071233549, 18.21923796668405, 17.635997944596127, 18.288205202932783, 18.15550510783201, 17.911425898088783]",2026-03-18 13:07:37.611260
17.46135380556493,"[17.822403135257847, 14.785141270669081, 15.898548946222043, 18.596496610117494, 16.92928030186827, 18.214137804092402, 18.40200018406602, 18.393314568825353, 17.889107893364418, 17.683107341166366]",2026-03-18 13:08:41.511167
17.983497331042734,"[16.946229714390896, 17.454021842500843, 18.241766880387765, 18.29763858637298, 18.016362702089147, 17.42815673221462, 19.202898272847197, 17.030708347393933, 18.65681657821272, 18.56037365401724]",2026-03-18 13:09:17.785385
18.000870478878426,"[17.94678191244593, 17.14072614044237, 18.40554728962788, 18.400236218056875, 18.178839310365984, 18.028633769978832, 16.84855968340645, 18.681761358407215, 18.645369972696873, 17.732249133355833]",2026-03-18 13:11:03.226564
18.003972758229285,"[18.50172178421327, 16.273928582384883, 18.652253274841243, 16.521497377059237, 18.737134552259413, 18.34543823051201, 18.85700754670675, 18.104637696720555, 17.72975657269074, 18.316351964904744]",2026-03-18 13:12:35.187645
17.540711185078383,"[18.207963923060404, 14.73450394208056, 15.559618216400283, 17.465315059668068, 18.047634751664262, 18.05890879528791, 18.677466484645826, 17.537925269196553, 19.32223440807436, 17.795541000705587]",2026-03-18 13:14:29.898400
18.184006580360155,"[18.393237874651042, 18.075474736938983, 18.038412277203424, 17.91345829370801, 18.99267954106206, 17.711311623769056, 17.335088351688807, 18.14432693192625, 19.118783937172132, 18.117292235481795]",2026-03-18 13:15:20.432534
17.042751250115042,"[17.850089732183946, 15.321271896186767, 13.655416909531553, 19.751280792710986, 17.345787189005122, 19.402207258336656, 17.885215664018162, 16.874923305825693, 16.206936221124643, 16.13438353222689]",2026-03-18 13:18:23.739699
17.831546998190017,"[17.94774058962481, 17.121054084731725, 18.223513666901862, 18.27018207196981, 18.338650796085528, 18.036629137650706, 18.384954903825506, 18.355983679479706, 17.084240881062676, 16.552520170567842]",2026-03-18 13:20:03.773448
17.34852325367365,"[17.65112587047888, 16.871893885940423, 15.954343958032947, 19.266132619566218, 16.737084701046108, 18.946816424824373, 18.332917906555817, 16.97780854066325, 16.537794889100226, 16.20931374052827]",2026-03-18 13:23:55.213195
17.79578642206338,"[17.929698285118263, 17.283396478203514, 16.281981470687487, 17.298025891953245, 18.248573488357824, 18.034999386446607, 18.841112679080897, 16.65732275976317, 19.34668067613584, 18.036073104886952]",2026-03-18 13:25:02.985777
17.850879682179343,"[18.588194465748384, 16.982582753014082, 16.737717427984173, 18.47179188268859, 17.64867165690094, 18.10496364696138, 17.7127304659938, 17.878447403135258, 18.22846044114489, 18.15523667822192]",2026-03-18 13:25:35.712177
17.798430453722734,"[18.321586342301437, 16.427221063288034, 15.802547013528851, 17.948680093260116, 18.522333343559225, 17.961871491241524, 17.999010645151394, 18.513647728318556, 18.00520369972697, 18.48220311685124]",2026-03-18 13:27:59.008548
18.052650550664172,"[18.200869711936683, 18.225315979998157, 17.063859404239654, 18.0023468417339, 18.044471116973956, 17.94785563088628, 18.24786406724545, 18.426235543148145, 18.115777525539162, 18.25190968494033]",2026-03-18 13:29:57.499782
17.878305518912782,"[18.403419026290763, 17.26516243826119, 17.56254409915023, 18.66782219222628, 18.08174448568887, 18.539148541276802, 18.378531766726997, 17.771535724146393, 17.210517839064945, 16.902629076295366]",2026-03-18 13:31:07.413197
17.890722305733657,"[18.07459275393441, 17.44993787771881, 15.9893548486057, 17.848076510108292, 18.121644629873916, 18.32335030831058, 18.05986747246679, 17.96329033346627, 18.280535785501733, 18.796572537350063]",2026-03-19 12:21:06.851085
16.930336764119396,"[17.90390986900635, 17.07691658741602, 13.330291131085684, 13.795575513084026, 19.707584286897568, 19.300606650918795, 17.77680844863024, 16.719636776390466, 15.698396324815167, 17.99364205294966]",2026-03-19 12:21:28.356237
16.383338574101913,"[17.10489078749578, 16.14751740957757, 6.247430745160598, 11.405689173850355, 22.31466852777863, 18.974771451360553, 18.388099364972238, 18.3829033346627, 17.845142957940915, 17.022271988219774]",2026-03-19 12:22:25.949616
17.81897874037488,"[15.270711261772556, 17.410919716538334, 17.865984599809796, 17.046219744148235, 17.71679525723226, 18.52649400251557, 19.11824707795196, 18.01045725066724, 18.381177715740712, 18.84278077737215]",2026-03-19 12:23:14.614057
16.296697165383318,"[17.804284136576985, 14.14265499892628, 8.482222290394821, 12.76988679939872, 20.803160566923335, 16.59544973463816, 19.353832407890295, 18.520128386047794, 17.06000552198055, 17.435346811056235]",2026-03-19 12:24:24.351832
17.18896677608369,"[18.281149338896217, 14.285536245666778, 14.235416602754855, 18.4607287480443, 18.11487636899101, 18.399296714421574, 17.848958493112864, 17.48331901708746, 17.43197226738657, 17.34841396447526]",2026-03-19 12:26:15.826817
16.31596465932448,"[18.006852624474647, 12.95755744393656, 11.019668221001933, 9.265768322238245, 20.424272172285793, 18.28615363376998, 17.624321256557355, 18.174448568886707, 19.144725741632666, 18.255878608460904]",2026-03-19 12:28:55.466213
16.905708347393933,"[17.799414056508265, 13.146225112740437, 15.143878271006534, 19.158549866552136, 18.085061508727797, 18.136312390710803, 17.448595729668376, 17.090491456268982, 16.71942586741111, 16.32912921434488]",2026-03-19 12:30:09.099571
17.57279427554683,"[18.316639568058413, 17.12763061017885, 12.8226140442372, 19.698783630395436, 17.470376875172562, 17.920763413811084, 17.790114887873116, 18.999716231555052, 17.808981654753506, 17.772321839433076]",2026-03-19 12:31:10.456791
17.076164984507777,"[18.132726938061786, 12.219318495567077, 13.852156640181612, 18.537998128662146, 17.144004816394148, 19.90035509402706, 17.676396600914195, 18.10682348068841, 17.62840522133939, 17.563464429241954]",2026-03-19 12:33:14.611688
17.499165950854373,"[18.339226002392856, 16.02448078043992, 13.80548823511366, 17.904504248857258, 17.737061692793812, 18.18221385403565, 17.656226033070528, 18.897156946958308, 18.34812252661288, 18.09717918826886]",2026-03-19 12:34:32.761711
17.674153296315612,"[17.329662238856336, 16.954397643954966, 15.821279565604197, 18.09303770285609, 18.764821149185508, 17.49771834831426, 17.902548547412337, 18.42295686719637, 18.158687916065897, 17.79642298371016]",2026-03-19 12:35:17.791165
17.39034266957082,"[17.044762554836336, 16.005403104580175, 15.611080007362641, 17.725595913734395, 18.08331671626223, 18.271946037978953, 17.664298094916713, 17.711599226922722, 18.036494922845662, 17.74893011626837]",2026-03-20 12:17:21.941125
16.56687923735313,"[14.8171802619873, 16.551638187563274, 9.708312881553518, 17.747511274043624, 15.150263061017887, 17.512501150412618, 18.771455195263368, 18.458964782035157, 17.691447832622632, 19.259517747031936]",2026-03-20 12:18:56.799863
17.48248113323312,"[16.650075160290825, 15.693411203484983, 17.843378991931772, 17.328971991287542, 16.79433690216891, 18.994711936681288, 17.544463447556524, 17.934798447709912, 18.61087676780072, 17.42978648341872]",2026-03-20 12:19:44.605227
16.643324155597142,"[18.347528146761974, 13.170422124735405, 13.431259011565482, 19.10108675644998, 18.535371353192012, 18.494723440807437, 17.018475626591407, 16.64790854986655, 16.385135135135133, 15.30133141086603]",2026-03-20 12:19:52.830097
17.736033990858054,"[17.82138693744823, 18.065427800104302, 18.022210632880324, 17.602444243335277, 17.38187179801822, 17.660425039114028, 18.261496456729144, 17.497564959965644, 17.75888118538516, 17.288630855600207]",2026-03-20 12:21:23.348401
17.23412622327208,"[18.94601113599411, 14.592984016934073, 18.129160658956348, 15.506334938798048, 17.66899561309323, 18.654745835506336, 17.081997576464094, 17.333803724269107, 17.297604073994542, 17.129624658710927]",2026-03-20 12:26:05.900938
15.985288140012885,"[15.741383409516214, 15.118032334263889, 9.68522793508605, 19.393713378531768, 15.832937080099395, 17.68997146976716, 17.339172316470844, 17.764729116176337, 16.441505353253365, 14.846209006963832]",2026-03-20 12:27:20.008782
16.93569193484063,"[16.79004202840752, 14.223874129521123, 16.15553195079302, 16.81535110592999, 17.83613139245943, 18.068342178728102, 17.616824401018498, 17.966664877135933, 17.06899791391846, 16.815159370494218]",2026-03-20 12:28:37.334235
17.245072399300547,"[17.58710540847317, 14.880452955793478, 16.223157038991317, 17.69601113599411, 17.9248665521367, 17.855995183605852, 18.097946130011962, 18.535965733042918, 17.389119397490568, 16.26010445746541]",2026-03-20 12:30:31.258766
14.947063763536521,"[16.532464643985644, 13.445926772402368, 7.6883225450194805, 19.4249662545633, 15.583949443200295, 16.543546952173514, 16.575394208055954, 14.485362916832837, 13.563671503512595, 15.627032395619228]",2026-03-20 12:31:39.011470
16.797544636009448,"[17.58463202135166, 16.045379942939533, 16.00325566769948, 18.56637497315704, 17.74139491364236, 16.7282648710004, 16.30571831763659, 16.144871460563856, 16.951617480136207, 15.903936711967361]",2026-03-20 12:33:46.073174
17.197688821057152,"[18.443357517562966, 16.524795226554588, 16.08292174126453, 18.581426204865476, 17.43833788385434, 18.771244286284013, 16.489343344479554, 16.547324140258308, 16.960245574746143, 16.1378922907016]",2026-03-20 12:35:32.696709
17.099109964107125,"[17.855995183605852, 16.36753382213087, 17.556504432923273, 18.22516259164954, 18.211741111145198, 17.742622020431327, 16.777061539405466, 16.05301101328343, 16.607126422676934, 15.594341503819368]",2026-03-20 12:37:26.896395
17.341191290609565,"[17.899078136024787, 17.127764824983895, 17.183904960579195, 18.399028284811486, 17.17349372641654, 18.170671380801913, 17.198841151026166, 16.770427493327606, 16.91975105071019, 16.56895189741387]",2026-03-20 12:39:06.025636
17.15879720526429,"[17.597554989722983, 17.365075773844218, 18.76861751081388, 16.89030048777495, 18.40876844494892, 17.123565818940396, 16.2975695616161, 16.850112740436238, 16.15545525661871, 16.130951467926497]",2026-03-20 12:39:57.213294
17.841158695585484,"[17.988580237445166, 18.148890235297728, 17.4812291008375, 18.389249777586894, 16.869957358039084, 17.60976853698193, 18.450739331840353, 17.876357486885293, 17.037725864343344, 18.55908902659754]",2026-03-20 12:42:51.024318
17.66133194772525,"[17.99548271313311, 17.295188207503756, 17.569753351535415, 17.840924778353838, 17.820025615854217, 18.079347792741665, 17.96863975212443, 17.281766726999415, 17.332845047090224, 17.429345491916433]",2026-03-20 12:46:26.347767
16.17831970733503,"[17.47426910451882, 14.04170629199006, 15.856002853023284, 16.457764518207195, 16.350967880479796, 16.263613215940115, 16.544083811393687, 16.480983679479706, 15.48077660520907, 16.833029113108566]",2026-03-20 12:47:09.446229
16.639086802466483,"[18.57226125103537, 15.728364573427003, 15.34696444458079, 16.755184526183392, 16.560726447219068, 16.61523683161027, 16.467025339755192, 17.297163082492254, 15.357279811025554, 17.69066171733595]",2026-03-20 12:48:09.158169
16.919480703745744,"[17.40775608184802, 15.183375770776452, 18.146455195263368, 16.934150381936988, 18.431374052826946, 17.833581311163602, 16.02122127803172, 15.92761603828573, 16.74502254808725, 16.564254379237354]",2026-03-20 12:49:09.735559
17.253424394882963,"[17.48349157897966, 13.084409608246158, 17.400163358591282, 17.826544620670614, 17.345959750897322, 18.688970610792406, 18.23501779304844, 18.517463263490505, 16.819147467558363, 17.133075896554896]",2026-03-20 12:49:41.616080
17.32443169616836,"[17.730561861521, 17.57126806147805, 18.684119704267264, 16.7138655397736, 18.564304230450656, 17.367261557812068, 17.094997239009725, 16.723433138018834, 16.741360401263922, 16.05314522808847]",2026-03-20 12:50:54.305901
15.960709574500722,"[16.45832055097095, 11.78196996656134, 14.914275086664416, 16.664378623799735, 12.272294996472068, 15.445765714636316, 16.537162162162165, 17.083684848298923, 18.430453722735223, 20.01879007270608]",2026-03-20 12:53:22.252406
16.213767754701355,"[17.032127189618677, 15.319335368285424, 12.558996993588368, 18.49292112771114, 16.038400773077278, 16.268809246249656, 16.419149001441852, 15.947824953216553, 15.697150044482623, 18.362962849341965]",2026-03-20 12:54:56.130053
17.082845047090224,"[17.641615792864375, 16.047719115256005, 19.451502438874744, 16.95834739393196, 17.527207258336656, 16.994182746878547, 16.272528913703713, 16.025822928490353, 16.533557535969567, 17.375966346596314]",2026-03-20 12:55:50.916283
16.963056416234622,"[18.388521182930948, 13.804433690216891, 12.165057367242383, 18.840556646317147, 18.498654017240852, 18.05718317636592, 17.711081541246127, 18.43718363653097, 17.28368408135718, 16.444208822897814]",2026-03-20 12:56:47.202355
17.331138601711814,"[18.120475043715683, 15.955187593950363, 18.14288891615793, 16.38776191060527, 16.523127128263337, 18.106708439426942, 16.54897306500598, 15.892585974169402, 18.366375740098782, 19.267302205724455]",2026-03-20 12:57:08.938747
17.918589133969384,"[17.69716154860877, 17.398533607387183, 18.69295870785655, 17.539382458508452, 17.191286774856582, 18.705785808509987, 17.817743964168482, 17.836016351197962, 18.220119949688623, 18.086902168911248]",2026-03-20 12:58:39.768823
16.70582223824278,"[17.940953155198333, 17.689837254962114, 16.34140028223456, 18.3032756081848, 17.121130778906036, 16.81579209743228, 15.39928904500414, 15.667373531306563, 15.108963248151671, 16.670207381047334]",2026-03-20 12:59:02.447136
17.71835598367948,"[18.693898211491856, 17.03281743718747, 17.190040494524037, 17.446237383808324, 18.38735159677271, 17.48924364205295, 17.12375755437617, 17.81883685615241, 17.569369880663867, 18.43200677976501]",2026-03-20 13:00:50.043124
17.827900190201554,"[17.958477774028285, 17.598168543117467, 17.963539589532783, 18.100611252569255, 17.92542258490045, 17.863645427493328, 17.468977206491395, 17.9666073565052, 17.556619474184743, 17.876932693192625]",2026-03-20 13:01:42.633258
17.86485144338436,"[17.40484170322422, 17.933379605485168, 17.737886155167654, 17.77009770837807, 18.01666947878639, 17.810764794306223, 18.0240321195202, 18.10826149645673, 18.175273031260545, 17.6673083412584]",2026-03-20 13:02:36.588442
14.9211123723042,"[15.770469675123477, 15.205482866521459, 9.963225143418107, 12.300499279074762, 19.918416572077184, 17.377481056538944, 15.90207687824033, 15.534366659508544, 14.47765515231463, 12.76145044022456]",2026-03-20 13:04:42.148232
16.516025247722183,"[17.896010369052366, 17.02811991901095, 17.44942019204221, 17.27152805472896, 16.880445286376045, 16.20689787403749, 16.28616130318741, 16.091569009418045, 12.93336043194159, 17.11674003742676]",2026-03-20 13:06:53.389093
17.697148127128262,"[17.915548209957972, 16.417826026934993, 18.75527272448385, 16.72650090499126, 17.474000674908734, 17.55978310887505, 18.61831610270884, 18.158496180630117, 18.012758075896553, 17.332979261895268]",2026-03-20 13:08:10.029745
16.527839985274717,"[18.30935362149891, 17.208926434948, 14.91546384636623, 19.7309568365187, 17.35196107003712, 16.40701214835721, 17.27024342730926, 13.614596435254779, 16.562394545510323, 13.907491486946652]",2026-03-20 13:08:48.578471
17.3097217535356,"[17.295782587354665, 15.653070067797652, 17.85643617510814, 18.252580758965546, 15.30100546062521, 17.515396355492836, 17.870950547596404, 18.399910267816058, 17.5233150289904, 17.428770285609104]",2026-03-20 13:09:42.154522
17.17064837254962,"[17.679100070558643, 15.259878209651195, 18.283661073104888, 16.55627818510906, 18.481282786759518, 16.48566202411265, 17.29608936405191, 17.563426082154802, 17.895473509832193, 16.205632420161365]",2026-03-20 13:10:08.882637
16.987901494002514,"[17.887458968616745, 17.344406693867533, 18.089318035402034, 16.25283768444949, 19.107298984569134, 15.9980979844771, 16.393724882657914, 16.551638187563274, 15.60841488480535, 16.64581863361659]",2026-03-23 12:18:06.270367
15.24958776881308,"[17.97859082124122, 13.683774580482865, 10.755936129091634, 16.955682271374666, 15.89064944626806, 16.218018529312516, 16.122802711906004, 14.996951406571156, 15.037963616283708, 14.855508175598981]",2026-03-23 12:18:53.284464
16.99621130778906,"[15.917454060189588, 17.58938706015891, 17.435730281927782, 17.07335030831058, 18.66254946774243, 16.303724269104517, 17.332921741264535, 16.636289382458507, 16.750007669417432, 16.26069883731632]",2026-03-23 12:19:46.365362
15.797170751909686,"[17.841327422768966, 13.560718777801638, 13.735849924839709, 17.770634567598247, 16.439089486762587, 16.484262355431483, 16.294961959689545, 15.602164309599043, 15.644959658864314, 14.597739055741327]",2026-03-23 12:20:55.382795
17.765037810227934,"[17.730274258367334, 17.75360846090131, 17.48138248918612, 16.847370923704634, 18.52614887873117, 17.564442279964414, 18.720894560849157, 18.19329616222352, 17.417707150964812, 17.415252937386875]",2026-03-23 12:22:02.596876
16.720058594349176,"[18.460594533239256, 16.66121498910943, 18.8567966377274, 16.165943184955673, 15.998903273307361, 15.87943292327515, 16.702035463386203, 15.854622357885695, 17.000203239561923, 15.620839341043654]",2026-03-23 12:23:31.188722
17.04517095131454,"[18.54839018928122, 16.812743504003436, 17.06729146854005, 18.495701291529894, 17.190002147436882, 17.080003527932018, 16.539137037150656, 16.698373316562876, 15.960575359695676, 16.059491671012672]",2026-03-23 12:25:32.480419
17.327231033530694,"[17.923025891953245, 17.434464828051663, 17.675744700432556, 17.794428935178086, 18.445619995705126, 17.130449121084762, 17.334609013099367, 16.72034619750284, 16.725465533638065, 16.088156118661225]",2026-03-23 12:26:46.995526
17.209292649630335,"[17.80733273000583, 17.53236494155904, 17.277797803478848, 16.84717918826886, 18.17791898027426, 16.808717059852135, 15.90432018283891, 16.986858453231893, 18.102317697947665, 16.648119458845905]",2026-03-23 12:28:23.311236
16.307852333036784,"[18.102605301101327, 17.44767539957665, 15.15329248090315, 16.80850615087278, 15.606804307144829, 15.521597079485844, 16.74582783691751, 16.171561033223917, 15.620014878669815, 15.900638862472006]",2026-03-23 12:28:42.040713
17.402236018652022,"[18.07313556462251, 17.222884774672515, 17.27566954014173, 17.75038730558027, 18.20403334662699, 18.42238166088904, 17.706786667484735, 16.746748167009237, 16.68947679234285, 15.930856367150351]",2026-03-23 12:30:32.653074
17.371079010338377,"[18.106133233119614, 17.772034236279413, 17.71284550725527, 17.50648065772924, 18.67623937785686, 17.513709083658007, 16.52034696444458, 16.58563288032641, 16.423501395833974, 16.89386676688039]",2026-03-23 12:32:30.674777
17.352768276221738,"[18.288166855845628, 18.121318679633095, 16.96666871184465, 18.831487560204927, 17.400604350093566, 16.885890572752093, 17.150427953492652, 16.780244347639353, 17.159113568733318, 15.943760161978096]",2026-03-23 12:34:27.169375
16.83143195692855,"[18.375674908733934, 16.591940976163453, 18.773410896708285, 18.02150121176795, 17.126537718194925, 16.331046568702643, 15.594303156732215, 15.761419762554837, 13.814921618553855, 17.923562751173424]",2026-03-23 12:35:37.036445
15.34948384820689,"[16.57236478817069, 14.069699665613399, 14.388632389483696, 16.64785102923582, 14.452307727705003, 14.812080099395649, 15.706986072337944, 16.13075973249072, 15.560576893579164, 15.153580084056815]",2026-03-23 12:36:14.976890
17.30197564193024,"[18.25353943614443, 17.57055864036568, 16.554533392643492, 18.495528729637698, 18.232621100101237, 17.260215664018162, 17.256246740497595, 17.140515231463016, 16.373554314814246, 15.882443169616838]",2026-03-23 12:36:55.350075
17.885911663650027,"[17.88109335214897, 16.213244316961685, 19.075873546645397, 17.00516918734853, 18.212661441236925, 18.554698285118263, 18.202691198576556, 17.611685891339693, 17.79446728226524, 18.307532134859034]",2026-03-23 12:38:19.530472
17.784399254532627,"[18.187870049391048, 17.33618124367273, 17.59956821179863, 18.602402061539404, 16.677435806976103, 17.547013528852347, 17.724119550878914, 18.15358775347425, 18.017033776114367, 17.998780562628465]",2026-03-23 12:38:45.286055
17.875544528637604,"[18.18712228119152, 16.31472988311808, 17.195466607356504, 18.008060557720036, 19.044812406049637, 17.588370862349294, 19.285708807558976, 18.071160689634016, 17.9968632082707, 17.063149983127282]",2026-03-23 12:39:12.834646
16.957875724759948,"[17.94056968432678, 16.57269073841151, 17.845162131484493, 17.023153971224346, 18.119688928428996, 16.941033684081358, 17.058989324170938, 16.58726263153051, 16.35974936343835, 15.130456790502194]",2026-03-23 12:39:51.080049
17.746899638003498,"[17.980393134337515, 16.292200969414363, 17.418742522318006, 19.678574715464613, 15.795951314538147, 18.701375893487132, 16.999915636408257, 17.649266036751847, 18.596228180507406, 18.356347976807683]",2026-03-23 12:43:12.047544
17.24565335767095,"[18.376633585912813, 16.78455839494432, 18.277257109549957, 18.44389437678314, 17.518809246249656, 17.619834647360186, 16.583063625487007, 16.6588374697058, 16.358618124367272, 15.835026996349356]",2026-03-23 12:44:39.741551
17.383250375801452,"[18.258371169125994, 16.161456575758503, 18.680936896033376, 17.114400865110287, 18.707799030585637, 17.696950639629414, 17.217976347516643, 17.2090989968402, 16.26117817590576, 16.524335061508726]",2026-03-23 12:45:43.428436
16.368968003190478,"[18.48070758045219, 17.488630088658464, 16.57623784397337, 16.947188391569775, 15.541230788109335, 15.505702211859987, 15.967401141209315, 16.038554161425896, 15.785079915329632, 15.358947909316809]",2026-03-23 12:49:36.150641
17.211710433475474,"[17.546150719391356, 16.956698469184282, 16.876917354357765, 20.308099671748934, 16.896225112740435, 18.323561217289935, 16.691566708592813, 16.51152713439887, 15.71383102739516, 16.292526919655185]",2026-03-23 12:51:01.115748
17.926344832346537,"[18.046024174003744, 17.668861398288186, 17.318848360278555, 18.075263827959628, 18.182233027579226, 18.36898334202534, 18.221116973954658, 18.45254164493665, 17.792319845384544, 17.13725572905482]",2026-03-23 12:51:51.961979
15.887399530631654,"[18.908795287909932, 15.838324845844712, 16.286295517992453, 18.105155382397154, 16.872315703899133, 15.547864834187195, 15.911625302941989, 15.007841979323251, 10.757700095100777, 15.638076356719942]",2026-03-23 12:53:20.269670
17.511889514372488,"[17.197959168021594, 17.01947265085744, 18.104906126330643, 17.161471914593367, 17.067425683345093, 17.982176273890236, 17.58300227014756, 18.768157345768014, 15.822487498849586, 18.411836211921344]",2026-03-24 12:23:07.714521
15.863037626161915,"[17.964191490014418, 16.032495321655368, 15.726888210571524, 16.171867809921157, 14.941443997913918, 15.565734576801548, 16.47732153265638, 15.84704880817253, 14.022475227781698, 15.880909286130624]",2026-03-24 12:24:42.049940
16.610520139890173,"[17.911483418719513, 16.643038469797833, 16.428735773230667, 18.603571647697642, 17.04301776237077, 16.760706506733747, 16.645531030462926, 15.749455471362396, 15.937471239684635, 14.382190078841612]",2026-03-24 12:25:16.099883
17.373922446850937,"[18.77500230082523, 15.411732674786023, 14.13546492008467, 18.49882657913305, 17.564231370985063, 18.640154768843757, 16.444515599595054, 17.74154830199098, 18.56556968432678, 17.962178267938768]",2026-03-24 12:25:51.956096
15.556949259134276,"[16.1120080068718, 17.589156977635977, 18.161909071386937, 16.665509862870817, 14.339739853360738, 14.46463631622542, 14.978602325367365, 14.025427953492652, 15.628968923520569, 13.603533300610485]",2026-03-24 12:27:51.460872
17.23129045617695,"[18.15523667822192, 15.445305549590453, 17.52542411878394, 17.6483648802037, 17.97728702027794, 16.986417461729605, 17.804878516427895, 16.695382243764765, 17.11486103015615, 16.959747062613125]",2026-03-24 12:28:29.154412
14.642300288370095,"[16.379306377887538, 12.659773138632389, 10.97399684020002, 17.122741356566554, 14.54585544682026, 14.919816240758351, 15.957354204374635, 15.557144829278768, 14.913028806331871, 13.393985642850568]",2026-03-24 12:28:55.027742
16.272716814430776,"[17.7909010031598, 16.379613154584778, 15.873469951222505, 16.464417737828633, 16.058168696505813, 15.771505046476667, 16.143912783384973, 14.36311240298187, 17.150964812712825, 16.731102555449887]",2026-03-24 12:30:15.222197
17.080331395527196,"[17.745900696383103, 16.377695800227013, 18.227904408381143, 16.25525355094027, 18.350730128539436, 17.771861674387214, 16.189699205448356, 17.87582062766512, 16.286640641776852, 15.721807221523454]",2026-03-24 12:32:09.926962
17.020045939810412,"[16.0990658649569, 14.053344632941682, 17.30044175844403, 18.13203669049299, 15.844268644353773, 17.19550495444366, 19.249585851458722, 17.994408994692762, 17.648633309813786, 16.683168696505813]",2026-03-24 12:33:10.581998
17.069994938184497,"[16.84286514096389, 16.7670912967451, 17.770864650121176, 18.380909286130628, 17.598417799183974, 16.854810258612755, 16.537219682792895, 18.131864128600792, 15.90683191704758, 15.909075221646164]",2026-03-24 12:33:57.623613
16.47836840813572,"[19.199562076264684, 14.873051967972513, 17.675802221063286, 17.331311163604013, 15.59691075865877, 16.35863729791085, 15.644537840905606, 15.41579746602448, 15.142325213976745, 17.545748074976228]",2026-03-24 12:35:01.389646
17.141220817866675,"[17.03701644323097, 16.33566739270485, 14.131285087584747, 19.01566861981164, 18.747526612878485, 17.555373193852194, 17.307497622480597, 17.362966684050683, 17.16034067552229, 16.758865846550297]",2026-03-24 12:35:59.550191
17.034930361689725,"[17.372610976470227, 17.233583611988834, 16.617940301254716, 17.374720066263766, 18.909811485719544, 17.91104242721723, 16.732674786023253, 16.73317329815627, 16.18885556953094, 15.27489109427248]",2026-03-24 12:38:16.840809
17.20341787587815,"[18.125, 16.50422201429579, 16.24532165536706, 17.655670000306777, 17.995444366045955, 17.10391293677332, 17.021485872933095, 16.733537595484247, 17.328454305610947, 17.321130011964293]",2026-03-24 12:39:32.803244
16.40377181949259,"[18.09223241402583, 16.910240973095682, 16.119485688867073, 15.597294229530325, 16.440163205202932, 16.89653188943768, 15.425633493879804, 17.580375494677423, 14.20916802159708, 16.76659278461208]",2026-03-24 12:40:01.724138
16.85877343007025,"[17.319097616345065, 16.34021152253275, 17.845545602356044, 17.038243550019942, 19.35933521489708, 16.750026842961006, 16.756334938798048, 15.686010215664018, 15.743875970181305, 15.749052826947263]",2026-03-24 12:41:46.310219
17.15077307727705,"[17.558383440193882, 15.434069853053963, 18.769403626100562, 16.37903794827745, 17.285889038868607, 16.05891646470534, 17.773951590637175, 17.05498205356321, 17.76258167929564, 17.43051507807467]",2026-03-24 12:43:27.378153
16.233117694879898,"[17.677451145810963, 16.572920820934442, 16.61943583765377, 15.540061201951099, 15.554077062306346, 16.62108476240145, 16.646854004969786, 15.63851734822223, 15.964199159431848, 15.496575605117036]",2026-03-24 12:45:26.430447
16.41286774856582,"[17.759648127128262, 16.97460655888579, 17.74965871092432, 16.704681412399914, 15.354173696965978, 15.760767862073196, 15.759099763781943, 14.939756726079088, 15.378869221093966, 17.747415406325736]",2026-03-24 12:48:26.136452
17.237289857962388,"[17.61318142773875, 17.647271988219774, 17.638835629045616, 17.58388425315213, 19.092439488296467, 17.644204221247353, 17.409520047857164, 16.320788722888608, 15.708194005583337, 15.714578795594687]",2026-03-24 12:49:18.020551
17.463439887106176,"[18.708796054851675, 16.741609657330432, 17.549448568886707, 18.437931404730495, 17.795464306531276, 18.262608522256652, 17.676089824216955, 14.829547197594872, 17.7920130686873, 16.840890265975396]",2026-03-24 12:49:53.108871
16.91040778292481,"[18.55214820382244, 15.43974522195294, 18.818046906157008, 17.700478571647697, 16.62058625026843, 16.708822897812684, 16.2470856213762, 16.70389529711323, 15.999574347332574, 16.313694511764886]",2026-03-24 12:51:33.482841
17.39871575605117,"[16.972670030984446, 16.299697824953217, 18.012988158419486, 17.21500444826211, 17.43724499187042, 17.021390005215203, 17.60927002484891, 17.062708991624998, 19.126338313341716, 17.229844770991196]",2026-03-24 12:52:21.394263
17.790521366996963,"[17.95471975948707, 16.957733840537472, 16.973015154768845, 18.249455471362396, 18.150040647912387, 17.961219590759885, 18.166108077430437, 17.881055005061814, 17.87754624658711, 17.734319876062216]",2026-03-24 12:53:07.986436
17.401518928122222,"[17.210786268675033, 16.5540157069669, 16.996100101236312, 18.38023821210541, 17.132864987575545, 17.780336380648528, 17.701552290088046, 18.2631645550204, 17.44054284136577, 16.555587937540263]",2026-03-24 12:54:16.694993
17.1734093628248,"[16.833431757523698, 13.723847286560114, 17.655363223609534, 17.858641132619567, 18.108127281651687, 17.258317483203975, 17.838834862103877, 18.19902905175323, 17.976539252078414, 16.281962297143906]",2026-03-24 12:55:05.485363
17.560594149768384,"[17.800967113538054, 18.111520998864926, 17.07568948062705, 18.869853820903764, 17.81592247752861, 17.845123784397337, 16.508593582231494, 18.103679019541676, 17.219318495567077, 16.25527272448385]",2026-03-24 12:55:40.522425
17.19296829462834,"[17.610727214160814, 17.034830659263125, 17.55865186980397, 19.39317651931159, 17.58921449826671, 17.3228364573427, 16.623117158020676, 15.985462619259442, 16.682152498696198, 16.129513452158175]",2026-03-24 12:56:35.351777
17.398127128263337,"[16.972267386569317, 15.394553179740468, 17.388640058901128, 19.218850661103783, 17.580337147590267, 17.300901923489892, 17.75652283952511, 17.90860738718287, 17.332097278890696, 17.128493419639845]",2026-03-24 12:58:11.273038
23.32997476761665,"[22.70732352670491, 23.118500168727184, 24.349211583888085, 23.049379544129827, 23.86599993864466, 23.25685645918336, 23.432850415682424, 23.258543731018193, 23.19208822897813, 23.06899407920974]",2026-03-25 12:42:49.102400
23.18670238058717,"[23.0803448170077, 23.103122986777922, 23.309967174893394, 22.852026260085285, 23.515430867871274, 22.965897935392828, 23.284428014847993, 23.102797036537105, 23.253692824493054, 23.399315887965148]",2026-03-25 13:14:00.669112
22.33318441881155,"[23.087841672546553, 22.92285333006105, 23.86753382213087, 23.418508605086355, 22.299061263306438, 22.970135288523483, 20.52882550541461, 20.57250283768445, 21.404788017302206, 22.259793846059452]",2026-03-26 12:25:25.468506
22.435162745037886,"[19.86070420590852, 22.76509341350431, 23.341009141945577, 22.619201920422125, 23.298961560879835, 22.987468171917662, 22.53769518667362, 21.937275669540142, 22.444741847409272, 22.55947633217781]",2026-03-26 12:43:41.475637
23.451653909869005,"[22.87315550510783, 24.021861674387214, 24.17291085069178, 22.87470856213762, 23.016611958155657, 23.094955057213856, 23.89067628922907, 23.305403871521918, 23.636051630518146, 23.63020369972697]",2026-03-26 12:50:55.932438
23.20028683621192,"[25.36935914347946, 25.302117526152713, 23.068265484553795, 23.427577691198575, 23.852271681443078, 22.8729254225849, 22.36706982237629, 21.646738963708316, 22.62708224683253, 21.46946037978955]",2026-03-26 13:00:53.688045
22.90103192011535,"[23.422745958217014, 22.380433782249902, 21.04305994416664, 23.8580812651471, 23.049571279565605, 21.092891983924904, 23.208194005583337, 24.31586879160659, 23.145918336043195, 23.493553854649203]",2026-03-26 18:31:50.367619
20.242909623584993,"[20.863250452495627, 13.923405528116083, 14.956303494186582, 11.999781421603215, 23.209823756787436, 22.444780194496428, 24.416855845629968, 24.191144890634106, 23.49453170537166, 22.92921894652882]",2026-03-26 18:36:50.886204
21.863054882351136,"[23.614366352731846, 20.324665613400008, 19.12156410099089, 19.087780317207105, 21.507673252139767, 23.27321149185508, 22.249286744178914, 24.284194097616343, 22.835019326931928, 22.33278752645949]",2026-03-26 18:39:32.068965
21.703320090805903,"[22.88325996257324, 21.077687363867838, 17.005533484676505, 15.460030831058072, 24.65596910758659, 24.46996656134, 21.274714697671566, 24.12576310703439, 22.67181412399914, 23.40846166825168]",2026-03-26 18:46:32.463545
24.490687409884345,"[26.55706430039574, 28.178379145320122, 25.08187103107648, 21.97230573365647, 24.13707549774519, 22.916871184464828, 25.214858729330917, 24.309656563487437, 23.408825965579656, 23.129965947786605]",2026-03-26 18:52:37.734608
22.037298294321563,"[21.275117342086695, 17.75192118906648, 21.24401785440378, 21.4384759333681, 24.66793339877903, 24.139242108169466, 24.271558732398685, 23.334298401693406, 21.60156609503942, 20.64885188821057]",2026-03-26 19:05:59.854341
21.038442954873148,"[19.691996195968954, 22.89207979261895, 19.86427048501396, 15.518606006687733, 20.196375433322086, 22.731654753504923, 22.29202457281345, 21.9754501948032, 22.673616437095436, 22.548355676902784]",2026-03-26 19:12:44.303704
24.388425315213055,"[24.126184924993098, 22.438472098659386, 25.226151946498142, 26.14005890112587, 24.494566217750098, 24.840840414762095, 24.024047458355064, 24.74558625026843, 24.736555511243367, 23.111789428475014]",2026-03-30 14:15:27.136089
27.03256242905789,"[24.286629137650703, 22.852122127803174, 24.343267785379023, 28.026965671687577, 27.046526520845475, 26.10372503604626, 27.063149983127282, 32.327879099303615, 29.620670613860174, 28.654688314875603]",2026-03-30 14:37:42.890307
24.672805396202104,"[27.41318219468049, 24.574539068012395, 26.520653741141825, 23.718095223486824, 22.871218977206492, 24.24799444734178, 24.350937202810073, 24.33642283032181, 24.368155044942785, 24.32685523207657]",2026-03-30 14:43:53.537927
23.604091250728594,"[24.495524894928984, 23.86371828695892, 25.12142605147713, 24.153737307114152, 24.399120317820657, 23.534355155382396, 22.586511028622265, 22.52047734454091, 22.876453354603186, 22.489588765837347]",2026-03-30 14:50:11.751237
23.748230281927786,"[23.22959168021597, 24.155961438169157, 24.59440285915882, 24.443871368530846, 23.6606896340154, 23.655800380403107, 24.719740313525786, 23.05779672976041, 23.058391109611314, 22.906057305887046]",2026-03-30 15:05:08.010979
24.142417246985918,"[25.376434181059608, 22.95656041967052, 24.1750391140289, 24.63579853974292, 23.89431926250882, 23.66021029542596, 24.387654538761236, 23.309257753781022, 24.786521765806672, 24.242376599073534]",2026-03-31 12:34:03.895156
23.13690677056171,"[23.578952817743964, 22.7161625302942, 24.071367763904654, 23.084812252661287, 23.805469061570083, 24.944703500322117, 23.090545142190997, 22.335318434211736, 22.13637374605025, 21.60536245666779]",2026-03-31 12:39:26.766570
23.88056416234623,"[24.694987268767065, 21.120003374543668, 21.992993987176735, 26.758539896309475, 23.019718072215234, 23.90701214835721, 24.584010798539744, 23.918228671350125, 24.277425836733443, 24.532721569469583]",2026-03-31 12:44:48.792527
23.371222811915207,"[22.521666104242723, 20.312394545510323, 22.239316501518545, 25.45270653741142, 22.940377948891, 24.16144507163236, 24.04419885265515, 24.015112587047888, 23.917193299996935, 24.10781667024573]",2026-03-31 12:54:56.297705
24.935964199159432,"[23.85363300303709, 23.015921710586866, 23.172933858944074, 24.838980581035063, 26.369700432555145, 27.74511458109642, 26.061083075129613, 24.2988043378225, 25.113737460502502, 24.88973295088505]",2026-03-31 13:13:18.029983
22.48945071632359,"[23.084256219897537, 22.534723287419087, 24.15486854618523, 22.243227904408382, 23.1982812835537, 23.461783292941067, 20.84156517470933, 22.88408442494708, 22.163446789581865, 20.3282702395926]",2026-04-03 12:50:35.196964
23.70470250329785,"[26.00814492131178, 24.462680614780503, 23.726838359358222, 26.159500874313586, 21.605477497929257, 24.955363990551277, 22.524407920974323, 23.0442602079946, 23.21053317789981, 21.349817467865144]",2026-04-03 12:51:23.649779
24.018604089333376,"[21.974299782188545, 23.743020830137745, 24.808648035095256, 25.180058747737522, 23.871943737153728, 24.479917630456793, 23.674398717673405, 23.54967481670092, 25.10418903580084, 23.799889560388994]",2026-04-03 12:55:24.856833
23.764970702825412,"[25.051979476638955, 24.456295824769153, 24.788496640795163, 25.224809798447712, 22.068441881154705, 24.562632297450687, 21.845683651869802, 22.883566739270485, 23.730289597202194, 23.037511120655275]",2026-04-03 13:01:53.916371
24.47285409700279,"[27.79600116575145, 24.865114120931374, 25.30206000552198, 23.775903457373378, 24.877538577169677, 23.820731202257875, 23.308701721017272, 23.926952633677946, 23.390611099180905, 23.664926987146057]",2026-04-03 13:05:26.282741
25.981367150351257,"[30.71227797036537, 28.51677301592171, 30.212941374973155, 25.79899990796699, 23.049628800196334, 24.35599901831457, 24.576705678436664, 24.2022080252784, 24.847148510599137, 23.540989201460256]",2026-04-03 13:09:18.785290
25.02820619995705,"[27.31321133846673, 26.067889683099672, 25.700045249562844, 24.87807543638985, 24.248051967972515, 24.43601021566402, 24.853092309108202, 24.55231693100592, 23.85748688529619, 24.37588198300457]",2026-04-03 13:13:50.237202
24.262150274565144,"[24.23641362702089, 24.54750437156794, 24.389015860355247, 26.03907184710249, 23.296890818173452, 23.853326226339846, 24.46655367058318, 24.207327361413626, 23.714816547535047, 23.870582415559713]",2026-04-03 13:18:05.610061
23.703024818234805,"[23.561332331196123, 20.486777924348868, 24.756841120348497, 24.2135204159892, 23.549617296070192, 24.281260545448966, 24.178394484154982, 24.04600116575145, 23.910981071877778, 24.04552182716201]",2026-04-03 13:21:38.006125
23.48139974537534,"[22.7865294352241, 22.091105009663465, 25.595645304782646, 25.0815067337485, 24.50127695800227, 23.387140687793355, 23.779891554437526, 22.624685553885328, 21.950371199803662, 23.015845016412552]",2026-04-03 13:31:22.374254
24.39697671564868,"[28.70129919931282, 25.729630027303124, 24.265442371997423, 23.176442617418783, 25.007822805779675, 23.418201828389115, 24.10214130134675, 24.49617679541062, 22.623400926465624, 22.44920928306286]",2026-04-03 13:42:38.645083
23.04809299935577,"[24.807267539957667, 23.319592293769368, 24.614956897874038, 25.047895511856918, 22.90400573672424, 22.42194450409547, 21.682248366414086, 22.7360454949842, 21.5153618431144, 21.43161180476731]",2026-04-03 13:47:12.770929
24.17883164094855,"[24.067034543056106, 24.08436742645029, 25.047512040985364, 22.64495198944688, 24.301009295333927, 24.69550495444366, 24.047420007976193, 24.093839156977634, 24.346719023222995, 24.459957971592477]",2026-04-03 13:49:10.415810
22.5919524802896,"[24.321352425069794, 23.652560051538487, 21.235025462465874, 22.281517470932908, 23.239523575789182, 21.04766159462527, 23.043090621836367, 19.457618799276005, 22.006818112096205, 25.634356689265886]",2026-04-03 13:55:27.115631
23.269603030953768,"[22.73071524986962, 20.082963923060404, 18.129946774243027, 24.463773506764426, 23.550518452618338, 26.007761450440224, 24.310442678774123, 24.380886277878332, 24.586311623769056, 24.452710372120134]",2026-04-03 13:58:36.897561
22.75315404791852,"[22.89127450378869, 20.43263183728564, 20.597370923704634, 23.27119826977943, 24.065826609810717, 25.594686627603767, 22.959302236402124, 22.96886983464736, 22.70040187747339, 22.04997775868945]",2026-04-03 14:01:17.456128
22.585537012608523,"[24.018467957173975, 23.734488603245698, 22.879041782986164, 22.25582492253888, 22.48084562996595, 21.593187256495998, 22.519039328772585, 22.106558885787035, 22.128704328619197, 22.13921143049974]",2026-04-03 14:05:26.338054
24.04102179648434,"[23.441785286989603, 24.611352271681444, 24.740562781851093, 23.018490965426267, 24.487088535754822, 23.839482927876798, 24.301105163051815, 22.21141899561309, 24.407671718256278, 25.35125931834218]",2026-04-03 14:07:59.896684
22.547343313801882,"[21.616521459029972, 20.106183084332915, 18.024415590391754, 20.880985980304935, 21.732636438936098, 26.68466423290487, 25.270692088228977, 23.62404899223855, 23.627979568671964, 23.9053057029788]",2026-04-03 14:12:06.325859
22.80115309691076,"[23.805699144093015, 23.886611497990614, 21.575585943491735, 24.20055910053072, 21.750947173052737, 23.056013590207687, 18.15655965272878, 26.760073779795686, 23.022306500598216, 21.797174586618404]",2026-04-03 14:13:56.023545
24.03958378071602,"[24.248914777433505, 23.93834171856306, 24.152356811976563, 23.846327882934013, 24.407825106604903, 23.455820320888424, 24.259786176642024, 23.78261419762555, 24.266573611068505, 24.037277203423628]",2026-04-03 14:23:44.799648
23.777866828235727,"[23.052140534405005, 24.900297573396326, 23.556999110347576, 23.391761511795565, 23.97059161886063, 24.520642237015675, 24.16531812743504, 23.95116881921649, 23.70446283400313, 22.56528591588183]",2026-04-03 14:24:40.360452
20.764349480013497,"[21.44334601343682, 24.19248703868454, 22.706499064331073, 23.16282940147866, 23.676967972512806, 22.726784673436207, 22.992338251986382, 20.498186182777555, 16.02900573672424, 10.215050464766698]",2026-04-03 14:26:42.023234
23.48195769549345,"[24.07527916679449, 23.26349050526122, 22.297565726907383, 24.440017486271742, 23.69232598091849, 23.26289612541031, 23.390016719330003, 24.553352302359112, 22.644530171488174, 23.200102770193574]",2026-04-03 14:30:36.911065
24.587918366720864,"[29.996702150504646, 24.17356275117342, 23.52969598429303, 24.298094916710127, 23.368120532564348, 24.3234039942326, 24.209915789796607, 24.77996441390312, 22.427313096297205, 24.772410037733533]",2026-04-03 14:34:55.206492
22.552629459766237,"[24.528752645949012, 23.972489799674815, 24.07025569837715, 24.547120900696385, 23.025930300334387, 22.62876951866736, 21.037442095898395, 20.723398625640396, 21.770926005460623, 19.221209006963832]",2026-04-03 14:41:11.278604
25.40091879620824,"[26.971941436328496, 28.519821609350554, 25.474890327330737, 25.13856719943553, 24.625598214559624, 24.2135204159892, 24.401095192809155, 25.45318587600086, 25.45746157621867, 23.753106114059577]",2026-04-06 12:55:12.794794
23.661423980734423,"[25.891032917139615, 23.283699420192043, 24.805100929533392, 23.820232690124858, 26.46065972328742, 21.937160628278676, 22.678294781728383, 22.42784995551738, 21.91940592692579, 23.390802834616682]",2026-04-06 12:56:29.226998
22.512581679295643,"[25.897398533607387, 21.25371966745406, 16.50798002883701, 21.337086234929593, 21.353728870754978, 24.077369083044452, 22.9166411019419, 22.73825045249563, 21.835713409209436, 27.207929410681963]",2026-04-06 12:57:29.026774
24.66905505107832,"[24.369075375034512, 22.568161947418474, 27.814081817345155, 23.998393257048196, 24.810891339693836, 24.949285977237167, 25.62565190048164, 24.64791621928398, 25.02078412123815, 22.886308556002085]",2026-04-06 12:59:17.984863
24.376917354357765,"[25.320236524833575, 23.526359787710525, 22.459716384943402, 24.9440324262969, 26.10487544866092, 22.622288860938124, 26.284033039850293, 24.887240390219958, 23.97448384820689, 23.645906831917046]",2026-04-06 13:02:15.616503
23.85249984661165,"[25.131837285639783, 24.578162867748564, 23.68689986808602, 25.55996334018468, 25.120754977451913, 23.524327392091298, 23.291694787863914, 22.521167592109702, 21.893003957419396, 23.217186397521246]",2026-04-06 13:06:22.057411
24.562831702303892,"[24.65942034543056, 23.935139736785594, 25.121119274779886, 24.430986747246678, 24.34581786667485, 24.413557996134614, 24.329021842500843, 24.324305150780745, 24.596914593367487, 25.472033469337667]",2026-04-06 13:10:33.337872
24.91456460717244,"[28.29627726477897, 25.061585421971348, 24.44350707120287, 24.52881016657975, 24.584068319170477, 24.899147160781666, 23.67353590821241, 24.655010430407707, 25.259897383194772, 23.743806945424424]",2026-04-06 13:12:58.661903
24.50450194803203,"[25.00680660797006, 22.363637758075896, 25.654316348130195, 24.28618814614842, 23.984262355431483, 24.99798677792435, 24.758758474706262, 24.596185998711537, 24.67125042181796, 24.72562659140412]",2026-04-06 13:15:58.575017
23.92934740927079,"[24.823162407583517, 20.73818142773875, 25.062965917108937, 25.355745927539342, 23.76980627051569, 23.411970426726388, 23.741621161456575, 24.33230051845262, 24.17827944289352, 23.87944059269258]",2026-04-06 13:18:06.935355
24.60586096880081,"[24.211833144154372, 20.309921158388807, 22.035635948093383, 25.396834831426204, 25.25851688805718, 24.490884897383197, 27.705482866521457, 26.44334601343682, 25.67005782740743, 24.536096113139244]",2026-04-06 13:19:50.498942
24.557367242384267,"[24.828607693959565, 24.162135319201152, 24.22859082124122, 25.132009847531982, 25.044175844402858, 24.796971347056477, 24.53252983403381, 24.571279565604197, 23.52737598552014, 24.749996165291282]",2026-04-06 13:20:30.215895
25.24303041690953,"[28.68268168849894, 25.099146393839924, 25.595415222259717, 23.611797097892445, 25.506469153603092, 24.431676994815472, 24.38941850477038, 25.350990888732092, 24.64204911494923, 25.120659109734024]",2026-04-06 13:22:52.688166
24.82414792772341,"[25.299701659661935, 25.0809123538976, 25.45874620363837, 23.552991839739853, 25.516151793109795, 24.46154937570942, 24.503079271098567, 24.655317207104947, 24.988495873853424, 24.724533699420192]",2026-04-06 13:24:29.153828
10.36576026934994,"[24.776187225818326, 24.385890572752093, 21.782794428935176, 19.02537043286192, 10.659915022854864, 2.2271604748903275, 0.2661287848575022, 0.18163097831088748, 0.1856765960057674, 0.1668481762125349]",2026-04-06 13:32:36.667680
23.15720963585606,"[22.216825934901983, 18.181983771512716, 20.706909378163633, 25.55169954290272, 22.733111942816826, 24.107682455440685, 25.089195324723136, 24.262374605025002, 24.481336472681537, 24.240976930392367]",2026-04-06 13:34:06.098560
24.24722558824432,"[25.056830383164097, 21.40647528913704, 22.02328818602939, 26.43337577077645, 24.45694772525079, 24.409282295916803, 24.608763843298465, 24.458500782280577, 25.11820489615609, 24.500586710433474]",2026-04-06 13:35:36.940367
24.549527180415375,"[25.593171917661135, 23.485405098628707, 23.770745774150996, 24.419789397797345, 23.64038485136669, 25.175552964996776, 25.064499800595147, 24.642950271497376, 25.577468785471055, 24.125302941988526]",2026-04-06 13:37:10.606952
23.02769234898917,"[24.721120808663375, 21.80624367273062, 24.03468877504065, 25.03623799736172, 24.4827361413627, 22.173915544375248, 21.72519710402798, 21.498335736417463, 23.331499064331073, 21.46694864558088]",2026-04-06 13:41:20.394733
22.8013735926619,"[24.40161287848575, 23.986505660030062, 20.56968432677854, 24.062279504248856, 20.873278215786726, 22.9685822314937, 23.727125962511888, 22.983230818787003, 22.298792833696353, 22.142643494800136]",2026-04-06 13:42:55.338856
26.162238856336472,"[23.147049575114274, 26.351408871982084, 28.353740374881124, 28.212316317452526, 27.200144951989447, 26.758885020093874, 26.087427524005278, 25.503899898763688, 25.09143862932172, 24.916077399760717]",2026-04-06 13:44:34.520734
24.644505245881522,"[25.443599104212044, 24.389476025401112, 24.510307697027333, 24.5882481516704, 24.320777218762462, 23.74721983618124, 25.441029849372644, 23.941927171212075, 25.47795809430316, 24.58450931067276]",2026-04-06 13:48:56.023296
23.77737598552014,"[24.059710249409456, 21.968240942418014, 20.89906663189864, 26.777502530907753, 20.751794643678867, 25.58853192011535, 24.667569101451054, 23.69152069208823, 25.16815197717581, 24.201671166058226]",2026-04-06 13:50:26.947153
23.15767171825628,"[24.987633064392426, 22.78647191459337, 24.957990766021414, 26.125563702181182, 20.657710065343434, 22.732728471945272, 23.417204804123077, 21.094502561585422, 22.142643494800136, 22.67426833757708]",2026-04-06 13:52:39.731443
23.58931803540203,"[23.041978556308862, 21.10236371445225, 24.17137696720557, 22.785954228916772, 24.666341994662087, 24.18934257753781, 24.650581341841274, 24.486896800319048, 24.288738227444245, 22.509605945332392]",2026-04-06 13:54:29.350770
25.268690370279472,"[26.263038009632787, 29.65069638310274, 25.991578979660705, 22.966223885633646, 25.576107463877044, 24.162844740313524, 24.409397337178266, 24.080609411909073, 24.467109703346935, 25.119297788140013]",2026-04-06 13:55:53.200298
24.084959888946837,"[23.930691474675584, 22.279523422400835, 23.868109028438198, 23.840978464275853, 24.39039635549284, 24.178068533914164, 25.032652544712704, 24.105726753995768, 24.58153741141823, 24.641914900144187]",2026-04-06 13:57:39.203659
23.401396217443324,"[24.771738963708316, 21.805572598705403, 21.98542043746357, 24.472497469092247, 24.771125410313832, 24.855316440163207, 24.029032579685246, 22.3328642206338, 22.85959980979845, 22.130794244869158]",2026-04-06 13:59:21.715341
23.832035923551246,"[24.917994754118478, 24.558835935822316, 24.204355462159096, 24.363074055894714, 25.065535171948337, 23.686267141147958, 21.935492529987425, 23.431661655980612, 23.4071578672884, 22.749984661165136]",2026-04-06 14:00:41.062975
25.22469859189496,"[28.973659385833052, 25.310937356198423, 25.203009479399945, 26.4977030094794, 24.608111942816823, 25.202664355615546, 23.849932509126607, 23.921373132496857, 24.31053854649201, 24.369056201490935]",2026-04-06 14:02:01.358963
23.594218793140474,"[23.103314722213703, 22.545920636868424, 23.886994968862165, 24.12075881216063, 22.96651148878731, 24.696866276037674, 22.274154830199098, 25.747480596373897, 23.005491302880632, 23.5946942970212]",2026-04-06 14:02:54.246603
21.60848199220787,"[22.454577875264594, 19.484346719023222, 19.70852379053287, 20.196356259778508, 22.082706997576462, 18.68155044942786, 18.891980090192348, 26.32554376169586, 25.871552596864742, 22.387681381722242]",2026-04-08 13:37:53.859437
22.31284128907568,"[23.772356351811517, 22.6379919931282, 24.882715433935637, 24.12162162162162, 21.195393747890908, 21.606857993066846, 21.096765039727583, 22.08217013835629, 21.810826149645674, 19.92171442157254]",2026-04-08 13:38:27.060152
21.727185400496978,"[22.944634475565234, 21.49521044881431, 21.438916924870387, 20.979135349878824, 21.91794873761389, 22.5893103659846, 22.940377948891, 21.17395772617112, 18.679249624198544, 23.11311240298187]",2026-04-08 13:38:48.738710
22.849230757431666,"[22.97283875816793, 25.27151655060282, 23.394560849157898, 24.00264978372243, 21.322207565113356, 23.380334079823296, 23.30143494800135, 22.825164125533025, 21.266891891891895, 20.754709022302666]",2026-04-08 13:39:32.757321
23.746079010338374,"[24.789474491517623, 25.436236463478235, 23.55268506304261, 23.13945685185753, 26.01589103291714, 23.139591066662575, 22.35251710280087, 22.66399131821947, 24.006867963309507, 22.364078749578184]",2026-04-08 13:39:48.629986
22.026994432002944,"[22.996192134245483, 19.80314522808847, 21.65705433015308, 20.929610086817803, 22.434982513728258, 20.540483019909807, 24.50977083780716, 22.630763567199434, 21.049272172285793, 23.71867042979415]",2026-04-08 13:40:28.597927
23.649776053011013,"[26.94789781268215, 23.55999018314569, 23.482663281897107, 24.691881154707488, 21.175453262570173, 20.07167070589318, 26.383908028346166, 21.598594195784887, 24.23491809062184, 24.350783814461455]",2026-04-08 13:40:54.298269
22.216386860754056,"[24.254034113568736, 22.242786912906094, 23.936175108138787, 22.33911479584011, 20.725987054023378, 21.221431420069333, 22.35286222658527, 21.01548838850201, 22.852486425131147, 21.223502162775716]",2026-04-08 13:42:06.881223
23.768147758996225,"[25.66727766358867, 26.566420989661623, 24.53130272724484, 24.916460870632264, 24.316367303739607, 23.837182102647482, 21.842098199220786, 22.418589133969384, 22.844050065956992, 20.74172853330061]",2026-04-08 13:42:56.171629
22.0034454857809,"[23.206851857532904, 21.424594287817897, 21.451801546154556, 21.143606006687733, 20.291898027425834, 24.463044912108476, 23.23242936466546, 22.19623354909961, 21.951790042028406, 20.672205264288124]",2026-04-08 13:44:25.952275
22.056126714114797,"[24.93642052949658, 23.010457250667237, 24.332185477191153, 23.218969537073963, 20.608376537718193, 19.421265760652823, 22.667519250237753, 18.011377580758968, 23.35406632512194, 21.000628892229347]",2026-04-08 13:44:46.412810
22.09110117495475,"[24.539163880111666, 21.185979537994296, 22.558460134368193, 21.303091542166456, 21.402506365616468, 21.535359849065866, 23.072483664140872, 20.658208577476458, 22.379245022548087, 22.276513176059147]",2026-04-08 13:46:52.757226
22.732381430806516,"[23.06667408043685, 23.877849188575638, 25.09370110746388, 24.626863668435746, 21.508267631990673, 22.72634368193392, 21.445896094732646, 20.84858269165874, 23.128700493910483, 21.00093566892659]",2026-04-08 13:47:44.009088
23.99850829830966,"[22.076226339847224, 22.63937248826579, 25.546656900941805, 23.578377611436636, 25.22496318679633, 24.985811577752553, 24.898993772433045, 22.05005445286376, 24.89003972758229, 24.094586925177165]",2026-04-08 13:49:03.968469
22.171639644752585,"[23.66099641071264, 23.436263306439244, 24.511975795318588, 21.581874865785196, 21.051937294843082, 20.26697242077492, 21.870992729392274, 21.19023606466853, 21.202564653188944, 22.94258290640243]",2026-04-08 13:50:27.063586
22.780685339141638,"[24.89822683068994, 21.44480320274872, 24.81579976684971, 24.70100776145044, 23.450240819707332, 22.366628830874006, 19.445788722888608, 21.857475381170044, 22.40842715587324, 22.41845491916434]",2026-04-08 13:53:35.261633
22.458124980826458,"[24.38236264073381, 22.030497438414578, 24.347773568119766, 20.93865999938645, 24.146489707641805, 20.979231217596713, 23.658542197134704, 22.19186198116391, 21.202813909255454, 20.703017148817377]",2026-04-08 13:54:50.121948
21.263651563027274,"[22.17479752737982, 21.06006687732, 20.908442494708105, 22.49869619903672, 20.91446298739148, 20.21106236770255, 23.015423198453846, 20.640933214713012, 19.5609066785287, 21.651724085038502]",2026-04-08 13:55:47.427959
23.0530531950793,"[26.404404546430655, 22.82828941313618, 24.70919486455809, 24.70432478448937, 23.53458523790533, 22.50705586403657, 22.590594993404302, 21.859162653004876, 19.820152161241833, 21.57276743258582]",2026-04-08 13:59:30.755990
23.625603966622695,"[27.817648096450593, 24.218505537319384, 23.480515845016413, 24.27872963769672, 24.508850507715433, 23.08333588980581, 22.699519894468818, 21.722378593122066, 22.83710924318189, 21.609446421449828]",2026-04-08 14:00:41.853292
23.631879467435652,"[23.647057244531705, 24.50396125410314, 21.27231800472436, 25.335632880326408, 21.216331257477684, 27.76217903488051, 22.430131607203116, 24.150727060772464, 21.26472528146762, 24.73573104886953]",2026-04-08 14:02:25.495491
22.365618385127465,"[24.060381323434672, 24.249739239807344, 24.309234745528727, 24.209915789796607, 24.281893272387027, 20.8541046722091, 19.220365371046416, 21.337603920606192, 20.897647789673897, 20.235297726784673]",2026-04-08 14:04:00.813268
22.275535325336687,"[20.94186198116391, 24.551300733196307, 22.944730343283123, 21.87841289075682, 21.291836672086387, 20.801952633677946, 22.513785777832318, 22.994408994692762, 22.336238764303463, 22.50082446237384]",2026-04-08 14:06:25.732110
22.306891738503545,"[23.910981071877778, 22.039125533024514, 23.689373255207535, 22.66889974537534, 21.92337485044636, 21.635215664018162, 21.115018253213485, 23.35266665644078, 21.425418750191735, 21.308843605239744]",2026-04-08 14:09:06.645467
21.18085828450471,"[23.77206874865785, 21.74239577261711, 22.120057060465687, 22.4626307635672, 21.85663174525263, 20.89390894867626, 20.84729806423904, 21.259663465963122, 19.268337577077645, 17.58559069853054]",2026-04-08 14:10:22.599369
22.17900803754947,"[23.941026014663926, 21.95226938061785, 22.925882749946314, 22.42606681596466, 22.49635702672025, 21.968796975181764, 21.34697978341565, 21.965326563794214, 21.78559376629751, 20.981781298892535]",2026-04-08 14:12:46.696560
21.59867855937663,"[21.362625394974998, 20.426534650427953, 21.56122495935209, 19.815224560542383, 22.114055741325892, 18.946068656624842, 23.97375525355094, 24.906874098843453, 20.408875816792957, 22.4715464613308]",2026-04-08 14:14:24.442517
23.024338896217444,"[23.408097370923706, 23.778472712212782, 24.385583796054853, 23.3049053593889, 25.182110316900328, 23.299038255054146, 22.00781513636224, 22.329029511918275, 22.025742399607328, 20.52259410375188]",2026-04-08 14:15:38.986420
23.315368362119216,"[24.24279841703224, 22.35592999355769, 22.790153234960275, 24.36376430346351, 25.390430867871277, 22.93109795379943, 22.919402092217076, 22.431838052581526, 22.790862656072647, 22.93740604963647]",2026-04-08 14:17:40.398272
23.206748320397583,"[24.70988511212688, 22.568046906157008, 24.630065650213208, 24.405447587201277, 23.503830874006812, 23.20386078473479, 21.309476332177805, 23.902391324355005, 22.123220695155993, 21.71125793784704]",2026-04-08 14:20:04.784817
21.026798861858452,"[18.653863852501765, 21.97752093750959, 21.32694343037703, 17.84372411571617, 20.61794413596343, 15.34525799920238, 21.193073749118017, 26.94076525447127, 23.034232444703502, 23.334662699021383]",2026-04-08 14:22:00.536744
21.499087339325705,"[22.528913703715066, 21.784270791790654, 22.303567046047185, 22.12051722551155, 20.39955747461423, 21.292124275240052, 21.017616651839127, 22.168508605086355, 21.441275270730433, 19.934522348682396]",2026-04-08 14:24:48.038607
20.755314906279718,"[23.595211982697794, 21.48257508359665, 22.134053747277356, 22.128071601681135, 21.641983924901066, 20.005847930791177, 18.614481393993312, 19.014690769089178, 19.455356321133845, 19.480876307635672]",2026-04-08 14:26:51.679342
22.846063288032642,"[23.096661502592262, 23.734507776789275, 22.461288615516764, 26.682842746264992, 23.170843942694113, 24.123289719912876, 22.594774825904224, 21.38024588152284, 20.57679771144584, 20.639380157683224]",2026-04-08 14:29:21.521325
21.77669915943185,"[23.825006902475685, 23.27909776973341, 23.14507470012578, 19.756611037825564, 21.828983495413688, 22.037054790318127, 20.88232812835537, 21.074140258305977, 22.387834770070867, 19.550859741694023]",2026-04-08 14:30:24.115642
22.434468662760377,"[24.367253888394636, 21.96697548854189, 25.954976684971008, 20.83186336165905, 21.062597785072246, 23.94112188238181, 22.163331748320395, 21.35871399208516, 21.327231033530694, 21.37062076264687]",2026-04-08 14:31:40.138427
23.778562827867596,"[24.157341933306746, 23.789209896616253, 24.38057950118109, 23.3825582108783, 24.344456545080835, 21.900117342086695, 21.23584992483971, 24.521159922692274, 23.52517102800871, 26.549183973985336]",2026-04-08 14:33:13.627450
22.535037733533763,"[23.22119366812897, 23.746069423566585, 23.99235359082124, 24.711591557505294, 22.33062091603522, 22.937118446482806, 22.418090621836367, 20.891205479031814, 20.346274197011994, 20.755859434917323]",2026-04-08 14:34:01.957433
23.293019679725127,"[24.89111344602264, 24.219080743626712, 23.62889989876369, 24.261339233671812, 23.914278921373132, 23.374601190293586, 21.59646593244777, 22.714283523023592, 22.16266067429518, 22.167473233733165]",2026-04-08 14:34:52.843432
22.623675108138787,"[24.20663711384483, 24.67868975672608, 24.192640427033165, 23.664505169187347, 21.78262186704298, 23.03463508911863, 21.626721784213274, 21.085912814062645, 21.93018145841642, 20.034205601742492]",2026-04-08 14:36:24.490085
24.26789658557536,"[24.070524127987238, 24.172067214774366, 24.478211185078383, 24.34796530355554, 24.14767846734362, 23.794846918428075, 24.304249624198548, 23.979162192839834, 23.990685492529987, 25.39357532901801]",2026-04-10 12:55:44.673651
24.12513038009633,"[24.122810381323436, 23.19603797895512, 24.22418090621836, 24.834417277663587, 24.240440071172195, 23.853690523667822, 24.16888440654048, 24.17509663465963, 24.1648387888456, 24.27090683191705]",2026-04-10 13:02:03.117540
22.851964904745834,"[23.414002822345616, 23.7802558517655, 25.396393839923917, 22.76975258459367, 22.578266404883887, 22.80725603583152, 23.13399239193791, 21.57303586219591, 21.683264564223702, 21.383428689756727]",2026-04-10 13:05:48.047256
21.583092385802374,"[23.324385679663774, 21.928628401386632, 25.076981777464184, 22.756407798263645, 21.332235328404455, 18.97981409332147, 20.168228671350125, 20.694063103966624, 21.87607371844035, 19.694105285762493]",2026-04-10 13:09:16.120270
21.306738350154923,"[22.054119244102218, 22.601696475135746, 21.912503451237846, 20.97965303555542, 21.414355615547443, 20.735458784550726, 21.51290762953646, 20.09149614995245, 21.31202641347363, 20.45316670245728]",2026-04-10 13:11:12.506519
22.032754164493664,"[24.032598858790685, 23.127128263337116, 24.885476424210815, 22.898675491609655, 23.042112771113906, 19.227651317605915, 20.292089762861615, 21.0453224223088, 20.94097999815934, 20.8355063349388]",2026-04-10 13:15:33.804202
24.514224851980245,"[28.075839034266956, 26.543777034696443, 25.70347731386324, 23.593026198729945, 24.40111436635273, 24.567464030432248, 22.894169708868915, 23.130330245114582, 23.944017087462036, 22.28903350001534]",2026-04-10 13:17:31.209601
22.887478142160322,"[24.36182777556217, 23.045161364542746, 25.080068717980183, 22.403442034543055, 22.726266987759608, 22.92266159462527, 21.66675614320336, 21.86552826947265, 21.987893824585086, 22.815174709329078]",2026-04-10 13:20:11.182700
23.170019480320274,"[23.8548217627389, 23.519495659109733, 24.92629689848759, 22.94315811270976, 20.852187317851335, 21.449826671166058, 22.46019572353284, 23.654515752983404, 24.626461024020614, 23.41323588060251]",2026-04-10 13:22:27.459152
22.331633279136117,"[22.94281298892536, 22.35407015983066, 24.39116329723594, 21.21989753658312, 21.704278767984786, 22.607141761511794, 22.616153326993285, 21.747457588121605, 20.82917906555818, 22.904178298616436]",2026-04-10 13:23:22.632058
23.526557275209374,"[23.196344755652362, 23.95206997576464, 22.039125533024514, 23.3340491456269, 23.903656778231124, 24.08457833542964, 23.55356704604718, 23.42520017179495, 23.910175783047517, 23.866805227474924]",2026-04-10 13:23:46.323479
21.120342746264996,"[22.692981716108843, 23.45748841917968, 25.40091879620824, 22.78006795103844, 18.615497591802928, 21.351313004264195, 19.14039252078412, 18.74750743933491, 20.503439733717826, 18.513820290210756]",2026-04-10 13:24:06.204166
12.126880924624965,"[12.523756020492682, 12.79170629199006, 12.392263858637298, 12.544597662361568, 12.507094211123723, 11.980550357394852, 10.115501426511642, 11.546250421817959, 13.41929472037304, 11.44779427554683]",2026-04-10 13:31:21.906369
11.488005031137835,"[13.605508175598983, 11.045111513329449, 12.485581495229622, 11.668788538822591, 11.27523238334816, 11.94722673865693, 11.148859557628004, 10.959770070865417, 11.405420744240267, 9.338551093658925]",2026-04-10 13:34:32.134771
10.490806285854527,"[10.06018575329018, 9.128063932263705, 12.155911586955856, 8.692210939657024, 12.919382918673497, 10.59514679264963, 11.060603736540173, 10.920272571095499, 10.30391983924901, 9.072364788170692]",2026-04-10 13:38:58.396369
12.771297972206032,"[16.627105255084825, 13.563326379728196, 14.437409884345186, 12.427063840230696, 12.285582262171365, 13.214406233702487, 11.280850231616407, 11.938387735067645, 11.452453446636193, 10.486394453477315]",2026-04-10 13:42:28.453365
10.183837853176673,"[10.285896708286039, 9.640802834616682, 11.29133815995337, 11.067678774120317, 8.493323772126269, 11.128688989784335, 9.402935852992606, 10.0273414731417, 10.294007117219376, 10.20636484952603]",2026-04-10 13:43:52.125649
11.323649415590392,"[10.505184526183392, 10.952848421633892, 12.026317605914656, 11.842443323005185, 12.288592508513053, 10.817789980673068, 11.588508911863055, 12.215848084179527, 11.189584164186888, 9.809376629751204]",2026-04-10 13:45:51.111251
11.64160237138387,"[16.16028698960027, 12.61124489983741, 12.634732490720005, 10.739830352486424, 11.42804552566187, 11.439568825352026, 11.108211645243427, 10.632784458692518, 9.326184158051355, 10.335134368193392]",2026-04-10 13:48:29.859167
10.83634421879314,"[11.907422462189771, 10.376568395864648, 12.282744577721875, 11.742664202227198, 9.4169133662607, 11.192862840138663, 11.225438690677056, 10.602241003773353, 9.227804705954535, 10.3887819431236]",2026-04-10 13:50:05.754159
11.425729361597693,"[12.911157468478695, 11.32563962941375, 12.726842194066938, 11.317452526306102, 12.095016412553303, 10.992499309752432, 11.722033469337669, 9.821206706138602, 10.036602294689695, 11.308843605239746]",2026-04-10 13:51:26.721355
10.986986915973864,"[10.443177286253336, 7.763348621038746, 7.393529312513421, 14.11387551001626, 12.016634966407953, 12.757941681749855, 12.921261925944107, 10.387228886093814, 11.772651624382611, 10.300219345338528]",2026-04-10 13:54:30.772874
11.786053931343375,"[12.259026904316348, 11.642060619075375, 12.338424548271313, 11.039934656563487, 11.811305488235114, 12.58503466576679, 12.016903396018039, 10.847969138264256, 11.813970610792405, 11.505909286130626]",2026-04-10 13:55:33.860215
11.34963723655551,"[12.805568763996687, 13.720741172500537, 9.472650857440868, 14.386695861582353, 10.201379728195846, 12.622998282050496, 9.85859511611498, 11.124643372089457, 10.263943000889652, 9.039156210694236]",2026-04-10 13:56:01.580955
10.845756511335399,"[11.800568303831641, 12.040371813357059, 12.208888087860846, 11.742721722857931, 10.454777280117803, 10.685454182900267, 8.7284872841059, 10.21186765653281, 11.017309875141883, 9.567118906647853]",2026-04-10 13:57:57.870793
11.543874819768691,"[12.739170782587355, 11.518237874651042, 11.542990919409762, 13.795000306776698, 11.741475442525386, 10.761975795318588, 10.405577967297605, 10.098590361076173, 13.001503205816487, 9.834225542227811]",2026-04-10 13:59:20.837448
12.479693299996931,"[11.814066478510291, 14.329251925023776, 13.046024174003744, 13.589268184188729, 10.483154124612694, 12.602271681443078, 12.015484553793295, 12.261615332699328, 12.107536736509495, 12.548259809184893]",2026-04-10 14:01:40.847273
11.058260729514986,"[12.547665429333987, 11.589160812344694, 11.663765070405253, 14.37419471116974, 10.44459612847808, 11.074562076264687, 8.661705831825014, 10.022969905206, 10.626572230573364, 9.577415099549038]",2026-04-10 14:02:57.168585
10.685387075497745,"[10.155554959045311, 8.306937755008128, 9.003167469399024, 11.037672178421326, 10.903323158572874, 11.400128846212843, 11.031325735497132, 11.073565051998651, 12.25730128539436, 11.6848943154278]",2026-04-10 14:03:51.646859
11.853136408258429,"[13.551572997515109, 10.316900328251066, 13.165437003405222, 13.307570481946192, 11.279757339632482, 12.065067337485043, 12.019913642359727, 9.31602217995521, 12.006108690983833, 11.503014081050404]",2026-04-10 14:05:21.284890
12.10620417523085,"[15.671821793416571, 12.864872534282297, 12.954010338374696, 11.520481179249625, 12.49781421603215, 11.907460809276927, 11.637056324201613, 10.996909224775287, 10.569166641101942, 10.442448691597386]",2026-04-10 14:08:06.707199
11.619664002822345,"[12.992357425529956, 12.007891830536552, 13.295912967450992, 9.597834923459216, 11.934227076111299, 11.227643648188483, 11.509303003343865, 10.604925299874223, 11.560879835567691, 11.465664018161181]",2026-04-10 14:12:37.866211
11.508156425437924,"[12.773069607632603, 11.447602540111053, 10.635967266926404, 13.152437340859588, 11.712101573764457, 11.375241586649079, 11.79403012547167, 10.765216124183207, 10.728115317360494, 10.697782771420684]",2026-04-10 14:14:49.753021
11.645312452066142,"[11.108000736264074, 13.280689173850353, 12.333727030094794, 11.333270699757648, 12.659408841304414, 12.01130472129337, 11.4127642114305, 10.285244807804398, 10.710782433966317, 11.317931864895542]",2026-04-10 14:15:58.638124
12.533730097861767,"[17.95817099733104, 12.313997453753414, 13.863699113415345, 10.94186198116391, 13.663278062398382, 12.504563303371475, 11.764675430254316, 11.01847946130012, 11.082404055587938, 10.226171120041723]",2026-04-10 14:18:59.548499
11.448885250176396,"[12.993258582078106, 11.88075206307329, 13.205452188851734, 11.578366107310488, 11.565347271221277, 10.560979537994294, 11.267869742614351, 10.34930361689726, 11.25233917231647, 9.835184219406694]",2026-04-10 14:21:09.472261
12.67874919471117,"[13.45296346289536, 15.230082522931559, 14.509176457956253, 12.601792342853637, 10.667929564070313, 12.02683529159125, 12.086829309445655, 11.944580789643219, 12.401678068533913, 11.865624137190538]",2026-04-10 14:23:15.761690
11.7274250697917,"[12.581487560204927, 11.811458876583735, 12.906402429671441, 11.111049329692916, 11.241065128692826, 11.962738135411234, 11.310166579746603, 11.398710003988098, 11.240892566800627, 11.710280087124582]",2026-04-10 14:26:20.345453
11.420036736509495,"[12.528031720710494, 11.431822713746664, 11.469000214743689, 13.607885695002608, 10.417388870141425, 10.649292879712858, 11.20939043470258, 10.91112679080897, 11.011040126391999, 10.965387919133663]",2026-04-10 14:28:34.996266
11.689528560910514,"[11.645205080222105, 11.820374574347333, 12.734530785041569, 11.75259609780041, 13.176806914746756, 10.806170813265025, 10.347156180016565, 11.477915912507287, 11.696417615117955, 11.438111636040126]",2026-04-10 14:29:02.384898
12.090618001656594,"[13.210839954597049, 11.195067797650092, 13.248400926465624, 11.258704788784245, 11.738215940117188, 12.24420575513084, 13.177247906249042, 10.786230327944288, 12.21143816915667, 11.8358284504709]",2026-04-10 14:31:55.742801
11.531551983311347,"[11.894231064208363, 11.46430269656717, 13.368714912415253, 12.188449090407092, 12.347474460839955, 11.584846765039726, 10.659435684265423, 9.928578550173329, 11.64250161057766, 10.236984998619505]",2026-04-10 14:33:34.118242
11.611653296315612,"[11.90201552290088, 12.537426757063534, 11.818265484553793, 12.098870294812407, 11.693790839647821, 12.362257262938307, 11.165598061171274, 12.270320121483573, 10.823331134767004, 9.44465748381753]",2026-04-10 14:34:28.085657
12.969995321655368,"[16.91148725342823, 15.038768905113967, 12.941720096941436, 12.605377795502655, 13.321988986716569, 11.614738319477253, 12.105945332392551, 11.850841335092186, 10.984810718777803, 12.324274473111021]",2026-04-10 14:34:54.186707
11.311190446973647,"[12.117794582323528, 8.897463723655552, 11.990635641316684, 11.548033561370678, 11.940247568794675, 11.915973862625394, 11.168148142467098, 10.486797097892444, 11.520883823664754, 11.52592646562567]",2026-04-10 14:38:37.842006
11.244449259134276,"[11.322284259287665, 10.809066018345247, 11.93000889652422, 14.133969383685615, 11.447391631131698, 12.648000582875724, 11.487387643034635, 10.274948614903213, 10.748209191029849, 7.643226370524895]",2026-04-10 14:42:54.863740
11.293153894530171,"[12.400987820965119, 12.151099027517871, 12.024553639905513, 12.305446053317791, 13.818948062705156, 9.393809246249656, 9.230814952296223, 10.476903549406387, 10.865417062919901, 10.2635595300181]",2026-04-10 14:46:46.355203
11.319749516826702,"[15.281966131852625, 12.25553731938522, 12.631818112096205, 12.065968494033193, 11.181416234622818, 9.682505291898028, 10.860949627266313, 9.271597079485844, 10.657959321409946, 9.307777556216829]",2026-04-10 14:49:15.733674
10.820541384176458,"[12.815999171702916, 10.947997515108751, 12.847577997975275, 11.62503451237844, 9.22000107371844, 10.650788416111912, 9.355040341135687, 11.640373347240544, 9.382266773015923, 9.720334693376692]",2026-04-10 14:51:23.258055
10.364199542902721,"[10.355554192103568, 11.727900573672423, 12.670088505077155, 11.282154032579685, 9.785639782802098, 10.466147191459337, 9.931128631469154, 9.630909286130626, 8.980830291131085, 8.811642942602079]",2026-04-10 14:54:45.221375
11.02033929502715,"[11.739404699819001, 12.9290655581802, 12.13790762953646, 10.807551308402614, 10.008762309414978, 11.165329631561187, 9.952449611927477, 11.049904899223854, 11.230500506181551, 9.182516796024174]",2026-04-10 14:56:34.882426
11.60871590943952,"[11.337201276191061, 13.467746264993712, 11.30355170721232, 10.690247568794675, 11.991843574562077, 11.011576985612171, 12.224361137527994, 10.24609243181888, 11.80979077829248, 12.00474736938982]",2026-04-10 14:58:04.529964
10.970012577844587,"[12.809192563732859, 12.656475289137038, 11.485853759548425, 11.068253980427647, 9.179985888271926, 11.438399239193792, 10.02565420130687, 10.040072706077245, 11.567571402276284, 9.428666748473786]",2026-04-10 14:59:33.130188
11.428940930146945,"[12.260023928582385, 11.923259809184895, 12.395657575850539, 11.879659171089363, 10.736628370708962, 11.403330827990306, 10.617752400527655, 10.810273951590636, 11.011864588765837, 11.25095867717888]",2026-04-10 15:00:58.081850
11.709559161886062,"[12.06040816639568, 12.765323496027243, 11.333903426695707, 11.581663956805842, 12.203634536920575, 11.34036491088137, 12.013317943369021, 11.259701813050281, 10.865455410007055, 11.671817958707857]",2026-04-10 15:02:28.830915
11.725078228057797,"[12.027314630180692, 11.939940792097433, 11.017252354511152, 14.212216615025921, 10.19892551461791, 12.5619688928429, 10.929571739730651, 11.526041506887138, 11.389871000398811, 11.447679234285363]",2026-04-10 15:05:07.830221
12.339011258704788,"[13.332879559468664, 13.527011688192164, 13.665847317237782, 11.479641531429273, 10.873048133263797, 12.147149277540878, 12.857375678743443, 12.56212228119152, 10.953692057551308, 11.991345062429057]",2026-04-10 15:08:44.766263
12.094560082216155,"[11.354016473908642, 12.770807129490445, 12.67674172469859, 11.186593091388778, 12.376771635426572, 10.845572445317053, 12.971113139245942, 12.343812314016628, 12.200394208055956, 12.21977866061294]",2026-04-10 15:15:12.479586
10.783172147743658,"[10.940596527287786, 8.727624474644907, 11.368895143724883, 10.800399576648159, 11.233184802282418, 11.360152007853484, 10.755610178850814, 11.348743749424795, 11.16920268736387, 10.127312329355462]",2026-04-10 15:18:05.458926
11.11732866521459,"[12.407200049084272, 10.851573764456852, 11.631361781759058, 11.645780286529435, 10.49565527502531, 9.816144890634106, 10.518241709359758, 11.041890358008406, 10.822180722152346, 11.943257815136361]",2026-04-10 15:25:05.758328
11.49389706107924,"[12.528108414884805, 10.706487560204927, 13.091254563303371, 12.510526275424118, 11.823883332822039, 10.305146946037977, 12.379072460655888, 11.443863699113415, 9.671748933950976, 10.478878424394882]",2026-04-10 15:26:59.717564
11.775000383470871,"[13.274112648403229, 9.397969905206, 10.81809675737031, 13.318633616590484, 12.046622388563366, 12.74212350829831, 11.444573120225787, 10.397793508605085, 12.231321133846674, 12.078757247599473]",2026-04-10 15:29:17.992724
11.712653771819493,"[13.597781237537196, 10.281237537196674, 12.8643548486057, 12.296204405313373, 12.008850507715433, 10.366636500291436, 11.369221093965702, 11.159174924072767, 11.975469368346781, 11.207607295149861]",2026-04-10 15:31:22.607400
11.708065542841366,"[11.581951559959506, 12.862744270945178, 10.574957051262386, 14.21814123999141, 11.601834524649508, 11.602179648433905, 11.289209896616253, 11.902629076295364, 11.32159401171887, 10.125414148541278]",2026-04-10 15:32:48.250545
11.021455195263368,"[10.266186305488235, 10.281793569960426, 11.831476056078781, 12.706825014571894, 10.306565788262724, 12.650742399607326, 11.266450900389605, 10.457480749762249, 9.799847378593123, 10.64718378991932]",2026-04-10 15:38:53.795847
11.136619167408043,"[10.35641700156456, 11.37829018007792, 12.052988005031137, 11.344717305273491, 10.557240696996656, 10.782376445685186, 10.152046200570604, 10.849905666165599, 11.2097163849434, 12.68249378777188]",2026-04-10 15:41:57.873394
11.251303800963278,"[11.783120379175998, 10.945850078228057, 12.062824032886462, 12.656877933552167, 12.001871337853176, 11.381147038070988, 10.97601006227567, 9.63298002883701, 11.329340123324233, 9.743016995429027]",2026-04-10 15:46:01.406193
11.411937831702303,"[11.014069546277264, 11.001760131300426, 13.100285302328434, 10.91833604319416, 12.741356566555204, 10.419172009694144, 10.359618983342026, 11.405746694481087, 10.598482989232139, 12.560550050618156]",2026-04-10 15:48:46.662410
11.641211231094886,"[12.289359450256159, 11.154592447157713, 11.75608568273154, 13.506898640979232, 13.089989109427249, 10.154001902015523, 12.679847838758167, 10.952119826977942, 10.936416694787864, 9.892800717857472]",2026-04-10 15:51:34.720337
11.112857394852288,"[11.775259226309169, 10.546656900941805, 10.230600208608154, 13.300744700432556, 11.46274963953738, 10.981071877780163, 10.923819676657361, 10.905413074822837, 10.58519572353284, 10.417062919900605]",2026-04-10 15:57:07.353463
12.436493388962173,"[14.446728226523913, 10.437329355462158, 12.842171058686382, 12.43544267877412, 12.305656962297144, 12.08669509464061, 12.170406785900543, 11.947916986225726, 12.871429886185846, 12.821156854925299]",2026-04-10 15:58:34.738791
10.29802397459889,"[10.64294643678866, 12.565515998404761, 11.955068717980181, 11.867944135963432, 10.033917998588828, 10.91323588060251, 9.529289505169187, 11.406226033070528, 7.295801760898242, 6.770293278522564]",2026-04-10 16:01:02.017490
11.694764855661564,"[11.576793876737122, 11.767072123201523, 11.689879436757984, 12.127055403871523, 12.188621652299291, 12.953550173328834, 12.23588443721815, 10.805768168849895, 10.024810565389453, 11.578212718961868]",2026-04-10 16:17:57.651955
23.536889566663447,"[22.944282981519102, 24.26893275666586, 25.090797533066535, 23.553935154938127, 23.50623347890697, 23.633207995539458, 23.275293250669367, 22.771453174444073, 22.984051286504666, 23.34070805438032]",2026-04-10 16:27:01.829663
24.12529410284733,"[24.44133647475889, 24.31310398113197, 23.958354468699504, 24.16086847485304, 24.69824784094626, 23.485314538886506, 24.975469448608393, 22.28244505278228, 24.55451382435557, 24.383286923450882]",2026-04-10 16:31:16.985497
23.78725539448941,"[25.820180710424246, 24.856225403506265, 24.068366585858552, 22.50766351469033, 23.673179200040256, 23.550303253615468, 23.670947305372696, 24.112497230421617, 23.50422477370617, 22.10896596725851]",2026-04-10 16:40:47.703998
26.108734256012117,"[27.294935546939993, 29.35377721795547, 28.331691199923387, 27.86524550435544, 26.436832917118796, 24.20165127741477, 24.759868423722363, 24.175781589222627, 24.739355282732358, 23.928203600735955]",2026-04-10 16:46:06.254980
24.765807292533218,"[25.1288209022211, 25.799911048852522, 26.84938850144099, 23.79331600300941, 24.396231912522715, 24.191770071022948, 24.310790926658317, 24.483255514605926, 24.3888869500713, 24.315701094926943]",2026-04-10 16:47:51.010785
24.608107702309077,"[26.577361121368806, 26.361476037161452, 23.743321562456124, 24.113369698337117, 24.06804194663418, 24.202625195087887, 24.188888897906644, 24.08110867541515, 24.61148800823285, 24.13339588049056]",2026-04-10 16:56:06.733650
23.78854583540629,"[21.99651905591667, 23.788689894062102, 24.949863529786054, 25.03161174447322, 22.389961505903972, 24.95463166839402, 23.692637263551052, 22.891326208043424, 23.6816806897285, 24.50853679420389]",2026-04-10 17:01:01.973864
24.484698130159227,"[25.877296923962188, 24.44517127559679, 25.65402629740037, 24.22526878098783, 24.746923434650533, 23.926276055341248, 23.95490517694055, 24.231639825766127, 24.328889563417057, 23.456583967529586]",2026-04-10 17:09:53.738024
23.937299586003828,"[24.558308045290417, 24.55027322448721, 23.861611979836656, 24.092004379383138, 25.113542568724096, 24.40937980110978, 23.58019035220921, 23.311023855301805, 23.06754443702283, 22.829117216673147]",2026-04-10 17:16:50.878614
24.471517777649726,"[24.22583689963048, 23.52883648490387, 24.69082171868875, 24.04160413979939, 24.49340049036755, 24.453104646642377, 24.658601275669835, 25.44428906850456, 24.949660630270824, 24.229022422019632]",2026-04-11 13:56:35.663485
24.647924703178298,"[26.672703603576547, 23.449604224205586, 26.35997458074873, 24.94333016539557, 24.521116564148304, 25.315549326089553, 24.508820853525215, 23.545738014522737, 24.155024968814345, 23.007384730756403]",2026-04-11 13:58:31.347063
23.598327539875843,"[25.354607482771804, 23.29042955450571, 22.87905078737186, 23.658042896203913, 23.230371297996893, 24.062868008995753, 22.90112625462915, 24.01881852423878, 23.25794534211699, 23.330015249927563]",2026-04-11 14:00:38.561181
24.326107811063217,"[26.172454848770876, 22.87913194717795, 27.033114012484, 26.277719117273485, 24.360176668665904, 24.63853451361334, 22.270007312498528, 24.46329020230705, 21.16248030860205, 24.004169179238996]",2026-04-11 14:01:31.169745
23.754119874656794,"[24.868155895001937, 22.7798532143747, 19.96965434850183, 23.93451377565969, 25.801229895701532, 25.318836298236317, 24.53156588918278, 23.4016996486592, 24.261466054505302, 22.67422372674467]",2026-04-11 14:02:25.822251
24.131721959489894,"[27.06590257414557, 23.721672184180818, 25.887279580111628, 25.374511925216108, 24.91240827927414, 23.81790742425558, 23.233008991694916, 22.8959320270392, 22.269844992886345, 22.138751616094638]",2026-04-11 14:03:59.136362
23.440469688029822,"[24.34169252282822, 24.324263454469754, 23.145072341793163, 24.03906789585898, 21.902698320073174, 22.263839167235464, 24.28169513617398, 22.466576362855754, 24.34579109303592, 23.294000585973798]",2026-04-11 14:07:29.285329
24.61757905168013,"[24.609398143225956, 22.608626313470012, 26.082245724298513, 24.857503670452232, 25.803542950175185, 25.221343081167113, 25.131235406452365, 25.004788428559486, 23.953890679364388, 22.90321611963605]",2026-04-11 14:12:26.346167
24.90828941911492,"[26.770501169918607, 23.958537078263213, 26.1964781513744, 25.792829855770908, 25.11833099728358, 23.727333080655804, 24.034786716087577, 24.541710864944402, 25.586095539700537, 23.356290737150168]",2026-04-11 14:15:06.227193
23.710455898978765,"[22.64529025587252, 21.38451324812095, 26.748770631837207, 20.245922328442372, 25.911871001357802, 26.042517999215995, 23.69444306923662, 23.322163038688068, 23.191333431266166, 23.917733985749962]",2026-04-11 14:17:29.173724
23.581162240887174,"[26.61116418060654, 24.230807937753678, 24.958405599377343, 24.10247399436913, 19.817418842222903, 26.10395597242839, 20.507378643770945, 25.073632234077866, 22.92204519464962, 21.484339809615328]",2026-04-11 14:22:41.750483
25.58993236953358,"[24.615647448295118, 25.714206293618325, 27.02791978489405, 24.099653691107402, 25.583478135954035, 25.49903135771428, 25.89797238456438, 24.474977214384438, 27.331031370699847, 25.655406014103953]",2026-04-11 14:27:53.282697
24.209710446159804,"[25.59082309840545, 23.88955124308417, 25.2518794582096, 24.17586274902872, 24.423643637030622, 22.669333848427566, 24.60235753004739, 24.060311475103827, 24.295654622821974, 23.1376867994387]",2026-04-11 14:35:27.655627
23.99394101467613,"[24.343883837592735, 23.95184139426054, 24.439145159994386, 24.28912125843149, 24.28626037526671, 23.883606287287858, 24.084801446592383, 23.326403638556425, 23.59954696596239, 23.734799782816356]",2026-04-11 14:37:57.773762
24.93445736959445,"[25.423836797369123, 24.137453870795213, 25.64203493605013, 25.208641571513557, 24.508232444931043, 27.000041391501107, 24.668299872497943, 24.390286956726403, 24.345709933229827, 24.020035921330177]",2026-04-11 14:41:47.674383
24.387470711454977,"[26.44468512835829, 23.751153483744098, 25.927129044903285, 24.954225869363555, 24.423339287757774, 23.062309629529835, 23.408740261837767, 24.097746435664217, 24.58642991810164, 23.218948055289307]",2026-04-11 14:43:17.017678
24.908049997686945,"[25.344888595992163, 24.954611378442493, 22.462092283569117, 24.871828376227644, 26.334693301150764, 25.369053928256356, 25.084142428966906, 25.75640939278668, 23.235991614568835, 25.666788676908492]",2026-04-11 14:45:24.682537
25.93352037963311,"[28.063944999622606, 26.85312185252127, 28.757820761814635, 23.987186489814036, 24.544673197866796, 25.50128354233336, 25.348134988235888, 25.52615902290086, 25.16692543118176, 25.58595351003987]",2026-04-11 14:47:06.018269
24.435066879738212,"[24.087763779514777, 25.147020988737452, 26.816031821136775, 26.798947681954196, 20.752278358656543, 23.72299103102983, 26.44137786626, 23.707672117629777, 24.367318731602087, 22.509266420860666]",2026-04-11 14:49:21.047264
25.222663957011275,"[26.158069273140892, 26.440931487326488, 25.060910434472788, 25.764768852814257, 26.316067125652424, 24.603392317575075, 26.514868070677203, 24.492751211918804, 24.36616220436526, 22.50871859216954]",2026-04-11 14:50:32.139175
24.549134958206757,"[24.46343223196771, 24.372797018513364, 23.845339438715012, 23.211785702401603, 25.1708008119227, 24.69382463151419, 25.03980888488861, 24.763459745141976, 24.756459711866455, 25.173641405135957]",2026-04-11 14:52:40.013516
23.47215853431883,"[23.83377416634676, 20.898934128266582, 20.735437698892248, 23.862342418091494, 23.49773198921873, 25.36858725937132, 23.843472763174876, 25.044820502914856, 23.977609632695067, 23.658874784216366]",2026-04-11 14:54:06.879250
25.098394090916837,"[24.48577146859481, 26.438719882610457, 25.324760964081104, 24.98656805209161, 24.597528521584856, 25.83657499125503, 24.89812415340177, 24.811344030736844, 23.94814862308331, 25.65640022172859]",2026-04-11 14:54:50.686614
25.005212488546324,"[25.950036400173033, 23.1567999337736, 25.707023650779092, 25.9353464752702, 25.08732795135606, 25.1076990626854, 23.9326065202165, 25.593257892588245, 24.164135157048285, 25.417891841572814]",2026-04-11 14:59:57.667035
25.19709861809198,"[25.98793802961846, 24.214697716244217, 25.557405548246667, 25.190076265869788, 25.775481947218534, 25.89036365274316, 24.892503836829835, 24.645514256937336, 25.36444810926058, 24.45255681795125]",2026-04-11 15:03:22.249030
24.13170978551898,"[24.94852439298552, 24.572795070678016, 24.40144643006419, 24.80334978983668, 22.519167917204015, 24.97394770224415, 22.79584169617502, 25.086435193489034, 24.02356637289522, 23.192023289617957]",2026-04-11 15:07:24.758177
25.15331898969027,"[25.360369829004405, 24.93945478465463, 24.68751445659046, 26.340252747868135, 25.293899947814246, 22.965668590424603, 27.4065708602209, 24.875358827792688, 24.493319330561455, 25.170780521971178]",2026-04-11 15:10:11.494186
24.983333833818804,"[25.760365933333713, 24.219486144803703, 26.584381444595852, 24.307889463590495, 25.35079297188543, 24.791256978728825, 24.85155871465592, 24.103305882381587, 24.916912648512298, 24.947388155700217]",2026-04-11 15:13:31.800042
24.32404229399815,"[24.400898601373065, 23.53352346370574, 23.756510030946234, 25.503799496322245, 22.712409415511424, 24.478588825755576, 24.504965762735797, 24.365614375674134, 24.713627624200882, 25.27048534375642]",2026-04-11 15:17:04.287687
22.868051604651107,"[23.164753594770712, 22.325966998799647, 22.482930063783492, 21.948553610515713, 23.69215030471449, 23.080712615561417, 23.35821828254488, 23.63247755728462, 22.88223630976101, 22.11251670877508]",2026-04-11 15:31:46.503685
25.54625824887979,"[24.17048591187506, 27.035629966472882, 27.764708794557748, 26.69739647458034, 23.79964646788466, 25.083817789742536, 25.59954777756045, 24.83571226251626, 25.36170896580494, 25.113928077803035]",2026-04-11 15:33:17.065843
25.162234394389586,"[26.701474754836514, 25.69083226946354, 25.950726258524824, 25.209818388701905, 24.916141630354417, 24.79196712703214, 24.838715175341704, 24.939941743491186, 24.27183421973368, 24.310892376415932]",2026-04-11 15:39:05.723250
26.14206050138905,"[28.389882780892062, 27.169340747011088, 26.226629019337945, 29.320826336681716, 24.320246044068153, 24.68897533310013, 25.096985968281125, 25.893183956004894, 24.85210654334705, 25.46242828516634]",2026-04-11 15:42:11.046049
25.66050284992659,"[27.57098033741378, 29.354548236113356, 25.74222671667193, 24.776567053825996, 25.7614007208614, 24.685039082504623, 26.214597078084658, 24.9134227768503, 22.993303504399268, 24.5929429925406]",2026-04-11 15:43:41.993244
24.781676063619546,"[26.20017092255163, 24.245558732511075, 25.016576890394493, 24.99657099819257, 25.8331459894476, 24.695873916618037, 24.883840027529406, 24.99263474759706, 24.05093751750008, 22.90145089385352]",2026-04-11 15:45:52.500436
23.976940064294798,"[26.341490434911055, 20.11371300431689, 24.97175638747964, 25.464031191336677, 23.576294681516746, 24.649551957290463, 23.838948103985192, 24.048320113753583, 23.926864463935424, 22.838430304422317]",2026-04-11 15:48:24.605829
24.40287687164658,"[24.242048570897552, 25.13766732108524, 24.820961467758863, 26.46079534986775, 25.073753973787007, 24.73442482451221, 24.88785743793101, 23.56343085225101, 23.578465706329734, 21.529363212045414]",2026-04-11 15:50:14.241706
23.614328195647076,"[24.276277719117275, 25.180580568556906, 25.646113216306304, 22.465014036588464, 22.619197378213624, 24.346460661436186, 22.948767060805736, 24.766523527821985, 21.77454698625234, 22.119800801371927]",2026-04-11 15:57:35.011677
23.43849547574661,"[25.313195691712853, 25.266467933354814, 23.000425277383926, 22.628104666932327, 25.07428151252661, 22.04004100193404, 22.786853247650217, 24.06359844725059, 23.98333139902462, 20.22865557969609]",2026-04-11 16:02:09.465184
23.929120706544808,"[23.525894441932998, 22.32917281114032, 23.84339160336878, 23.051150156192048, 23.132918660830736, 25.620385557774824, 24.184201919104773, 24.32349243631187, 24.653447627982928, 24.627151850808797]",2026-04-11 16:06:53.222524
24.633029849765084,"[25.22471121311997, 24.738097305737917, 22.882763848500613, 25.328453735258336, 24.113430568191685, 25.146493449997852, 23.70176774173651, 25.473384858988897, 24.836787629946993, 24.884408146172056]",2026-04-11 16:08:12.609477
24.82637076883496,"[25.976372757250207, 24.588235723787207, 26.168193958950994, 22.72645006196551, 28.19936013608876, 24.272828427358323, 24.73361322645128, 25.13669340341212, 23.85430759728829, 22.607652395796897]",2026-04-11 16:10:22.143111
24.53660185515085,"[26.930670047243122, 24.400249322924317, 25.423532448096275, 26.934017889244462, 23.07006039101171, 24.087865229272392, 24.914072055299044, 23.697283662449873, 22.75779803706893, 23.150469468898343]",2026-04-12 13:13:55.484222
24.668555525887136,"[27.627366112696883, 23.694057560157678, 26.80915352757039, 25.203061834844664, 24.896135738152495, 25.61843772242859, 23.466992712661014, 22.65139753128102, 23.072880694273444, 23.646071824805198]",2026-04-12 13:17:56.332929
23.002293981919216,"[23.96225013939197, 21.341579710697754, 23.92690504383847, 23.47585942147667, 21.43458884848032, 25.599020238820845, 23.044495052092422, 22.929288707343417, 22.95341345970456, 21.35553919734575]",2026-04-12 13:21:57.191085
24.170343882214397,"[26.465117109542202, 22.877265271637814, 24.45819742447471, 25.641892906389465, 22.62187565181469, 24.534183292929274, 22.934401775127277, 24.651560662491267, 23.721672184180818, 23.79727254355644]",2026-04-12 13:24:34.793435
24.75637449407006,"[26.24326677958701, 24.886640040839616, 25.220632932863797, 23.675938633447416, 25.1670471708909, 23.224832141231047, 25.39451781741803, 23.877965680764397, 25.254435992101527, 24.61846775155685]",2026-04-12 13:27:43.730329
24.80751937487471,"[25.28154336733659, 24.197146908176606, 24.313895289241376, 24.416156644918544, 25.342190032439575, 24.72354941049575, 26.477230210601583, 25.082884451972465, 25.12600059895937, 23.114596834605244]",2026-04-12 13:29:01.446774
24.10870300948677,"[25.19441831549576, 24.12099872010986, 26.77192146652523, 23.72591278404918, 25.137241232103246, 22.924297379268705, 24.744265451000985, 23.076756075014384, 23.11589539150273, 22.275323279797618]",2026-04-12 13:32:10.192875
23.72727829778669,"[23.408922871401472, 23.603625246218563, 24.76865397273193, 22.68994843917519, 24.68276660793402, 24.71780735421467, 24.519290468511212, 23.971745836704848, 22.548060808173116, 22.36196137280189]",2026-04-12 13:34:02.341576
23.017720432062344,"[22.136113922396618, 22.777114070919062, 23.953890679364388, 25.127502055372087, 22.97958749716955, 21.446884559103413, 23.273284545468563, 23.054700897708617, 22.26939861395283, 23.158727479168306]",2026-04-12 13:34:49.834337
24.64700759736945,"[25.571365034894658, 20.845429526099778, 21.09073504001584, 27.203894534455177, 26.993122518031683, 24.12670019648789, 26.714054524780927, 23.677541539617753, 25.176177649076358, 25.071055410234415]",2026-04-12 13:40:07.558463
24.4275088727958,"[23.41476637744017, 26.241095754774022, 26.73237635100642, 24.39475074606152, 25.274178114933648, 23.9285891098149, 23.942690626123554, 24.13704807176475, 23.414543187973415, 22.79505038806561]",2026-04-12 13:42:29.738888
23.325326242130544,"[25.09089898282415, 23.176623216411812, 24.374318764877607, 22.044809140542, 23.033802247639667, 22.062299078755043, 22.9150451613741, 24.520873084730027, 20.537001972994887, 25.49759077115613]",2026-04-12 13:44:47.542530
24.512998554543852,"[24.807245460529145, 23.69531553715212, 23.316907941243546, 25.881314334363793, 25.053098803136336, 23.845785817648522, 22.377828114893067, 25.554057706245327, 24.396231912522715, 26.202199917703958]",2026-04-12 13:47:02.761443
24.446642297082224,"[26.274168375756915, 24.799372959338125, 25.718446893486682, 24.98076512595596, 25.688417765232273, 22.278529092138292, 25.63957985191582, 23.449888283526914, 22.29788570589147, 23.339368917579783]",2026-04-12 13:49:57.910825
23.262465943316368,"[25.334074051830274, 22.57957110288872, 24.21329770958911, 24.013725746406447, 22.655354071828054, 24.198506334928666, 24.279422661603377, 21.941431837531052, 22.408161592420324, 21.001114324137657]",2026-04-12 13:51:33.974212
23.951031825194764,"[24.412687063208068, 24.55930225291506, 26.578740838072388, 24.328077965356126, 24.869758801172274, 23.63978193983299, 22.563988420118868, 23.212130631577494, 22.22307665462526, 23.122773685069113]",2026-04-12 13:55:42.424122
24.10959576735379,"[21.319727432907218, 23.163982576612828, 26.317812061483423, 25.415801976565916, 24.68418690454065, 25.189386407517997, 22.690658587478502, 24.261810983681197, 23.747359262809248, 24.305231479940947]",2026-04-12 13:58:22.048008
24.251260208889107,"[25.32697256879714, 23.73167513028178, 26.16849830822384, 26.35277164795798, 22.049171480119497, 24.6650331903027, 24.492933821482517, 23.368058909033653, 23.24907863330133, 23.108408399390655]",2026-04-12 14:01:27.858063
24.45457363913266,"[23.772153583570656, 24.78886276444908, 23.700286575275314, 25.758560127648142, 22.274349362124504, 24.599212587561286, 25.311958004669933, 24.77942793699077, 25.027513174265522, 24.533412274771393]",2026-04-12 14:03:16.066710
23.207425391819253,"[25.258980941242736, 23.520253835409537, 19.901419241529148, 23.275374410475457, 22.999775998935185, 23.346389240806825, 22.17742426369795, 21.07072914781392, 23.857675729241148, 26.666231109040634]",2026-04-12 14:05:58.360691
23.456736142166008,"[24.689928960821728, 22.262865249562346, 25.356636477924127, 22.807873637428305, 23.866400408396142, 23.383357532482183, 22.253004333122046, 23.43952011829853, 23.6680661322564, 22.839708571368284]",2026-04-12 14:11:48.410328
24.506189246812653,"[26.357478916711372, 24.801300504732833, 27.109525969920554, 25.88387086825572, 23.514734968595214, 22.51245194324982, 23.03244282088761, 24.130433547568167, 24.43756254377557, 23.282090384429655]",2026-04-12 14:14:00.012719
23.967600599608648,"[24.07690865544984, 23.80684940067541, 21.60398965374792, 26.232046436394654, 24.508070125318856, 23.729849034644687, 23.44292883015444, 25.252731636173575, 23.006958641774414, 24.01567358175268]",2026-04-12 14:15:52.160743
23.857253698249465,"[23.118898304328173, 22.31160171312119, 23.781994210059434, 24.99437968342806, 23.755454953467027, 24.154213370753414, 23.836777079172204, 24.409014581982362, 24.287599512067246, 23.92260357411554]",2026-04-12 14:24:15.523716
23.741716627290636,"[22.12465009978598, 24.497235291205442, 23.988119827584107, 23.482900034655238, 25.032321892776533, 24.21297307036474, 24.565795037402495, 24.22106876102252, 22.81191133778143, 22.480190920327853]",2026-04-12 14:26:51.526517
23.438402141969604,"[25.057927811598873, 24.554899333434513, 27.365747477756127, 22.408222462274892, 25.084385908385187, 23.309542688840608, 21.89624611548878, 22.458419802343407, 20.895261647040876, 21.353368172532765]",2026-04-12 14:30:52.395295
25.40273118979464,"[26.630419344602103, 23.73530703160444, 22.978471549835774, 27.7285318109918, 26.19128392378445, 24.700966694450372, 25.42343099833866, 25.09840626488775, 26.102860315046133, 25.43763396440493]",2026-04-12 14:32:30.910331
25.1065242744922,"[25.597295592941368, 27.123323136956362, 26.313632331469634, 24.09470294293573, 25.474095007292206, 24.17397578353706, 23.830162554975622, 24.92429819086676, 25.39218447299286, 24.141572730954433]",2026-04-12 14:35:03.486027
24.02201013361339,"[24.07686807554679, 25.058049551308013, 26.443772080539745, 24.4085276231458, 25.01655660044297, 23.849052499843765, 24.80422225775218, 22.713281883426923, 21.11502211198917, 22.73474865213852]",2026-04-12 14:37:42.879480
25.76687494978237,"[25.47697618040851, 23.199084192748046, 28.732153973137727, 25.93646242260398, 25.29406226742643, 26.57693503238682, 25.07921197074676, 26.735947382474514, 26.586024930669236, 24.051891145221678]",2026-04-12 14:45:27.730934
23.311025884296956,"[24.23316157213037, 25.249566403735948, 24.264793606555116, 25.40502801230707, 23.847287274061244, 22.104745657341677, 21.886080849775635, 22.07942379784066, 21.756894728427117, 22.28327694079473]",2026-04-12 14:50:02.859694
24.55720021393725,"[24.16330326903583, 24.593653140843916, 24.928335891219888, 25.767934085251884, 24.056598413975067, 24.760314802655873, 24.271590740315403, 24.42526683315248, 24.247384828148167, 24.357620134773974]",2026-04-12 14:52:35.731331
24.80514545054649,"[24.07408835218811, 24.30119377958782, 22.399355753459236, 28.242212513705862, 24.232187654457256, 23.235748135150555, 26.75666342297975, 25.43329191477896, 24.6595346134399, 24.717178365717448]",2026-04-12 14:59:32.637370
23.577556716501494,"[25.621907304139068, 23.68494737192374, 24.888587876185845, 24.65971722300361, 23.037028349931866, 23.68995898994998, 23.3632096106196, 22.255256517741127, 21.527232767135473, 23.047721154384618]",2026-04-12 15:01:13.679598
24.344835436319176,"[24.560742839473207, 25.017530518116086, 24.95114179673202, 25.51321403382903, 23.887623697689463, 24.31529529589648, 25.26062442731612, 23.513334961940107, 23.09566630983405, 23.33318048236519]",2026-04-12 15:05:09.279319
21.729217205554253,"[24.082366652409593, 18.858414283476595, 17.110820468827736, 27.154569662302166, 24.44531330525745, 21.086717629614242, 22.09384995337369, 21.864472051403375, 19.683383422460327, 20.912264626417354]",2026-04-12 15:28:39.598070
23.538804938087242,"[26.10683714554469, 24.212060022546193, 26.063051430157525, 25.617686994222232, 22.81026785170805, 23.064196595021496, 23.76316513504586, 21.082010360860846, 21.34038260355788, 21.328391242207644]",2026-04-12 15:31:03.712706
23.619483872329134,"[23.659909571744052, 25.31234351374888, 25.55081131400161, 26.365229678193252, 22.674426626259905, 22.537936122363018, 23.71024894147323, 21.429780129969313, 23.803866777801492, 21.150286047736575]",2026-04-12 15:33:55.499101
23.147988007827053,"[25.71000627365301, 24.768714842586498, 24.633888114714516, 24.887431348949022, 22.12270226443975, 22.693154251515864, 21.620972343172877, 22.2938074256353, 22.516124424475525, 20.233078789128157]",2026-04-12 15:38:31.767690
22.380575374329318,"[24.381420247910746, 22.489970676962056, 24.29236765067521, 20.701959278878892, 21.75372949598949, 23.1150837934418, 21.95096811474698, 22.83824769485861, 21.54326182883884, 20.73874496099054]",2026-04-12 15:39:55.622816
22.728121953971026,"[25.566414286722985, 20.37977513864124, 24.688853593390995, 23.7861536501217, 22.637762683857396, 24.87787478178157, 20.41051441519896, 20.812519224729066, 22.088371666462415, 22.032980098803947]",2026-04-12 15:43:04.372063
23.862056329775015,"[23.18157396458348, 25.068985835179042, 26.074921051798622, 24.88317045912914, 25.135536876175294, 24.3920318925574, 23.41764755055647, 24.255541388660514, 21.03260432890174, 21.17854995020846]",2026-04-12 15:44:25.651170
22.460578653185483,"[22.951140985133957, 22.629768442957236, 24.229489090904664, 22.242453558329956, 20.305290726599395, 21.524635653340496, 21.429069981666, 22.00725244027247, 23.11090406342801, 24.175781589222627]",2026-04-12 15:45:49.178286
23.91075830041627,"[25.57292736116195, 26.004778689382753, 25.983616269944008, 25.566718635995834, 23.254658369970223, 23.523763997023057, 22.829807075024934, 22.568655108969214, 22.849914416984475, 20.952743079706234]",2026-04-12 15:50:27.627464
24.762995105252095,"[24.54361812038759, 23.06285745822096, 27.407767967360773, 25.40437873385833, 24.376124570563174, 23.946667456622112, 26.296406162626397, 23.70276194936115, 24.38247532538995, 24.506893308130508]",2026-04-12 15:57:35.558518
21.441990622796006,"[21.03625652017592, 21.691987173504245, 19.466220071307006, 21.07016102917127, 16.919912314945496, 23.379116932613826, 29.262959394937415, 24.0794043194872, 18.93133636925115, 18.582552102566517]",2026-04-12 16:00:23.116146
23.744788525951254,"[22.181664863566308, 22.59432189764612, 23.483934822182924, 20.80553948140507, 20.015651668605035, 23.618964449570136, 26.397653020727404, 26.462134486668283, 26.43957206057443, 25.448448508566823]",2026-04-12 16:01:21.751828
22.514395720605744,"[24.197065748370516, 25.39839319815897, 24.135221976127657, 24.00005031907978, 21.3914524115419, 21.562760472252677, 23.24351918658396, 19.835233419660312, 23.24997139116835, 18.130289083113322]",2026-04-12 16:02:07.447646
25.86654527865002,"[23.688214054118983, 23.573027999321504, 26.88449011757621, 23.92964418729411, 26.796898396850352, 27.837772909992964, 28.867629979458453, 26.17584327067526, 25.190887863930715, 25.721044007281655]",2026-04-12 16:03:20.353931
20.83226337655634,"[18.71725709072936, 16.556742472630884, 17.806136817577915, 19.77679835927336, 26.331771548131414, 25.82401551126214, 24.333150453236936, 17.612104011161097, 18.818889457909307, 22.54576804365099]",2026-04-12 16:05:41.921384
23.636367140991627,"[24.991031841426725, 24.989773864432284, 25.470442816018025, 24.915208292584346, 21.53364439181682, 23.77592751455398, 23.614947039168534, 22.290601613294626, 23.756530320897756, 21.02556371572317]",2026-04-12 16:09:19.566091
25.425222601058163,"[30.03133985912281, 27.850332389985855, 25.61754496456157, 24.767030776610067, 25.347749479156946, 24.59825895983969, 24.301782188181996, 24.483762763394008, 24.141430701293768, 23.112993928434907]",2026-04-12 16:12:05.773835
24.21565134396581,"[24.626076483378068, 24.61759528364135, 25.833125699496076, 24.06152887219522, 24.169085905219955, 24.86819647490498, 23.5360191277431, 23.439215769025687, 23.250904728938423, 23.754765095115236]",2026-04-12 16:13:48.651154
25.19203424619178,"[25.903247771960423, 23.49117833487672, 24.656653440323602, 25.954804538780998, 26.618326533494248, 26.30780911538246, 24.567905192360914, 25.764200734171606, 22.563765230652113, 26.092451569914708]",2026-04-12 16:17:50.812181
25.132820051666332,"[25.06565828312923, 25.498990777811233, 26.192927409857834, 23.204014650968194, 26.85955376715414, 23.102564893351957, 25.68563804187359, 25.734739724559848, 24.24870367499718, 25.735409292960117]",2026-04-13 12:54:57.762068
23.241465843489806,"[22.718252921550118, 24.582087868475664, 26.375334074051832, 22.02873949893559, 20.88475145215183, 22.63396846292255, 22.507683804641854, 23.40103008025893, 22.48777936219755, 24.795030909712153]",2026-04-13 12:59:04.521884
25.15048245446732,"[25.276328849795114, 25.057379982907747, 27.63738934874937, 24.273964664643625, 25.889653504439845, 25.367065513007077, 23.964421164204953, 24.922877894260136, 24.40164932957942, 24.714094293085914]",2026-04-13 13:10:05.703063
25.606911000968235,"[24.85699642166415, 24.167381549292003, 25.968337936447, 26.895568431107904, 27.90115871855159, 25.99430907439676, 25.16274570116797, 25.733157108341036, 25.251798298403507, 24.137656770310443]",2026-04-13 13:12:29.100404
24.437416456124602,"[24.756419131963412, 24.26688347156201, 27.54332513348759, 22.261181183585915, 24.711639208951603, 24.27461394309237, 23.991102450458026, 23.835417652420144, 24.311480785010108, 24.422101600714853]",2026-04-13 13:22:14.333174
24.122768003882683,"[24.676983971749895, 23.892229516685237, 27.219111998097617, 25.49947773664779, 24.395359444607212, 25.500370494514815, 22.925332166796384, 23.631097840581038, 21.7726803107122, 21.715036558434655]",2026-04-13 13:31:32.802375
26.127086517164894,"[28.94347381825235, 26.0091816088633, 27.16536391651253, 24.758062618036792, 25.871656317438728, 26.83277103114345, 24.21583395352952, 26.888101728947348, 25.671130726534468, 24.915289452390443]",2026-04-13 13:36:17.913800
25.27470565367325,"[25.135090497241784, 25.325897201366406, 26.02792952407078, 25.18798640086289, 25.446662992832778, 25.01740877840695, 25.101530917422334, 24.428776994766004, 25.421402003186333, 25.654371226576266]",2026-04-13 13:41:21.044772
23.914938030430058,"[24.17430042276143, 23.809304484809722, 25.288015861872505, 23.444024487536694, 23.896328086892936, 23.6729560105735, 22.935862651636953, 24.392985520278994, 23.72755627012256, 23.80804650781528]",2026-04-13 13:45:23.867288
25.16291207877046,"[25.67271334275328, 25.79319507489833, 26.72010093033486, 23.953687779849155, 27.335190810762114, 24.710969640551333, 23.448792626144655, 25.277221607662135, 24.345446163860025, 24.371802810888724]",2026-04-13 13:51:40.709755
25.74628064898627,"[28.689382755326722, 26.23860009073666, 25.912378250145885, 25.789076214739104, 26.14970981311331, 25.76040651323676, 22.953068530528665, 26.339968688546808, 24.87598781628991, 24.7542278171989]",2026-04-13 13:53:37.453925
25.93465661691841,"[30.320431088426044, 23.882672949517787, 26.559485674076825, 25.708099018209825, 23.64678197310851, 26.005204778364746, 25.734293345626337, 26.68221959084095, 25.50434732501337, 25.303030425999705]",2026-04-13 14:04:17.517966
25.390863597148694,"[26.405099432936435, 28.92133748114049, 25.569944738288033, 25.861876560804518, 25.775076148188067, 24.565855907257067, 24.66377521330826, 22.973683121276284, 24.01123008236909, 25.160757285918695]",2026-04-13 14:06:31.528853
25.056359398346125,"[24.701534813093023, 25.189487857275612, 25.690609079996786, 25.665550989865572, 25.469225418926627, 24.546600743261504, 23.893467203728157, 26.06834710750509, 24.773685880709692, 24.565084889099182]",2026-04-13 14:12:08.711308
25.84118081025081,"[28.576509755002892, 24.26901391647195, 25.786316781331948, 25.60817100695783, 25.62902907712373, 26.077923964624063, 25.692780104809774, 24.881506683104234, 25.96395530691798, 25.92660150616368]",2026-04-13 14:15:48.818643
24.804094431057585,"[25.626087034152857, 24.47678302007001, 24.14843073456929, 25.380253981497187, 26.6915123886386, 24.06441004531152, 23.618883289764042, 24.491493234924363, 24.481145359647506, 25.061945222000475]",2026-04-13 14:29:03.720149
25.037430902570087,"[27.459202994472204, 24.568047222021576, 26.80562307600535, 25.185064647843543, 26.09882261469301, 23.698115550462326, 24.801625143957203, 22.714235511148516, 24.69496086879949, 24.348611396297652]",2026-04-13 14:33:18.268877
23.059022657383068,"[24.030363506655508, 25.306094208679717, 25.06559741327466, 24.544734067721365, 24.4073913858605, 22.965181631588045, 22.653629425948576, 20.558549901512574, 20.144289961262423, 20.9143950713273]",2026-04-13 14:37:59.684564
24.235135784413583,"[26.07914136171546, 23.81614219847306, 25.116890410725432, 23.72901714663223, 23.94908196085338, 23.19948999177851, 22.79466487898667, 26.10870382108483, 22.887694306720764, 24.6705317671655]",2026-04-13 14:39:46.619935
24.72405868827898,"[26.25789583463527, 22.876210194158602, 24.821326686886277, 26.483763574992068, 24.604163335732956, 24.824248439905627, 23.45536657043819, 25.83131989381051, 24.64098959774765, 23.445302754482658]",2026-04-13 14:47:47.841074
24.444402286434055,"[23.442725930639206, 25.888902776233486, 24.880228416158268, 24.19446863457554, 24.76492062165165, 24.91764308676714, 24.0382968777011, 25.304856521636797, 23.83750751742704, 23.174472481550346]",2026-04-13 14:49:55.325448
26.238105015919498,"[30.983892213284726, 30.34977035832866, 26.154599691430416, 25.10719181389732, 25.72855128934526, 25.462205095699584, 26.338751291455416, 24.134775597194142, 22.965019311975862, 25.15629349658358]",2026-04-13 14:54:38.498974
24.68819214097134,"[23.519279917736423, 23.93575146270261, 22.81858673183258, 27.12200429010735, 25.045632100975784, 23.896267217038364, 25.868389635243485, 24.135992994285537, 25.40512946206469, 25.13488759772655]",2026-04-13 15:03:21.638568
24.731651188138983,"[24.828793389046833, 26.1050110499076, 25.41050629921835, 25.7271918625932, 25.1459253313552, 25.748820950916983, 22.90743642955288, 23.14988106030417, 24.461261207154724, 23.83168430133987]",2026-04-13 15:10:07.063782
24.314258479373642,"[23.072495185194505, 24.32016488426206, 25.531474990199953, 25.666910416617633, 24.193839646078317, 24.02279535473734, 24.796796135494674, 23.31810504838342, 23.93422971633836, 24.285773416430153]",2026-04-13 15:17:15.468769
27.09882302049204,"[26.732193741442714, 31.97901288574241, 29.150025524759016, 27.977732995600327, 26.79239402761219, 27.006595045843117, 25.329123303658605, 24.97839120162774, 26.118077778688573, 24.924683699945707]",2026-04-13 15:18:10.068692
24.727481603100955,"[26.311075797577704, 24.699323208376992, 24.55433121479186, 26.61617579863278, 25.780737044663052, 24.961165032784503, 23.855687313991872, 24.490620767008863, 23.465531836151335, 22.540168017030574]",2026-04-13 15:20:48.610645
25.070010477730968,"[23.991487959536965, 24.822422344268535, 25.162522511701216, 26.853263882181935, 26.102738575336996, 25.49629221425864, 25.815777790943702, 24.77165688555737, 23.900183177682354, 23.783759435841954]",2026-04-13 15:22:42.113771
25.505400373497427,"[25.33839581150473, 28.82345875499234, 25.453074617514122, 25.673809000135535, 24.270454503030102, 26.077173236417703, 24.684836182989393, 25.955474107181264, 24.037891078670636, 24.73943644253845]",2026-04-13 15:24:55.988939
23.302163233471603,"[27.104696961458018, 23.664129881660887, 24.48424972223056, 24.343559198368364, 22.187102570574538, 23.57525989398906, 21.369701583508974, 22.2813291054485, 23.02424568047222, 20.987357737004896]",2026-04-13 15:26:44.506144
23.306075136125287,"[23.045326940104875, 22.678991865352636, 25.570046188045648, 23.669547298717596, 24.829787596671476, 23.673037170379594, 24.432510345846282, 22.959723634628293, 22.74327043177828, 19.458509889728173]",2026-04-13 15:27:53.678556
22.864036223244657,"[24.84524853973219, 23.481804377272983, 24.054123039889234, 22.441903781803486, 22.44973570309146, 24.54489638733355, 24.67633469330115, 20.050834444546343, 19.744009797611792, 22.35147146786437]",2026-04-13 15:29:55.264803
24.788166819111837,"[24.63364463529624, 24.168964165510815, 24.436466886393312, 26.972893436363, 25.56030701131449, 23.456320198159784, 27.216190245078266, 24.527994857714685, 23.75393320710278, 23.15495354818498]",2026-04-13 15:31:33.269031
25.98888151236429,"[28.201936959932215, 29.234695492465526, 27.33902561160001, 25.910308675090516, 25.20358937358427, 25.4194541678401, 25.861714241192335, 24.91204306014672, 23.277099056354935, 24.52894848543628]",2026-04-13 15:33:00.608754
24.82919107209669,"[28.31487083011061, 26.301965609343767, 24.772772832891146, 25.575138965877983, 26.18442592016959, 23.315731124055198, 24.320854742613847, 25.320459494358175, 22.40838478188708, 21.777306419659503]",2026-04-13 15:41:15.542816
25.141500092927977,"[27.096824460267, 24.2831965925867, 26.77042001011251, 23.722889581272213, 26.82337678358819, 26.071755819360998, 24.001085106607466, 25.886508561953743, 23.86855114325761, 22.890392870273356]",2026-04-13 15:44:00.110961
24.26736434341311,"[25.08864679820507, 25.679064097580056, 24.044708502382445, 27.01554291446487, 23.82821471962939, 23.835153883050342, 25.952795833580197, 23.383337242530658, 22.14646179767347, 21.699717645034603]",2026-04-13 15:46:56.710014
25.450877215764155,"[27.841526551024767, 28.279647474266252, 25.188148720475077, 26.476966441231777, 26.080744267885795, 25.69014241111175, 21.04972904798736, 26.232776874649492, 24.502368648940823, 23.16672172006847]",2026-04-13 15:51:35.166855
23.557496041430458,"[24.05848537946673, 25.57552447495692, 25.122510727297367, 22.53028681063875, 22.858598516236427, 24.258848650758804, 22.43200228546014, 23.321939849221312, 20.823232319133343, 24.593531401134776]",2026-04-13 15:54:07.672722
24.656030538811837,"[24.494800497022652, 26.22865801449027, 24.66576362855754, 26.12524013157628, 22.625466973234307, 24.91541119209958, 24.440666906358626, 24.535623879487428, 24.339054829130202, 24.189619336161485]",2026-04-13 16:01:54.939171
25.063925521269145,"[25.941433460727175, 24.910277834364198, 25.4469470521541, 26.106979175205357, 25.424080276787404, 25.45362244620525, 25.237737361997894, 24.58269656702136, 25.18577479614686, 22.349706242081847]",2026-04-13 16:03:20.750635
25.17360285422806,"[26.691816737911452, 25.293981107620336, 26.550842154727924, 24.136114733994678, 25.50789806652994, 24.793874382475327, 24.603534347235737, 24.9516490455201, 24.801280214781308, 24.405037751483803]",2026-04-13 16:07:19.260716
23.966937118193837,"[25.023881272942862, 24.20792087243545, 24.950066429301284, 23.2129219396869, 23.466627493533593, 23.50779580517426, 23.483894242279874, 24.037140350464274, 23.27888457208898, 24.500238204030882]",2026-04-13 16:10:21.765322
24.673122793975022,"[24.730772633238026, 25.079780089389413, 26.080399338709903, 23.133831708649282, 27.006067507103513, 22.769708238613077, 25.759493465418213, 24.248237006112145, 23.882307730390373, 24.04063022212627]",2026-04-13 16:12:44.122595
23.4318992125064,"[25.809670515535206, 25.042081359459218, 24.48853090200197, 25.986193093787463, 22.672296181349964, 20.734301461606947, 25.31070002767549, 19.27301915290264, 21.657433386060152, 23.344766044684967]",2026-04-14 13:34:51.214071
23.91134265102014,"[23.233495950531477, 21.496250011159475, 21.63641299628207, 23.611700646924817, 23.755495533370073, 26.322072951303305, 25.259751959400617, 24.561087768649102, 24.10726242292862, 25.12989626965183]",2026-04-14 13:42:21.617947
25.676556259571786,"[27.72567092782702, 26.98815147990848, 26.96976878382842, 25.332491435611463, 27.031876325441083, 25.041837880040937, 26.265950945390003, 24.65547662313525, 23.84138289816798, 22.91295529636721]",2026-04-14 13:45:21.161712
25.039392940882387,"[26.65957600494101, 24.41493924782715, 25.36933798757768, 26.234034851643933, 22.55270720707194, 26.093810996666768, 25.060220576121, 25.272838978133116, 24.431394398512502, 24.305069160328763]",2026-04-14 13:55:25.221077
25.432786694986028,"[28.343073862727927, 27.323321189121014, 26.217843470328383, 25.367572761795156, 25.217528570280738, 25.435016560658433, 24.612076416827023, 22.5077243845449, 25.771423956913882, 23.53228577666282]",2026-04-14 14:00:30.495551
22.593812619862888,"[25.724554168895178, 24.000659017625473, 22.89568854762092, 22.502002618215343, 21.787126756196756, 22.998599181746833, 21.004340426429852, 23.623894907790287, 22.299021943176776, 19.102238630931463]",2026-04-14 14:06:36.210578
23.726811628901658,"[25.458390584813216, 25.540179379403426, 26.703544329891887, 25.374511925216108, 23.0539907494053, 22.957065650978745, 18.963658262027682, 23.41074896703857, 20.791965503836018, 25.01406093640561]",2026-04-15 14:09:19.077799
24.05438275126873,"[26.003338102824603, 23.636758737056024, 25.260847616782875, 24.824228149954106, 26.028497642713432, 23.568036671246784, 23.774243448577554, 24.41151024601972, 20.777092969369477, 22.259273928142733]",2026-04-15 14:10:36.633395
24.314907757822386,"[25.823224203152733, 23.587657054369767, 22.892523315183293, 22.992268716871582, 25.11427300697893, 25.901482546177903, 24.900822716954362, 23.810055213016085, 23.94794572356808, 24.178825081951114]",2026-04-15 14:11:39.648653
10.229795874971696,"[24.597345912021147, 25.389790258713113, 23.949609499592984, 18.508574939312755, 8.192980975329855, 1.2195275363048101, 0.07789312389774838, 0.07097425042832088, 0.1551572592982761, 0.13610499481794638]",2026-04-15 14:12:27.768345
25.96423936623931,"[25.685556882067498, 25.739812212440665, 25.994572843766562, 27.391576586045222, 26.077984834478634, 25.38232355655256, 24.463898900852744, 26.24943492485008, 26.33534257959951, 26.321890341739596]",2026-04-15 14:13:59.916499
24.90017343850562,"[24.18458742818372, 23.70089527382101, 25.060991594278885, 24.16011774664668, 24.516612194910145, 26.266113265002186, 26.137921351278308, 23.590416487776928, 24.85987759478045, 26.524201448377898]",2026-04-15 14:15:10.280484
24.272550455022454,"[21.157184631254477, 24.20228026591199, 21.018178173368707, 27.265799176552605, 22.57320005811042, 29.550123078845942, 25.001968125297754, 22.91230601791846, 26.22019710470508, 22.82426791825909]",2026-04-15 14:17:36.527510
25.258773983737196,"[25.433697713809423, 24.85687468195501, 24.041259210623494, 24.07179558766598, 28.34110573743017, 24.67990572476924, 22.918656772745237, 24.98938835535334, 25.98351482018639, 27.271541232833687]",2026-04-15 14:19:43.847672
25.32293892643432,"[26.695976177973716, 26.200191212503157, 27.547728052968136, 25.446906472251055, 26.571416165572497, 25.152418115842636, 23.09063440185629, 25.004139150110742, 23.645625445871683, 23.87435406939326]",2026-04-15 14:22:42.226343
25.02337199515963,"[27.577087612822275, 25.658043707801973, 25.615962348342755, 26.66450646316116, 24.28007194005212, 24.77772358106282, 25.111980242456802, 23.47796957643509, 23.761115849942012, 23.309258629519285]",2026-04-15 14:25:54.381962
25.986809908313766,"[28.300383804723012, 24.441194445098233, 24.905063316822723, 25.33640739625545, 26.070579002172646, 27.28769203424619, 26.164541767676806, 25.864838893726915, 25.348134988235888, 26.1492634341798]",2026-04-15 14:28:31.016823
24.823820321928487,"[23.137423030068895, 23.76815646312058, 22.22770276357256, 25.047092977485455, 24.968023036399362, 28.417801754188048, 25.418054161184997, 25.155319578910465, 24.781801861318993, 25.316827593035512]",2026-04-15 14:33:11.134005
24.928224296486512,"[24.438414721739544, 26.441519895920663, 26.36111081803403, 25.054194460518595, 23.141054931391558, 26.26574804587477, 24.16019890645277, 24.65257516006743, 24.71147688933942, 24.055949135526326]",2026-04-15 14:34:46.438343
23.294327254193323,"[25.789380564011957, 22.856528941181054, 23.690993777477665, 23.858832256477974, 24.69745653283685, 21.578485184683196, 24.020076501233223, 22.70587605112094, 21.560589447439693, 22.18505328547069]",2026-04-15 14:39:08.114011
25.28444483040441,"[25.695600408071506, 25.50128354233336, 25.8114154513662, 26.499366547713443, 25.940540702860154, 25.722586043597424, 24.514420880145632, 25.396100433636843, 23.211379903371135, 24.551754390948407]",2026-04-15 14:40:32.430862
24.73648425459182,"[24.060859303794953, 25.233232992759735, 26.813069488214378, 23.41833740890826, 27.309848661309577, 24.68682459823867, 23.24297135789283, 25.274178114933648, 24.20597303708922, 23.119547582776914]",2026-04-15 14:41:48.751209
24.69980408022809,"[25.366416234558333, 25.7150584715823, 24.644560629215746, 27.31285157413502, 25.37209742098484, 23.19393054506114, 24.35047807183779, 24.098943542804086, 24.137859669825676, 22.805844642275982]",2026-04-15 14:45:30.299147
24.54190970646933,"[25.04477992301181, 26.132016975385042, 26.845005871911972, 25.854227249080257, 19.90874391402904, 26.414656000103882, 23.19311894700021, 25.785687792834725, 23.270667141722065, 22.970193249614287]",2026-04-15 14:46:59.685826
26.384896728204737,"[28.241096566372086, 30.765734654506765, 24.606212620836807, 26.307525056061138, 26.409137133289562, 26.340719416753167, 26.00806566152952, 26.4222647319251, 24.806859951450203, 23.941351489323022]",2026-04-15 14:53:20.836854
24.31540689062986,"[24.468078630866536, 25.892696997168333, 26.48788243515129, 25.789968972606133, 25.153067394291384, 25.411804856115836, 24.051201286869887, 22.893943611789926, 22.74745016179207, 20.25797455964718]",2026-04-15 14:57:32.997168
25.4365585969742,"[25.085522145670488, 24.87006315044512, 26.08321964197163, 25.895821649702917, 24.20976725802407, 25.650414686029233, 26.05933836902877, 26.224721763894763, 25.045632100975784, 25.24108520399923]",2026-04-15 15:02:34.304419
25.020480677067567,"[25.121577389527303, 24.349707053679907, 25.54439968932026, 25.522486541675153, 25.66175676893073, 25.81652851915006, 24.17961639006052, 24.84058185088184, 25.085238086349165, 24.082914481100723]",2026-04-15 15:04:56.574889
23.630842187191845,"[24.87637332536885, 24.889663243616578, 24.721946504325413, 24.134897336903283, 22.852268051361172, 22.188401127472027, 22.979628077072597, 24.134248058454542, 22.26682179010938, 23.264174357234626]",2026-04-15 15:09:21.098235
16.70729188393823,"[25.299723163901415, 24.696117396036318, 24.02336347337999, 26.115358925184456, 22.63319744476466, 21.521368971145254, 17.7987918551265, 4.906455207497218, 0.058901729271988425, 0.01964067307450389]",2026-04-15 15:10:44.133758
25.254233092586297,"[25.423775927514555, 25.158789160620938, 25.543912730483704, 25.491503785699155, 23.758701345710744, 26.952948414015648, 24.704781205336744, 25.162583381555784, 24.52838036679363, 25.81695460813205]",2026-04-15 15:12:03.821729
24.340306719139186,"[24.661137519610236, 25.599568067511974, 26.526047833966516, 26.261608895764027, 24.696969574000295, 24.53034849209138, 21.759025173337054, 23.20403494091972, 22.98437592572904, 23.179950768461627]",2026-04-15 15:14:41.495705
23.818589166626765,"[23.655973321148544, 23.125675148136935, 21.65495801197432, 24.462519184149166, 24.90246620302775, 24.040609932174753, 24.32448664393651, 24.205709267719417, 23.928609399766422, 23.884884554233825]",2026-04-15 15:15:44.156623
24.513864935473897,"[25.212882171381914, 24.951933104841427, 25.64804076170101, 24.35597664870059, 25.0503596596807, 23.803907357704542, 25.457599276703807, 23.179220330206785, 22.545970943166225, 24.932759100651957]",2026-04-15 15:17:55.963226
23.28055849308965,"[24.94578524952988, 25.195169043702123, 23.554726463047537, 20.78983505892608, 24.257002265170186, 22.74436608916054, 20.27921813889202, 25.027289984798767, 21.05973199408832, 24.95246064358103]",2026-04-15 15:22:10.338417
24.991666916909402,"[26.494760728717665, 23.64278485265843, 26.700541417066447, 23.674538626792316, 25.200485011001213, 24.17774971452038, 24.631940279368283, 26.489749110691424, 23.869159841803306, 25.034959586474557]",2026-04-15 15:27:07.965866
25.101054103561534,"[24.17594390883481, 24.897880673983494, 25.74880066096546, 25.798186402973045, 24.19665994934005, 26.9807456476025, 25.55513307367606, 25.100699029409878, 24.67734919087731, 23.879142497952746]",2026-04-15 15:29:39.383251
25.277176969768785,"[29.657538082210014, 26.27362054706579, 27.5241308393466, 24.473719237389997, 24.66190853776812, 24.592151684431194, 23.35915162031495, 23.53764232386496, 23.743382432310693, 24.94852439298552]",2026-04-15 15:30:56.621084
24.225891682499594,"[25.062066961709615, 23.237675680545266, 27.308955903442556, 24.194955593412097, 24.967231728289956, 24.782471429719262, 23.127846172949923, 23.66583423758884, 22.864117383050747, 23.047761734287665]",2026-04-15 15:33:21.315295
24.987541969764727,"[25.04354223596889, 24.788639574982327, 27.11520715634706, 25.99100181229847, 23.515181347528724, 26.2804379707776, 24.925819937231008, 24.33935917840305, 24.745888647122847, 23.130341836987284]",2026-04-15 15:36:55.992052
23.784869296190276,"[26.114729936687233, 25.73753973787006, 25.91590870171093, 26.16423741840396, 21.881596770488994, 22.391016583383177, 22.99738178465544, 21.991446568035858, 21.770529575850738, 22.88430588481638]",2026-04-15 15:38:38.658365
23.39874137372711,"[23.323847104664498, 24.89473573149739, 23.695924235697817, 24.416724763561195, 22.817308464886615, 22.242534718136053, 22.792250374755405, 23.129834588199202, 22.940001801747695, 23.73425195412523]",2026-04-15 15:39:20.935519
24.18530772146279,"[25.05165821657819, 24.498472978248362, 26.48402734436187, 21.501160179428098, 23.851385844268943, 23.6972227925953, 24.367744820584072, 24.97806656240337, 23.315386194879306, 24.10795228128041]",2026-04-15 15:40:35.985163
25.38208210612943,"[27.11033756798148, 25.95119292740986, 25.638747963903363, 26.011514953288472, 23.70201122115479, 25.389810548664638, 24.315072106429724, 24.67197235372365, 25.741760047786894, 25.288401370951444]",2026-04-15 15:41:58.937290
24.982077885819514,"[26.131347406984776, 26.628532379110442, 26.787118640216146, 24.813880274677246, 24.286970523570027, 25.75862099750271, 23.62097315477094, 24.209462908751217, 24.19016716485261, 23.39370540775904]",2026-04-15 15:42:27.436042
23.383560431997417,"[21.362640680378888, 24.16930909468671, 22.443587847779913, 23.298951334145475, 25.08791635995023, 22.83183607017726, 24.117549428350905, 21.699433585713276, 24.402602957301013, 24.421776961490483]",2026-04-15 15:47:47.727444
25.05845737933363,"[25.16187323325247, 25.117458529368083, 24.223665874817492, 24.69826813089778, 23.571851182133155, 26.813130358068946, 25.47760516890573, 25.761339851006827, 25.058069841259538, 24.701311623626268]",2026-04-15 15:49:30.183343
23.52077934515399,"[23.34336603802986, 23.340464574962038, 26.10215016674282, 24.51916872880207, 24.83494124435838, 23.99808219378202, 24.50019762412784, 19.32776144211236, 20.73048695072058, 24.511174487901915]",2026-04-15 15:52:29.805378
25.11237792550666,"[23.76010135236585, 27.171511771824076, 27.246077343672013, 26.028030973828397, 24.334449010134424, 25.769800760792023, 23.85406411787001, 25.848404032993084, 24.492487442549002, 22.61885244903773]",2026-04-15 15:57:37.013424
24.707940350788913,"[25.478680536336462, 25.35095529149762, 27.17128858235732, 25.38378443306223, 23.967870455963908, 24.438394431788023, 24.35690998647066, 25.1349281776296, 21.972678362876856, 23.82391324990646]",2026-04-15 15:59:16.852665
25.6236806459022,"[26.569732099596067, 24.896764726649714, 25.24619827178309, 26.33284691556215, 26.217823180376858, 25.396039563782274, 25.48647187772139, 26.005164198461696, 24.70088553464428, 25.384880090444486]",2026-04-15 16:00:48.474678
24.055249132198774,"[23.737133127241535, 19.879242324514237, 21.69789154939751, 26.014842505338287, 24.93476780585276, 24.0745144411701, 25.533848914528175, 25.447454300942187, 24.218431067324495, 25.014365285678462]",2026-04-15 16:01:47.680624
24.989426906261237,"[25.64952192816221, 24.059053498109385, 24.983220210090277, 25.859969305361336, 24.505554171329972, 26.016972950248228, 25.4620427760874, 24.951121506780495, 24.592253134188812, 23.814559582254248]",2026-04-15 16:02:48.603678
23.70173933580438,"[23.685982159451427, 23.659503772713585, 23.859400375120625, 23.322264488445686, 23.599770155429145, 22.549988353567823, 23.822107444220894, 24.229306481340956, 24.548487708753164, 23.740582419000482]",2026-04-15 16:03:29.448598
23.0453938969449,"[20.268363014827084, 22.501495369427264, 23.767568054526404, 24.05759262159971, 21.927492640834583, 22.02007568963516, 22.699991965179198, 25.927169624806332, 19.185549171885917, 28.09864081672736]",2026-04-15 16:04:10.565203
24.251396151564315,"[25.000324639224374, 25.86443309469645, 25.690101831208707, 23.924713729073957, 26.18022590020428, 23.385122758264707, 23.72650119264335, 24.17316418547613, 21.227124094155116, 23.342250090696083]",2026-04-15 16:06:28.003756
23.7302101957818,"[24.352304167474884, 26.90609891594847, 26.74229813730129, 25.72978897638818, 19.912193205787993, 21.98964076235029, 22.549298495216032, 22.480069180618713, 22.492953299835975, 24.147456816896174]",2026-04-15 16:09:17.395283
25.72238923106765,"[27.520945316957448, 27.152033418361757, 27.949956051965, 25.857006972438942, 25.201256029159094, 25.72962665677599, 22.41357900947703, 26.72237340490546, 23.95908490695434, 24.718030543681426]",2026-04-15 16:10:35.467642
25.08565403035539,"[27.34208939428002, 24.89968647966906, 25.27105346239907, 27.187013294787835, 25.81433720438555, 24.261121125329407, 24.650546164915102, 21.08667704971119, 26.43131405030447, 23.912702077772195]",2026-04-15 16:12:30.888396
23.134046782135428,"[26.23484644970486, 22.092064437639646, 20.77311613887092, 24.803532399400392, 23.421401191588274, 20.714052089986748, 22.10758625055493, 25.080611977401862, 23.857472829725914, 22.255784056480735]",2026-04-15 16:14:33.342070
24.310226866005973,"[26.645251299165597, 24.770865577447964, 24.41343779141443, 23.365015416305166, 24.705978312476617, 23.302015116825483, 24.097563826100508, 23.784997122884874, 24.23028039901407, 23.786863798425014]",2026-04-15 16:15:09.869032
26.15481882290687,"[24.392559431297006, 25.50016759499958, 26.808341929509464, 29.558705728340275, 27.52857433873019, 27.45691022995008, 24.354799831512242, 26.929330910442587, 25.11514547489443, 23.903652759392827]",2026-04-15 16:15:42.747671
24.535909967803907,"[24.59223284423729, 24.404591372550293, 27.616876207759365, 22.771879263426065, 26.673860130813374, 24.054691158531885, 23.95072544692676, 24.236042745246674, 24.516307845637293, 22.54189266291005]",2026-04-15 16:16:08.407139
23.408145766258134,"[26.184689689539393, 25.176644317961394, 25.203021254941618, 25.35004224367907, 24.37659123944821, 22.5578202748558, 22.581072559301443, 20.085205622426727, 22.76567053825995, 19.800699922167745]",2026-04-15 16:17:23.261708
24.70996122996063,"[25.082133723766106, 25.071684398731634, 26.056416616009418, 25.05571620688284, 25.395593184848764, 22.797404022442308, 25.290897034988802, 24.928559080686643, 23.04408925306196, 24.377118778187818]",2026-04-15 16:18:16.336268
24.960590827156395,"[24.221373110295364, 24.00149090563793, 24.585029911446533, 26.57622488408351, 24.33223740541839, 27.084204110419538, 24.158291651009588, 24.21790352858489, 25.5803940633225, 24.84875870134571]",2026-04-15 16:18:46.507112
25.06901829910148,"[27.036015475551828, 26.140477885170238, 25.261557765086188, 25.033965378849917, 25.615455099554676, 22.860728961146368, 24.63183882961067, 25.22807934507283, 23.625639843621283, 25.256424407350806]",2026-04-15 16:20:25.333363
24.30470191220619,"[24.703340618778594, 23.992116948034187, 27.231346838866134, 25.206429966797522, 22.52957666233544, 23.208336410642648, 23.823000202087915, 23.9175919560893, 23.684237223620425, 24.75104229480975]",2026-04-16 13:45:22.161593
25.059327818253976,"[27.466710276535807, 24.932799680555004, 26.10383423271925, 25.033214650643558, 24.963295477694444, 24.135668355061167, 24.069502823143853, 24.782816358895158, 24.55974863184857, 24.545687695442957]",2026-04-16 13:49:22.923168
24.181006251739863,"[23.242910488038262, 25.14764997723467, 23.624848535511877, 25.992949647644704, 22.532944794288298, 25.128618002705867, 24.353501274614754, 24.06359844725059, 25.228505434054817, 22.49453591605479]",2026-04-16 13:53:22.386237
25.43463105157949,"[26.683376118077778, 27.983637371493593, 26.363180393089404, 24.052438973912803, 25.86092293308293, 24.9649998336224, 25.676913362718594, 25.071014830331368, 23.336954413348515, 24.352872286117535]",2026-04-16 13:57:36.928324
25.329831422966766,"[29.752799404611665, 26.877611824009833, 26.268608929039544, 23.630489142035344, 25.89436077319324, 24.519736847444726, 22.73992258977695, 25.201560378431942, 24.60893147434092, 23.804292866783484]",2026-04-16 14:00:56.780925
25.086390555595685,"[25.108997619582887, 22.945946757544007, 23.86711055669946, 25.96338718827533, 25.589605701314056, 25.919053644197035, 26.81033034475874, 25.735003493929653, 25.425459993490986, 23.499010256164695]",2026-04-16 14:02:38.967540
25.739795980479443,"[26.3241628163102, 26.42125023434894, 26.757069222010212, 25.48977913981968, 24.592029944722057, 24.690476789512854, 26.518073883017877, 25.889369445118522, 25.143774596493735, 25.571973733440355]",2026-04-16 14:03:43.960546
24.566395619967587,"[25.3100101693237, 24.283135722732133, 27.412353496405025, 23.935913782314792, 25.54074749804608, 24.71155804914551, 23.591430985353092, 24.956315734370445, 23.13214764267285, 22.790343119312222]",2026-04-16 14:05:10.660682
24.1612702158932,"[22.752421199915272, 24.75004808718511, 27.490226330351252, 24.484574361454936, 23.282293283944888, 25.285357878222957, 24.398037718208283, 22.790748918342683, 24.838187636602097, 21.540806744704525]",2026-04-16 14:07:24.996
24.79082074477108,"[24.34668385090294, 25.542046054943565, 25.311126116657483, 27.28529781996645, 24.78196418093118, 23.54350611985518, 22.27483632096106, 25.384961250250583, 25.364529269066672, 24.073256464175657]",2026-04-16 14:09:39.973424
25.521683059594835,"[26.123109686666336, 25.72761795157519, 26.444624258503723, 25.821418397467166, 25.6632176454404, 25.187519731977854, 25.547524341854842, 23.578790345554104, 24.746477055717016, 26.3765311811917]",2026-04-16 14:10:33.892399
24.361661893117404,"[24.980359326925498, 26.87986400862891, 26.05373834240835, 24.51734263316498, 24.87081387865148, 23.681071991182797, 23.826104564670974, 23.055269016351268, 25.06216841146723, 20.689886757722558]",2026-04-16 14:11:36.629749
25.133349619401088,"[26.234744999947246, 25.466202216149664, 26.201327449788458, 25.159661628536437, 25.27255491881179, 24.9519128148899, 23.93751668848513, 25.382851095292164, 22.341022142829896, 26.38570223928021]",2026-04-16 14:12:23.713442
24.688764317604292,"[26.704741437031757, 23.47186230102659, 25.357427786033536, 25.803684979835843, 25.254009903119538, 26.327510658311535, 23.65495882357238, 25.7920385476615, 22.917926334490403, 21.603482404959838]",2026-04-16 14:13:38.532561
25.44809952140062,"[25.340708865978375, 24.894187902806262, 26.353664405825, 24.75029156660339, 25.599405747899787, 26.26698573291769, 25.46275292439071, 24.393533348970124, 25.1554413186196, 26.264023399995292]",2026-04-16 14:14:11.840784
24.552746569577895,"[25.01337107805382, 25.20421836208149, 28.07189866061972, 25.888517267154544, 23.491746453519372, 23.919296312017252, 22.16318071772863, 22.894146511305156, 22.961001901574257, 25.920088431724718]",2026-04-16 14:17:26.730996
24.5379998328108,"[27.265880336358702, 19.19885938008517, 24.38028401062544, 23.87110767714954, 23.703066298634, 26.759017057356445, 25.29262168086828, 22.946230816865334, 27.85019036032519, 24.112740709839894]",2026-04-16 14:23:29.179112
25.03549727018992,"[25.116504901646486, 26.01378742785908, 26.450893853524402, 25.789197954448245, 25.978097403129684, 25.183887830655195, 24.63829103419506, 25.26182153445599, 23.802385611340295, 22.120105150644775]",2026-04-16 14:25:54.681731
25.662454743263126,"[27.83844247839323, 24.789329433334117, 26.06270650098163, 24.050409978760477, 26.7094892856882, 27.326303811994933, 25.107557033024737, 25.32756097739131, 25.994329364348285, 23.41841856871436]",2026-04-16 14:26:38.008628
25.535043992672893,"[28.38925379239484, 27.4028172191891, 25.25175771850046, 27.437371006633192, 23.652179100213694, 25.363636511199648, 23.32549059073788, 27.355419892430792, 23.429436012391477, 23.743078083037844]",2026-04-16 14:28:11.035492
25.004806689515856,"[25.63302619757381, 26.277536507709772, 23.606526709286385, 24.80576429406795, 26.334896200665998, 23.155359347215448, 26.610636641866936, 25.643130593432385, 24.254750080551105, 23.72644032278878]",2026-04-16 14:30:35.194135
26.096840286429188,"[29.610505974579123, 27.392408474057675, 26.29222643261261, 26.662274568493604, 25.602165181306948, 23.935690592848037, 25.816000980410458, 25.655446594007, 24.42262913945446, 25.57905492652197]",2026-04-16 14:35:13.706122
25.09859699043207,"[25.065922052499033, 24.315031526526678, 24.6126648254212, 25.118554186750337, 24.389962317502032, 25.452222439550145, 25.630002994796843, 24.592780672928416, 25.41474689908671, 26.39408198925931]",2026-04-16 14:36:45.707037
25.046794715198068,"[25.154954359783044, 25.738067276609662, 25.936807351779876, 24.891387889496055, 26.03703971230472, 21.26409238583047, 26.393615320374277, 25.31435221894968, 25.290836165134234, 24.446794471718647]",2026-04-16 14:38:27.876496
25.03606133084227,"[26.74223726744672, 25.60879999545505, 26.084984867754155, 26.86168421206408, 25.45678767864288, 24.40838559348514, 25.502379199715616, 23.58743386490301, 22.7404907084196, 23.367429920536434]",2026-04-16 14:38:57.700370
25.351458482295392,"[25.876485325901257, 26.729353148229457, 25.57564621466606, 25.28042742000281, 24.53846447270068, 26.140031506236724, 24.951811365132286, 24.969707102375793, 25.211786513999662, 24.240871753709207]",2026-04-16 14:40:10.987052
25.93708126612544,"[30.028377526200416, 24.556766008974652, 26.38582397898935, 26.54396386116154, 26.904698909293366, 23.686793757512355, 26.53978413114775, 24.273964664643625, 26.536152229825092, 23.91448759350624]",2026-04-16 14:41:49.791293
25.345375554828724,"[23.949183410610996, 25.51303142426532, 26.389070371233068, 25.335372608727763, 25.054275620324688, 25.369216247868543, 24.85563699491209, 25.676669883300313, 25.63347257650732, 25.67782641053714]",2026-04-16 14:44:12.483491
25.266206192980164,"[28.81211667209085, 24.564902279535474, 26.598381511146894, 24.7704597784175, 26.642248386340153, 24.69650290511526, 22.324140903162554, 25.85919828720345, 25.991488771135028, 22.40262243565448]",2026-04-16 14:45:23.916473
25.159982209770504,"[25.943726225249303, 26.14317644872283, 24.56482111972938, 26.045135402962494, 24.993973884397597, 24.650302685496825, 24.636830157685388, 24.985898483691344, 24.420579854350613, 25.215377835419275]",2026-04-16 14:51:38.713517
25.524641334526923,"[25.249606983638994, 26.04791512632118, 26.96855138673703, 22.4498574428006, 27.86731507941081, 24.80278167119403, 26.4309894110801, 24.68658111882039, 25.124336822934463, 25.61847830233164]",2026-04-16 14:53:17.897392
25.466640479102566,"[25.315975415071538, 25.945247971613547, 25.566414286722985, 24.079262289826538, 26.65010059757965, 24.06485642424503, 25.62829863886889, 26.56956977998388, 25.114354166785024, 25.732325220328583]",2026-04-16 14:56:09.740455
25.315342368584012,"[25.2330300932445, 25.84168805903889, 26.2529450864636, 25.060991594278885, 23.05123131599814, 26.57435820854337, 24.869251552384192, 27.2458947341083, 24.491554104778935, 24.532478937001322]",2026-04-16 14:58:32.497973
25.156969151969303,"[24.938095357902572, 24.793062784414396, 26.696483426761795, 24.63883886288619, 23.28718316226199, 26.62421061943599, 26.538181224977418, 23.691419866459654, 25.28142162762745, 25.080794586965574]",2026-04-16 15:01:42.106915
24.405317752814824,"[24.115479853295533, 25.34914948581205, 26.339299120146542, 23.51834657996635, 25.99824532499227, 23.222640826466538, 23.66106609898088, 24.146462609271534, 24.06246220996529, 23.640025419251266]",2026-04-16 15:03:04.760554
25.264195458784208,"[26.49192013550441, 25.178084904519547, 24.260938515765698, 25.477767488517916, 25.55044609487419, 25.333566803042192, 26.20648109747536, 24.540818107077378, 24.749317648930273, 24.852613792135127]",2026-04-16 15:05:03.424576
25.410439342378325,"[26.17752733665169, 24.855150036075536, 26.684654385023745, 24.19641646992177, 26.86367262731336, 22.57320005811042, 26.730753154884564, 24.198871554056083, 27.10662450685273, 24.717523294893343]",2026-04-16 15:07:19.855896
25.70841554145359,"[27.85816431127383, 27.17061901395705, 24.9586287888441, 26.643181724110224, 25.83957790408047, 24.20171214726934, 26.021091810407444, 25.48908928146789, 25.1334470111684, 23.768643421957133]",2026-04-16 15:08:33.935289
25.152809711907036,"[25.524414087069864, 25.45723405757639, 25.54423736970808, 24.476316351184973, 24.724949417150853, 24.753253899525784, 24.799799048320114, 24.62512285565647, 25.0659829223536, 26.556787110524233]",2026-04-16 15:09:37.978991
24.70750005884086,"[24.572997970193253, 24.62254603181302, 25.92901601039495, 23.489129049772874, 24.53231661738914, 23.733399776161257, 25.211198105405487, 24.583650194742958, 25.882186802279293, 24.518560030256374]",2026-04-16 15:10:41.457995
23.905616826700278,"[24.693581152095913, 25.097249737650927, 26.77054174982165, 25.57408388839877, 25.30818407368661, 24.837274588783554, 23.078318401281674, 23.388551760072133, 21.09564520828447, 19.21273770692707]",2026-04-16 15:13:19.032983
23.91703601141756,"[25.9568132439818, 23.68324301599579, 27.976414148751314, 24.89767777446826, 23.1179649665581, 25.900914427535252, 24.61489672008876, 23.989438674433117, 19.7896621885391, 19.243334953824128]",2026-04-16 15:18:04.043358
25.40613381466509,"[25.529486574950674, 23.32049926266316, 25.889207125506335, 25.47322253937671, 25.636495779284285, 26.10164291795474, 25.504550224528604, 25.31991166566705, 25.946911747638453, 25.33941030908089]",2026-04-16 15:19:57.208690
26.78165252727578,"[24.98139411445318, 23.10863158885741, 22.963700465126852, 23.243762666002237, 22.405036939885743, 26.636810679331923, 34.480581298995155, 34.39378088637871, 28.62027518043854, 26.982551453288067]",2026-04-16 15:21:23.185207
23.82399643870771,"[22.537449163526457, 24.407918924600107, 26.077822514866448, 23.50420448375465, 26.270597344288827, 24.587829924756747, 23.989580704093783, 23.454717291989446, 23.423470766643643, 19.98637326855699]",2026-04-16 15:22:20.865043
23.690303919125874,"[26.514097052519322, 25.218989446790413, 23.854672816415707, 25.27681580863167, 23.77397967920775, 21.54995751284151, 21.061801569143693, 21.508464561976467, 25.02899434072672, 23.11526640300551]",2026-04-16 15:25:17.928209
25.62303339644861,"[25.084183008869957, 25.621400055350986, 23.931044193949212, 26.774883799447625, 26.032717952630268, 27.637348768846323, 26.367339833151668, 23.67482268611364, 25.775826876394426, 25.330766789731985]",2026-04-16 15:28:17.884813
24.172123310962984,"[25.331760997356625, 22.30867996010184, 23.2126581703171, 24.768714842586498, 26.860832034100106, 26.2905626565877, 26.70839362830594, 24.12931760023439, 22.636626446572095, 19.473686773467563]",2026-04-16 15:32:32.780332
21.9756427247944,"[26.84551312070005, 20.987256287247277, 23.407522864746372, 24.35110706033501, 21.730923590477357, 18.90197680939701, 19.369781931717007, 20.12732756178899, 22.252050705400457, 21.78296731613449]",2026-04-16 15:43:06.980974
23.413348109828696,"[25.84130254995995, 23.68855898329488, 25.343569749143157, 23.646274724320428, 22.148511082777322, 22.211592542063098, 23.11526640300551, 22.94552066856202, 22.06211646919133, 23.13076792596927]",2026-04-16 15:46:08.314146
24.71348965253052,"[26.007396093129252, 24.579855973808108, 22.20765629146759, 23.71306924473496, 23.88961211293874, 25.922462356052936, 26.593065543847803, 24.299915512641856, 24.825628156609206, 25.096235240074762]",2026-04-16 15:47:34.232195
23.307690216266536,"[26.166875112101984, 25.05529011790085, 27.377535939591134, 24.05178969546406, 21.386237894000423, 23.4144417382158, 19.43925472573261, 24.014740243982608, 21.144057032618935, 21.02667966305695]",2026-04-16 15:48:32.600227
24.194813563751435,"[26.801544795749177, 26.39256024289507, 20.745663834459968, 24.104726178988212, 23.133202720152063, 25.65140889365387, 25.241937381963208, 23.471497081899173, 23.748901299125016, 22.656693208628585]",2026-04-16 15:49:38.984416
23.962053326862193,"[25.393422160035776, 25.22083583237903, 27.071482310814464, 25.526179312852385, 26.737631448450944, 21.663236312195803, 21.491380422793895, 23.516439324523166, 22.24178398992969, 20.758142154646766]",2026-04-16 15:51:24.143757
24.03562672008064,"[26.703868969116257, 24.978492651385356, 24.052418683961278, 22.551997058768627, 26.922939575712764, 26.67481375853497, 23.160350675290168, 21.620728863754596, 23.292275940094324, 20.39838102418806]",2026-04-16 15:52:58.998627
24.116979280713103,"[24.822036835189593, 24.662862165489713, 21.810744259769812, 25.279270892765982, 25.522263352208398, 25.56862589143902, 24.935863463235012, 22.26207394145294, 23.17299131508915, 23.133060690491398]",2026-04-16 15:56:10.451787
24.638546687584256,"[23.29430493524665, 23.873785950750605, 25.43448902191883, 26.955099148877114, 24.524362956392025, 24.413011702432442, 25.933276900214832, 26.229753671872526, 23.06196470035394, 22.665417887783583]",2026-04-16 16:00:05.052233
24.757916530385824,"[25.430045522535238, 25.580170873855746, 21.35923196852298, 23.420711333236483, 26.62445409885427, 27.207668465438502, 25.23390256116, 26.557476968876024, 23.522506020028615, 22.642997491350393]",2026-04-16 16:03:22.368922
21.413828170081736,"[25.282212935736855, 20.911655927871657, 16.08485907005471, 25.21470826701901, 21.62103321302745, 22.52470707396986, 20.296160248413937, 20.61755308054218, 18.661520593894995, 22.923871290286712]",2026-04-16 16:04:47.790884
24.2488944005415,"[25.65366107827295, 23.63235581757548, 25.164328317386783, 26.129764790765964, 25.929604418989122, 23.925018078346806, 23.597842610034437, 22.636951085796465, 22.432712433763452, 23.38670537448352]",2026-04-16 16:07:38.345961
23.4553746864188,"[25.26245052295321, 22.61797998112223, 22.355813517490343, 24.844538391428873, 27.314271870741646, 23.728814247117, 21.69850024794321, 20.804464113974337, 23.06953285227211, 22.857381119145032]",2026-04-16 16:09:20.145188
24.63585826900742,"[24.30673293635367, 25.160899315579353, 23.15773327154367, 25.865224402805858, 24.513000583539004, 24.988617337195457, 25.791571878776466, 26.291719183824526, 23.025544237369708, 23.257539543086523]",2026-04-16 16:10:33.298906
22.0558489031658,"[26.727080673658854, 22.528602744662322, 20.831490329403305, 21.525000872467917, 20.68471282008413, 23.645868925289964, 21.361849372269482, 20.401952055656146, 22.070151289994538, 20.781779948171348]",2026-04-16 16:16:01.956331
23.184787892904765,"[26.505615852782604, 23.38552855729517, 21.749326576508945, 26.990667433897364, 23.671677743627537, 21.58806204180217, 22.846870924255988, 19.372399335463506, 24.65407661648015, 21.08365384693423]",2026-04-16 16:19:53.364698
24.386188386518707,"[25.086638093004268, 21.296475148461575, 27.185552418278164, 24.966095491004655, 24.096691358185005, 26.509856452650965, 24.74018717074481, 25.058171291017153, 21.980855213340725, 22.941361228499755]",2026-04-16 16:20:36.585240
23.015774625711263,"[25.372239450645505, 25.81127342170554, 25.823183623249687, 22.343639546576394, 23.885412092973425, 23.598512178434703, 18.84045767637852, 21.580209830562673, 21.419919213529017, 21.482899223057178]",2026-04-16 16:22:36.441963
20.995238354176525,"[22.14181539877465, 20.435714534990833, 18.40402081911346, 23.249545302186363, 20.10945211449701, 18.49280964697919, 25.078948201376956, 21.169622371538228, 20.46868570621611, 20.40176944609244]",2026-04-16 16:23:16.287408
24.51139767736867,"[24.814042594289436, 22.36222514217169, 21.896712784373815, 25.728429549636118, 26.279666952619717, 25.78879215541778, 26.22551307200417, 26.234684130092678, 22.318784355960414, 23.46512603712087]",2026-04-16 16:23:43.087577
22.5398859867044,"[23.821072656693207, 22.542683971019457, 25.3418653932152, 23.264519286410522, 24.936391001974616, 18.899237665941367, 23.05309799153828, 21.17873255977217, 20.64703438010546, 21.714224960373727]",2026-04-16 16:26:36.262397
22.42125064014797,"[25.598269510614486, 23.9951807307142, 23.576903380062443, 22.21879547485385, 20.345059031584963, 22.247526046210773, 20.244562901690315, 21.51804141909544, 22.996083227757953, 21.472084678895285]",2026-04-16 16:27:18.732129
24.736080484556506,"[27.370738805830847, 24.394243497273436, 25.2298851507584, 26.977681864922488, 26.551917522158654, 24.137514740649785, 23.909962934316557, 23.529810402576988, 22.103670289910944, 23.155379637166973]",2026-04-16 16:29:51.505320
24.631974772285876,"[25.48148054964667, 26.354962962722492, 24.750819105342995, 26.65608613327901, 25.43463105157949, 21.452362846014687, 24.413559531123568, 24.799230929677464, 25.125757119541092, 21.850857493931276]",2026-04-16 16:34:16.428939
23.653341714435978,"[27.332309637645814, 23.83486982372902, 23.445018695161334, 27.35951846263849, 24.516104946122063, 23.10057647810268, 22.033832276767924, 24.80789473897789, 18.020236386051227, 22.083055699163324]",2026-04-16 16:35:50.060075
24.043237480897012,"[24.602966228593086, 24.82875280914379, 23.112791028919673, 27.72293178437138, 25.167777609145737, 24.78165983165833, 22.695629625601697, 22.137047260166685, 23.767770954041637, 21.61504767732809]",2026-04-16 16:38:34.203631
24.520461198714106,"[24.433423393664828, 21.0619841787074, 25.971462588981584, 23.377493736491964, 28.488370205585905, 25.871189648553692, 24.815604920556723, 24.25927473974079, 25.17591387970656, 21.749894695151596]",2026-04-16 16:40:12.284911
24.355879256933278,"[23.70556196267136, 24.970173771260825, 25.613994223045005, 24.887634248464256, 26.722028475729566, 26.334713591102286, 24.616073537277103, 23.250904728938423, 23.17274783567087, 20.284960195173102]",2026-04-16 16:40:46.361393
24.827754543528844,"[25.04017410401603, 21.746283083780458, 23.653802296335556, 23.93652248086049, 26.475322955158397, 26.341632464571713, 25.331882737065765, 24.614450341155244, 25.35702198700307, 25.78045298534173]",2026-04-16 16:42:21.661043
24.52576296304713,"[25.625052246625174, 22.384868728071638, 22.950106197606274, 26.415650207728525, 26.137211202974996, 25.51351838310188, 23.369438625737235, 25.079759799437888, 23.80027545638188, 23.981748782805806]",2026-04-16 16:42:43.200180
21.2528558106769,"[24.40526094095056, 21.844973407989535, 23.36446758761404, 19.939117971459343, 19.03142670011533, 22.652858407790692, 20.519593194587937, 19.982802237088894, 20.41045354534439, 20.37760411382825]",2026-04-16 16:43:10.356189
22.543785715387166,"[26.91455982573366, 23.125188189300378, 22.486257615833303, 22.24419849416096, 18.205260453991723, 24.37602312080556, 19.23473201437827, 24.924014131545434, 20.41396370695791, 23.51365960116448]",2026-04-16 16:44:57.508056
22.233252065314165,"[26.396618233199717, 22.805804062372935, 22.172574965283893, 21.48478618854884, 20.815867066730405, 19.463095418772426, 20.077150511672, 23.213287158814317, 23.67869806685458, 22.224638980892546]",2026-04-16 16:45:31.282995
24.56983882474108,"[22.964248293817977, 21.772213641827168, 26.467450453967373, 27.04534885325252, 22.80247651032312, 26.911678652617365, 25.738919454573637, 24.968956374169434, 22.86129707978902, 24.16579893307319]",2026-04-16 16:46:42.341787
23.9571289556275,"[24.103610231654436, 23.990980710748886, 23.371285011325853, 25.168893556479517, 24.890028462744, 26.046555699569122, 24.826439754670137, 22.315862602941067, 23.670987885275746, 21.186645640866235]",2026-04-16 16:50:11.377416
24.079304898724736,"[24.93277939060348, 22.395581822475908, 23.07302272393411, 27.36203441662737, 26.177222987378837, 23.880096125674335, 24.036754841385335, 24.881770452474036, 21.777184679950363, 22.276601546743585]",2026-04-16 16:52:20.258014
25.696381571205148,"[23.829979945411914, 23.979496598186728, 26.160179428099312, 26.31186710568711, 26.846527618276212, 27.60898341661682, 26.746092358236137, 25.56862589143902, 26.077497875642074, 23.834565474456166]",2026-04-16 16:54:06.369928
23.986378949743415,"[25.8643925147934, 23.776536213099682, 25.761806519891863, 25.765418131263, 22.56962902664233, 21.662972542826, 24.094033374535464, 23.41888523759939, 23.608920923566128, 23.341195013216876]",2026-04-16 16:58:37.094339
22.26566120488225,"[22.325885838993553, 21.832677697366446, 20.56776153950413, 23.595286076142507, 21.339956514575896, 23.260664195621104, 22.966723667903814, 20.7751045541202, 23.051190736095094, 22.941361228499755]",2026-04-16 16:59:51.826334
23.072235473815006,"[24.479319264010414, 22.21510270367662, 21.548111127252895, 24.108987068808098, 20.93340675590458, 22.49023444633186, 22.197835954930337, 23.160046326017316, 23.86457431275905, 25.72473677845889]",2026-04-16 17:00:50.948832
28.05082145897737,"[26.30180328973158, 23.299722352303355, 24.46779457154521, 24.409014581982362, 27.68517218458662, 27.177984266359992, 28.531810991797176, 34.13135065337702, 32.245927198030735, 32.25763450005965]",2026-04-16 17:01:51.725157
22.793901976809398,"[22.934320615321187, 26.051364418080134, 25.54413591995046, 24.244523944983392, 23.034005147154904, 20.37348525366903, 22.063475895943387, 21.801776101196538, 19.73595468685706, 22.155977784937875]",2026-04-16 17:02:53.653518
26.146199651499792,"[27.76322762809655, 27.458513136120413, 24.751468383791735, 26.3412672454443, 22.023017732606032, 23.30601223727556, 26.813718766663122, 27.390785277935812, 28.187490514447664, 27.426495592616728]",2026-04-16 17:03:57.801183
23.08664742638197,"[25.389607649149404, 23.57388017728548, 25.86017220487657, 24.92239093542358, 20.861357138045527, 20.50048006025304, 23.332937002946913, 20.94247636423547, 22.499872173305402, 22.983300558298303]",2026-04-16 17:05:53.447667
23.095532396154,"[24.359425940459545, 22.213946176439794, 23.77172749458867, 24.31162281467077, 21.33985506481828, 23.82058569785665, 22.372857076769872, 21.45325560388171, 23.59354114031151, 23.71850695174319]",2026-04-16 17:06:22.997350
25.497400045611812,"[23.669182079590176, 23.80983202354933, 23.32023549329336, 25.11640345188887, 28.994969715218357, 26.149161984422186, 26.14991271262855, 25.821783616594583, 26.396739972908858, 25.545779406023843]",2026-04-16 17:08:45.857810
22.533865958087453,"[23.13113314509669, 21.804251475282378, 20.64547205383817, 22.64514822621186, 23.511427706496924, 22.149789349723285, 24.537003596191006, 23.092054698462913, 21.402733624588826, 22.419645704982482]",2026-04-16 17:15:29.657758
24.152900610889862,"[25.0373538007543, 26.09206606083577, 24.629809834458346, 26.56681034657672, 23.86855114325761, 22.640745306731315, 23.613689062174092, 24.00581266531238, 24.124691491287088, 20.949476397510992]",2026-04-16 17:16:11.700705
24.623911545550534,"[25.6563190619225, 25.704730886256964, 25.537135886674942, 26.4254908342173, 23.207484232678674, 22.039067084260925, 24.741039348708785, 24.087459430241932, 24.961063583026885, 23.879325107516454]",2026-04-16 17:17:30.529884
25.158781044640328,"[25.700043907455097, 25.22083583237903, 27.505443793993688, 25.696919254920516, 26.081312386528445, 24.860648612938334, 24.88459075573577, 25.861430181871008, 22.156789382998806, 23.61979633758259]",2026-04-16 17:18:46.520356
24.184315542833303,"[25.65013062670791, 23.39478077518977, 24.267715359574463, 23.48087103950291, 25.762029709358618, 24.091760899964857, 24.86777038592299, 24.148106095344918, 22.848473830426325, 23.331516706340285]",2026-04-16 17:20:26.894287
24.763546991933527,"[23.91560354084002, 21.740987406432886, 23.642845722512998, 24.45038579313826, 24.734911783348768, 26.789796913817213, 24.45480900257033, 26.133822781070613, 25.313297141470468, 26.459009834133706]",2026-04-16 17:20:56.943188
25.895746576882278,"[27.30848923455752, 27.941271952713052, 26.09583999181909, 26.515415899368335, 26.253634944815392, 24.202462875475696, 25.72049617859053, 24.004656138075553, 24.98068396614987, 25.93451458725775]",2026-04-16 17:21:53.774502
23.72598582787466,"[24.94888961211294, 25.808331378734668, 25.512280696058962, 25.45402824523572, 25.349007456151387, 25.369378567480727, 21.807680477089804, 22.544428906850452, 20.34842716353782, 20.11740577549412]",2026-04-16 17:23:08.929766
24.592936905555145,"[25.79108491993991, 25.05421475047012, 25.314534828513388, 24.902141563803376, 24.204065781646033, 24.09689425770024, 25.6667075171024, 24.3309388485209, 23.601413641502525, 22.967372946352555]",2026-04-16 17:24:50.732541
24.729183930033752,"[26.06810362808681, 24.81227736850691, 25.49335017128777, 23.437795472419054, 20.46468858576603, 24.553154397603514, 26.016323671799483, 25.07140033941031, 25.932323272493235, 25.442422392964417]",2026-04-16 17:25:32.079517
25.49845309409587,"[26.625955555266987, 23.735631670828813, 27.050705400454657, 27.498058251639225, 23.285377356576422, 23.953626909994586, 26.23981748782806, 25.749267329850497, 25.45494129305426, 25.391149685465173]",2026-04-16 17:25:56.977077
22.52235952657862,"[23.872690293368354, 21.03136664185882, 24.47623519137888, 22.30137557755347, 21.482229654656912, 23.376885037946266, 21.78623399832973, 22.15334009123985, 21.905640363044043, 22.83759841640986]",2026-04-16 17:28:52.543382
24.991214450990434,"[26.23663196543891, 26.86645235067204, 25.422091861538124, 22.6521685494389, 26.254101613700424, 24.682056459630704, 24.13008861839227, 24.15756121275475, 26.069503634741917, 23.44148824359629]",2026-04-16 17:29:41.253093
25.310468722228126,"[26.027665754700976, 25.909131857902164, 26.277008968970172, 25.522770600996477, 25.660681401499993, 24.736474109616058, 24.858619617786008, 25.458836963746727, 25.397175801067576, 23.256322145995128]",2026-04-16 17:30:29.219883
24.371133242488455,"[25.57199402339188, 24.188604838585317, 25.124113633467704, 27.080105540211843, 22.323024955828775, 24.447829259246333, 23.538088702798472, 23.884458465251836, 23.72901714663223, 23.824095859470173]",2026-04-16 17:31:58.406564
23.62521578363445,"[27.086314265377958, 24.684450673910447, 24.214129597601566, 23.520314705264106, 22.146664697188704, 23.689674930628655, 21.48748475210143, 22.54895356604014, 21.45741504394398, 25.416755604287513]",2026-04-16 17:33:52.366998
24.870836197598155,"[26.62368308069638, 23.930131146130666, 25.85568812558993, 24.599172007658236, 23.543181480630807, 25.2139169589096, 25.547362022242655, 23.94908196085338, 24.069766592513655, 25.376378600756247]",2026-04-16 17:34:20.162811
24.010215584792924,"[25.263870819559838, 24.97187812718878, 26.82542606869204, 23.628318117222356, 27.037212582691698, 21.92515929640941, 23.24222062968647, 22.37328316575186, 22.31943363440916, 22.51535340631764]",2026-04-16 17:35:20.180345
22.99329741741381,"[25.074930790975355, 22.974778778658543, 23.90462667706594, 24.378478204939874, 22.43494432843101, 22.74706465271313, 21.61380999028517, 22.66182656636397, 22.923222011837968, 21.219292172867142]",2026-04-16 17:37:59.699282
22.4782694619186,"[25.901279646662665, 23.352334196603138, 26.37001810675274, 20.94689957366754, 24.316208343715026, 21.73488013102439, 19.1967898050298, 19.808207204231348, 22.514744707771946, 20.641332903727427]",2026-04-16 17:39:07.743615
23.5575751722414,"[24.867080527571204, 24.080439107014886, 25.774771798915218, 23.976169046136917, 23.132857790976168, 23.67338209955549, 23.80873636616707, 21.460600566333127, 22.651580140844725, 22.15013427889918]",2026-04-16 17:40:17.815774
24.9387324623804,"[25.328616054870523, 24.862839927702847, 27.578142690301487, 26.45334893765872, 25.020087052008016, 25.316827593035512, 24.261242865038547, 22.82197515373696, 25.20460387116043, 22.53964047829097]",2026-04-16 17:44:22.786956
25.01516065177817,"[26.92746423490245, 25.40951209159371, 24.64585918611323, 27.609470375453377, 25.21545899522537, 25.455245642327114, 23.553793125277465, 25.36247998396282, 23.386076385986296, 22.586246496939868]",2026-04-16 17:44:55.780464
24.393606392795608,"[25.978827841384522, 27.038572009443754, 24.28404877055068, 26.352386138879037, 23.190643572914375, 23.541842343830275, 25.2145256574553, 21.052691380909753, 22.992836835514233, 24.28968937707414]",2026-04-16 17:45:34.701992
24.002446562354674,"[26.14843154616735, 24.726876962545564, 25.54437939936874, 25.05742056281079, 22.200737417998162, 23.103173591897654, 23.576112071953037, 22.87961890601451, 23.360145827939586, 23.42756933685134]",2026-04-16 17:47:23.227749
24.94924062827429,"[22.218004166744443, 19.87001039657116, 21.26565471209776, 24.98500572582432, 27.539896131680162, 28.26244159537454, 27.247923729260624, 26.48621865912638, 25.805795134794266, 25.811456031269252]",2026-04-16 17:48:46.853199
23.36350178592153,"[27.6801808565119, 25.202229946832208, 25.758073168811585, 24.598969108143006, 23.723863498945327, 21.98395957592378, 21.847022693093383, 21.91154473893731, 20.06262290638135, 20.866551365635477]",2026-04-16 17:50:09.721266
21.989705690195166,"[25.854977977286616, 22.02967283670566, 21.097937972806598, 21.612795492709008, 21.118816332924016, 20.36329969800436, 23.62154127341359, 22.728925436051348, 20.042393824712676, 21.42669605733778]",2026-04-16 17:53:15.984742
21.075935549374787,"[24.372594118998133, 20.755788520270066, 25.74249048604173, 19.653232554496782, 20.6812838182767, 19.46668674019204, 21.137422218470835, 18.924863874715232, 20.59850081606185, 19.426492346224485]",2026-04-16 18:01:01.077087
23.607965266849384,"[25.7987545216157, 23.87486131818134, 27.356353230200863, 25.227795285751505, 24.918373525021973, 21.74185987434839, 23.967403787078872, 22.148247313407516, 20.452920413882545, 20.593083399005142]",2026-04-16 18:03:51.975630
24.719783595493034,"[25.499984985435873, 24.140355333863038, 25.282496995058178, 26.587911896160897, 25.40344539608826, 24.139969824784096, 25.30436956280024, 21.96015946278701, 23.94496310069416, 24.934179397258585]",2026-04-16 18:04:44.212886
24.324003743090255,"[28.220258786157707, 25.037069741432973, 25.408538173920594, 24.785088833465757, 25.424607815527004, 23.488439191421083, 23.558033725145826, 24.985026015775844, 19.42381407262342, 22.90916107543236]",2026-04-16 18:06:05.435986
25.416071832921176,"[27.37424896744437, 23.521755291822256, 28.54725164490637, 25.752087633112225, 24.42482045421897, 25.602205761209994, 24.773077182164, 25.64260305469278, 23.829858205702777, 24.692810133938025]",2026-04-16 18:07:54.539681
24.275293656468396,"[23.091567739626356, 24.766685847434175, 25.499700926114546, 24.75359882870168, 22.472399578942927, 25.00306378268001, 23.724208428121223, 24.137656770310443, 25.571973733440355, 23.732080929312243]",2026-04-16 18:08:53.865050
24.797384544088846,"[25.942671147770096, 24.46105830763949, 27.09221864127122, 25.473709498213267, 22.119821091323452, 23.452769456643214, 22.34116417249056, 24.963315767645966, 26.172028759788887, 25.95508859810232]",2026-04-16 18:10:47.926423
22.261974520690476,"[22.45793284350685, 21.15793535946084, 23.737072257386963, 23.33204424507989, 23.683587945171684, 23.411093896214464, 20.870731095649266, 21.425600399955524, 22.927665511221562, 19.616081653257712]",2026-04-16 18:15:17.988827
24.70234235316365,"[25.623631950018545, 25.242606950363474, 25.72013095946311, 26.237666752966597, 24.5955603962871, 26.33390199304136, 21.104430757294033, 25.4281788469951, 25.30891451194145, 21.428400413265734]",2026-04-16 18:18:04.825772
25.75260502687607,"[24.69126809762226, 25.29442748655385, 25.219009736741935, 25.68263512904815, 25.614623211542224, 26.257916124586796, 25.038713227506356, 24.550334094341782, 28.23519219047882, 26.941930970338525]",2026-04-16 18:19:00.015584
22.48025787716788,"[24.198425175122573, 24.871970405888305, 23.085805393393752, 24.48424972223056, 20.171904585285564, 22.717603643101377, 21.908704145724055, 20.555770178153892, 21.14101353989045, 21.667131982888268]",2026-04-16 18:20:09.812222
24.505807795724014,"[26.820536190374934, 26.2505914520869, 25.838482246698216, 24.144535063876827, 24.820555668728396, 25.817664756435363, 26.377992057701373, 20.676231620347412, 23.134765046419353, 21.176723854571367]",2026-04-16 18:22:20.390793
24.47936593089892,"[23.317881858916664, 22.916648067544436, 25.92096089964022, 26.000659829223537, 24.679175286514408, 25.432480316718028, 25.74074555021073, 24.663369414277795, 24.170201852553735, 21.951536233389632]",2026-04-16 18:23:06.002549
25.256333102568952,"[26.47660122210436, 24.441316184807373, 24.592902412637557, 26.472117142817723, 25.665713309477763, 24.498472978248362, 24.913382196947254, 27.365483708386325, 23.470157945098638, 24.667183925164167]",2026-04-16 18:24:03.402753
24.381527784653816,"[26.151718518314116, 23.550100354100234, 26.500259305580464, 27.39961140684843, 25.402654087978853, 24.04574328991013, 26.403719716232853, 22.370361412732514, 20.47404225341825, 21.517067501422325]",2026-04-16 18:25:08.369585
24.83786502637288,"[25.55649250042812, 23.757078149588885, 27.095059234484477, 24.18842222902161, 25.328879824240325, 25.920555100609754, 25.625620365267824, 23.8437568224962, 23.60940788240269, 23.45337815518891]",2026-04-16 18:26:00.811119
25.04022685788999,"[25.84114023034776, 25.72362083112511, 25.642014646098605, 26.352670198200364, 24.911028562570557, 25.626817472407694, 23.428725864088168, 24.1445147739253, 24.19179036097447, 24.53994563916188]",2026-04-16 18:27:44.270446
24.507962588575783,"[26.238802990251898, 26.140579334927853, 25.382059787182754, 23.937699298048834, 26.88215677315104, 25.815169092398005, 22.31803362775406, 22.860201422406764, 22.402277506478583, 23.102646053158047]",2026-04-17 12:59:31.611013
24.129268904350734,"[24.090604372728034, 21.95658843131892, 25.538738792845276, 24.57374869839961, 24.417394331961464, 24.52156294308182, 24.04817808409292, 22.27384211333642, 24.99669273790171, 24.875338537841163]",2026-04-17 13:04:16.444999
25.0473892107777,"[24.539803609501217, 23.974160340936113, 24.840967359960782, 26.522476802498424, 26.140660494733943, 25.78002689635974, 27.232665685715144, 23.64246021343406, 23.81928714095916, 23.981383563678392]",2026-04-17 13:06:26.747032
24.669553791502082,"[26.399337086703834, 24.61416628183392, 27.771789987639362, 24.170567071681152, 23.80652476145104, 22.421816729795466, 25.39472071693326, 23.872730873271397, 25.123017976085453, 23.120866429625927]",2026-04-17 13:07:56.944665
24.84902855770097,"[26.83926381563089, 23.572845389757795, 26.43249086749282, 26.468809880719434, 25.339126249759563, 22.174563380533172, 24.700601475322955, 25.075681519181714, 23.900710716421955, 23.9861922821894]",2026-04-17 13:28:49.553370
23.711084887475987,"[23.163475327824745, 23.55332645639243, 24.189091797421877, 25.274685363721726, 25.274928843140007, 23.08190972270129, 24.926205446309947, 23.320154333487263, 23.40600111838213, 20.921070465378445]",2026-04-17 13:33:14.832283
25.408331216415057,"[24.92908661942625, 25.956650924369608, 24.52815717732687, 27.094937494775337, 25.17197762911105, 24.061305682728463, 26.05160789749841, 26.35808761525707, 24.536374607693787, 25.395126515963728]",2026-04-17 13:35:14.037149
24.819735954686855,"[26.241907352834954, 23.773513010322713, 27.101430279262775, 25.837346009412915, 24.39233624183025, 21.997878482668728, 26.652535391762445, 23.860293132987646, 24.304622781395253, 24.035496864390893]",2026-04-17 13:36:27.035386
26.028552425582546,"[24.567986352167008, 26.841191361025597, 30.12830553745241, 26.016749760781472, 23.752127401417212, 26.605503284131554, 26.260127729302827, 25.17461532280907, 26.32483238471047, 24.614085122027827]",2026-04-17 13:38:18.998977
25.92316844636595,"[28.587019949891936, 28.899830132525846, 26.46353449332339, 25.55507220382149, 25.64627553591849, 25.04047845328888, 25.34322481996726, 24.869393582044854, 24.39702322063212, 24.429832072245212]",2026-04-17 13:41:20.504805
24.35621201213826,"[24.928619950541215, 23.914893392536708, 27.165830585397565, 25.602327500919134, 24.6954884075391, 25.612026097747247, 22.085612233055254, 22.932636549344757, 23.96825596504285, 22.656429439258783]",2026-04-17 13:44:43.793800
25.385014004124542,"[27.01428493747043, 27.333932833767676, 25.599141978529985, 26.01993528317062, 24.06990862217432, 24.963762146579477, 25.332755204981265, 25.03149000476408, 24.25546022885442, 24.229468800953143]",2026-04-17 13:45:58.804773
24.17755695998091,"[24.072120226890352, 24.922025716296158, 26.13144885674239, 25.34121611476646, 23.964076235029058, 23.071500977569862, 20.314644394251612, 25.038936416973115, 24.96487809391326, 23.95472256737684]",2026-04-17 13:48:44.796685
24.349104442119668,"[25.93483922648212, 23.69513292758841, 26.764860563395143, 24.055340436980625, 24.872538524530956, 24.178662762338927, 23.498198658103767, 23.892919375037028, 22.511883824607168, 24.086668122132522]",2026-04-17 13:50:35.157296
25.922975691826476,"[26.20502022096569, 28.248137179550653, 29.327887239811805, 25.34166249369997, 24.87130083748804, 25.907082572798316, 24.30985758888825, 25.79763857428192, 24.174909121307127, 25.046261089473006]",2026-04-17 13:51:18.785380
25.67065188367852,"[25.34665382177469, 27.453684127657883, 26.315803356282622, 25.20235168654135, 25.664617652095508, 26.198507146526723, 25.660864011063705, 24.581540039784535, 25.354079944032197, 24.928417051025985]",2026-04-17 13:52:57.722251
25.761301300098935,"[28.10880608244051, 25.5341329738495, 26.355815140686467, 27.9187095266192, 22.90743642955288, 27.357915556468154, 24.46497426828348, 25.327642137197408, 24.865538491255435, 24.772042394636312]",2026-04-17 13:56:56.301399
25.213789132215005,"[25.70393957814756, 24.76780179476795, 26.20079991104885, 25.79059796110335, 25.2532794648647, 25.724554168895178, 24.80339036973973, 23.86571055004435, 25.273366516872716, 24.754451006665654]",2026-04-17 14:02:58.290975
25.453299835976033,"[27.131073898438242, 20.976847542115852, 29.561099942620018, 22.895830577281586, 25.545190997429668, 24.997544915865685, 25.87703315459239, 25.922523225907508, 26.058384741307176, 25.567469364202196]",2026-04-17 14:05:54.078139
26.399665783918508,"[29.36613379843313, 24.268405217926254, 27.103357824657486, 24.31474746720535, 27.17447410474647, 26.90997429668941, 26.396922582472566, 26.024845451439248, 26.092593599575373, 26.345203496039808]",2026-04-17 14:09:00.865469
25.277728856450217,"[25.853780870146746, 25.83468802576337, 25.824908269129164, 23.342960238999396, 26.525804354548235, 25.855708415541454, 25.086475773392085, 25.341013215251227, 24.24426017561359, 24.8676892261169]",2026-04-17 14:11:14.972436
24.536609971131455,"[25.531779339472802, 25.566982405365636, 25.17674576771901, 23.80102618458824, 25.525124235373177, 23.75423755637563, 24.52115714405135, 24.590771967727616, 24.18261930288596, 22.715655807755144]",2026-04-17 14:13:56.729689
25.193811645945217,"[27.06371125938106, 24.527304999362894, 26.268852408457825, 24.92807212185009, 26.18377664172085, 24.78673231953914, 24.240668854193974, 25.427488988643308, 24.3871420142403, 24.124366852062717]",2026-04-17 14:15:55.658674
25.87078587851838,"[25.55637076071898, 25.653417598854674, 26.441763375338944, 27.371246054618926, 26.52588551435433, 23.69275900326019, 26.80101725700957, 24.501942559958835, 25.30473478192766, 26.858721879141687]",2026-04-17 14:18:21.683030
25.63055691047343,"[28.393737871681477, 24.52278034017321, 25.749571679123342, 25.17266748746284, 26.675726806353516, 25.58191580968675, 24.20292954436073, 26.130393779263184, 25.75935143575755, 24.116494350871697]",2026-04-17 14:21:34.225710
25.277921610989686,"[26.816173850797433, 26.708211018742233, 25.666748097005446, 26.63946866298147, 26.40556610182147, 24.029247559321732, 26.51438111184065, 24.653001249049417, 24.34741428915778, 20.999004169179237]",2026-04-17 14:23:21.446864
25.546613323031448,"[23.54920759623321, 20.726652149882685, 25.495663225761422, 23.354018262579565, 27.224225065881473, 28.324244787714353, 26.917136649577117, 27.16493782753054, 26.520184037976296, 26.18986362717782]",2026-04-17 14:24:06.566056
24.43530224317588,"[24.99819419431443, 24.364295528825124, 26.061103594811293, 24.498777327521207, 23.55776995577602, 26.921458409251567, 24.835103563970566, 22.73594575927839, 22.70843258501287, 23.67194151299734]",2026-04-17 14:25:00.926012
25.224104543569425,"[26.25807844419898, 25.587130327228223, 27.328393677001827, 25.677664090924953, 25.429538273747156, 23.544865546607237, 25.498118309895734, 24.631615640143913, 25.397723629758705, 22.88791749618752]",2026-04-17 14:27:20.797232
25.24621856173461,"[29.242101324771514, 25.378630785375325, 24.963680986773387, 27.66445614408138, 25.019904442444307, 25.502602389182375, 24.532600676710462, 23.69963729682657, 23.474215935403286, 22.984355635777515]",2026-04-17 14:29:11.059134
24.750524901045907,"[25.945532030934874, 25.3453552648772, 26.12706622721337, 26.628572959013486, 23.791692806887546, 25.774792088866743, 23.73244614843966, 24.096610198378915, 24.51251362470245, 21.550667661144825]",2026-04-17 14:34:38.133673
24.71943866631714,"[26.257652355216994, 25.74835428203195, 25.99331486677212, 25.176583448106825, 25.26056355746155, 20.704941901752807, 24.090482633018894, 25.215195225855567, 24.962747649003315, 23.784550743951364]",2026-04-17 14:36:11.688197
25.052634163246456,"[23.85150758397808, 25.247760598050377, 27.25121070140739, 25.67794815024628, 24.401020341082198, 26.283339433845423, 25.55032435516505, 22.199093931924775, 25.03416827836515, 25.029968258399837]",2026-04-17 14:37:55.406226
25.645877852868633,"[25.64690452441571, 26.33779766373382, 23.539752478823377, 27.117094121838726, 25.77367614153296, 25.06610466206274, 27.668311234870796, 24.96088097346318, 26.43669088745813, 23.911565840486894]",2026-04-17 14:38:25.953751
24.969713189361247,"[25.20160095833499, 24.26619361321022, 25.45346012659307, 24.835103563970566, 24.164398926418084, 23.843411893320305, 25.91789711696021, 24.368921637772424, 24.561290668164336, 27.084853388868282]",2026-04-17 14:38:59.108839
25.54068662819151,"[25.07527572015125, 27.31059938951594, 26.409766121786785, 18.757593514357577, 28.765733842908702, 24.866228349607226, 25.309198571262776, 27.51857139262923, 26.19270422039108, 25.201195159304525]",2026-04-17 14:39:41.740558
25.707575537460524,"[27.343002442098566, 23.662689295102734, 27.251433890874146, 26.00849175051151, 25.228688043618526, 26.38683847656551, 24.798114982343684, 25.542492433877076, 25.671414785855795, 25.182589273757706]",2026-04-17 14:40:54.116833
24.196978501578965,"[23.099683720235657, 23.113460597319943, 26.545688507041017, 23.642521083288628, 21.829715364444052, 23.701301072851475, 22.86996088908944, 26.353826725437187, 25.995587341342727, 24.818039714739513]",2026-04-17 14:44:05.980265
23.530727508385837,"[25.777409492613238, 24.910927112812942, 22.728093548038892, 25.62099425632052, 24.349078065182685, 21.80341958726992, 23.496129083048395, 23.169460863524105, 22.678484616564557, 20.77327845848311]",2026-04-17 14:44:59.157602
25.221213225477364,"[25.36789740101953, 25.685922101194915, 26.270455314628162, 25.560489620878197, 23.894765760625646, 23.037150089641006, 26.408041475907307, 23.297571617441893, 26.918800425602022, 25.77103844783494]",2026-04-17 14:46:07.905930
25.26601140944554,"[24.669679589201525, 25.675919155093954, 27.400463584812403, 26.147275018930525, 22.845146278376514, 25.01249861013832, 24.56960954828887, 23.384493769767484, 24.500501973400684, 28.45452656644513]",2026-04-17 14:47:19.787408
23.31667257780588,"[25.14687895907679, 23.427812816269622, 25.663603154519343, 24.706302951700987, 21.911869378161683, 25.429639723504774, 21.232460351405727, 21.262915568642125, 21.56095466656711, 22.824288208210614]",2026-04-17 14:48:40.457246
25.207955771152072,"[25.52638221236762, 27.836636672707662, 23.59029474806779, 27.558278827760223, 25.387152565015093, 26.06577028366164, 24.23464273859157, 24.649450507532848, 24.000395248255675, 23.230553907560605]",2026-04-17 14:51:00.017122
26.448562538094382,"[28.47723102219964, 30.24474956924433, 27.017064660829114, 25.502845868600648, 26.603027910045718, 24.742906024248928, 24.91279378835308, 26.92064681119064, 25.82332565291035, 24.24103407332139]",2026-04-17 14:52:10.741959
24.36466074795254,"[26.13850975987248, 26.115987913681675, 26.489952010206654, 24.38028401062544, 22.598014668823353, 20.820432305823132, 26.86878569509722, 22.84127089763557, 25.108409210988714, 22.284961006771162]",2026-04-17 14:52:55.367257
23.668918310220374,"[25.34440163715561, 24.05927668757614, 25.181635646036113, 21.267298198171147, 23.186666742415817, 25.611173919783273, 22.757818327020452, 22.399497783119894, 22.68526146037332, 24.19615270055197]",2026-04-17 14:54:51.157353
25.950135820935497,"[25.255328749968548, 25.579805654728332, 23.478943494108204, 25.73230493037706, 28.186739786241304, 27.64465315139469, 27.212071384919046, 24.4181247702163, 25.645321908196898, 26.348064379204587]",2026-04-17 14:57:04.967871
25.38797025006148,"[24.349382414455537, 27.076554798695277, 23.302299176146807, 26.467754803240226, 25.852157674024884, 24.109981276432734, 26.41406759150971, 26.18067227913779, 25.97087418038741, 24.155958306584413]",2026-04-17 15:01:35.191595
23.27500716235289,"[22.91961040046683, 22.6855049397916, 24.416034905209404, 24.118361026411836, 22.87343047079992, 23.670663246051372, 24.509368682216348, 23.433453422793082, 22.064246914101272, 22.059397615687217]",2026-04-17 15:02:09.574312
25.448998366253104,"[25.967546628337594, 24.93547795415607, 26.866919019557077, 25.761583330425108, 25.445344145983764, 26.581033602594516, 24.866796468249877, 25.259163550806445, 25.214627107212916, 23.59149185520766]",2026-04-17 15:02:54.872154
24.313110068117425,"[26.504094106418364, 24.957979510395354, 27.613000827018425, 20.137107318423194, 24.138671267886604, 24.713100085461274, 24.1413698314392, 24.964553454688886, 23.960850132736862, 22.000374146706086]",2026-04-17 15:03:51.717210
24.996680563930795,"[25.535289501086325, 25.8986013730616, 23.779681155585784, 27.436823177942063, 25.848363453090037, 25.854815657674433, 25.594454999728114, 24.98569558417611, 23.83906984369433, 21.194010893269173]",2026-04-17 15:06:20.066657
22.470437540630627,"[21.377776984215227, 26.924380162270918, 24.885564673408883, 20.462416111195427, 20.91979219843248, 24.5223339612397, 20.525132351353786, 20.33349375921671, 24.648578039617348, 20.1049071653558]",2026-04-17 15:07:43.438773
25.16889558547467,"[27.100618681201848, 25.623652239970067, 27.909112379548702, 23.71120256919482, 27.05703586532991, 22.8007112845406, 25.606162301757028, 23.6098542613362, 25.989581515691842, 22.281024756175654]",2026-04-17 15:09:49.748106
26.435942188246923,"[27.314434190353833, 28.783365810782406, 27.752433373886184, 23.909252786013244, 27.0860910759112, 25.74768471363168, 25.51372128261711, 25.9359551738159, 26.039088997408566, 26.277394478049114]",2026-04-17 15:10:50.661469
25.36968697474388,"[22.97688893361696, 26.445517016370744, 26.069726824208672, 26.007091743856407, 25.992543848614236, 25.93627981304027, 25.395998983879227, 25.22807934507283, 25.25577512890206, 24.388968109877393]",2026-04-17 15:16:27.299919
24.599456066979563,"[22.043632323353652, 23.474317385160905, 24.44575968419096, 23.535410429197402, 25.466587725228607, 24.535319530214576, 26.29847573768177, 25.503312537485684, 25.496271924307116, 25.195473392974968]",2026-04-17 15:18:15.410210
25.450169096455994,"[26.185886796679267, 26.139706867012354, 25.872772264772504, 24.700784084886664, 27.353045968102574, 23.8503916366443, 26.825649258158794, 24.525073104695338, 25.267807070155346, 23.780573913452805]",2026-04-17 15:19:54.934146
24.593616618931172,"[25.808006739510297, 25.68588152129187, 26.337432444606403, 24.660569400967585, 25.437735414162546, 24.35751868501636, 23.86986999010662, 24.28250673423491, 24.35810709361053, 21.138538165804615]",2026-04-17 15:20:51.157307
25.106846884721424,"[26.319232358090048, 22.578942114391502, 27.150227612676186, 22.992410746532244, 26.796898396850352, 23.82935095691469, 25.5946173193403, 24.32272141815399, 26.617656965093982, 24.866410959170935]",2026-04-17 15:23:57.407510
24.55635209396358,"[24.967028828774723, 24.86643124912246, 27.47697699200657, 24.85537322554229, 24.635267831418098, 24.083563759549467, 23.41089099669923, 24.023059124107142, 24.616885135338034, 22.62804379707776]",2026-04-17 15:25:32.287814
25.72062806327543,"[24.353562144469326, 25.915685512244174, 26.651013645398198, 25.219415535772402, 25.455773181066714, 25.869343262965078, 25.914305795540592, 25.87267081501489, 25.821235787903454, 26.133274952379484]",2026-04-20 13:27:05.319557
24.346182689100317,"[22.57569572214778, 24.868155895001937, 24.731584231298953, 24.53176878869801, 25.221383661070156, 23.713657653329133, 24.341875132391934, 25.216372043043915, 23.777144911645376, 24.484188852375993]",2026-04-20 13:29:01.424716
24.081303458949776,"[24.338141781311656, 24.534284742686893, 23.664758870158106, 22.351755527185695, 24.81883102284892, 23.95338343057631, 24.900112568651053, 25.05084661851726, 24.2464514903781, 22.95446853718377]",2026-04-20 13:36:08.903570
24.776838939176407,"[27.09846794634038, 24.057552041696663, 27.177761076893237, 24.32337069660273, 24.580342932644665, 24.901999534142714, 25.21580392440126, 22.040203321546226, 23.93498044454472, 24.437907472951466]",2026-04-20 13:46:36.950803
25.540002856825176,"[24.299266234193112, 26.21303475181737, 26.873391514092994, 25.89854050320703, 24.691450707185968, 25.72504112773174, 25.541619965961576, 25.248917125287203, 25.64315088338391, 25.26561575539084]",2026-04-20 13:47:58.332091
25.899189781655775,"[25.5627620954488, 25.89675498747298, 25.35115819101285, 24.95810125010449, 27.13091157882606, 25.95052335900959, 26.742825676040894, 25.933621829390727, 24.355023020979, 27.11021582827234]",2026-04-20 13:52:48.055529
25.805598322264487,"[25.82200680606134, 25.394456947563462, 25.17680663757358, 26.775208438672, 25.777186303146483, 26.005772897007397, 25.689614872372147, 26.26465238849251, 26.628451219304345, 24.52182671245162]",2026-04-20 13:54:08.440904
23.51909527917756,"[24.23882246860536, 24.624372127450112, 23.367044411457492, 22.21585343188298, 17.76791054890812, 23.521187173179605, 21.528369004420775, 28.66302610829802, 24.139482865947535, 25.12488465162559]",2026-04-20 13:55:44.672475
25.506051680941322,"[23.835052433292727, 25.24627943158918, 27.00211096655648, 25.96113500365625, 25.582078129298935, 25.810928492529644, 25.16282686097406, 25.089985935005604, 25.76073115246113, 25.609388404049223]",2026-04-20 13:59:15.113198
25.220168292973916,"[25.785383443561877, 26.4382329237739, 25.426941159952182, 24.392295661927207, 26.307200416836764, 25.96168283234738, 24.81970349076442, 24.546965962388924, 23.943989183021046, 24.579287855165457]",2026-04-20 14:01:58.079268
24.783731435708855,"[24.770135139193126, 25.499640056259977, 25.176441418446164, 24.867141397425772, 26.497804221446152, 24.279666141021654, 23.32747900598716, 25.048553853995134, 24.640015680074537, 23.730437443238863]",2026-04-20 14:04:10.637284
25.244972758711086,"[24.59097486724285, 25.82632856573579, 26.98236884372436, 23.144463643247462, 27.73597822320083, 24.339764977433514, 26.046636859375216, 24.2849415284177, 24.178378703017604, 25.319891375715525]",2026-04-20 14:11:32.588354
24.960012563537983,"[25.686327900225383, 24.498899067230347, 25.827809732196986, 26.24056821603442, 23.41774900031409, 24.77234674390916, 24.741161088417925, 25.207302434713025, 24.45598581975868, 24.751975632579818]",2026-04-20 14:13:04.910142
24.006620205383005,"[24.964533164737365, 25.17909940209571, 25.422842589744484, 24.79860194118024, 23.34517184371543, 24.395298574752644, 23.886406300598065, 21.914770841229505, 22.663287442873642, 23.496189952902967]",2026-04-20 14:16:08.241267
25.27897060148344,"[23.385021308507092, 26.691350069026416, 28.010562137164943, 23.408821421643857, 26.761127212314864, 25.715099051485346, 25.446886182299533, 23.717350424506364, 25.451694900810544, 24.20179330707543]",2026-04-20 14:16:53.818744
25.540002856825176,"[27.330016873123686, 27.046180741264973, 24.446348092785136, 24.45829887423233, 23.67283427086436, 26.545201548204464, 25.645423357954513, 25.529608314659814, 25.716357028479788, 25.00975946668268]",2026-04-20 14:18:50.327857
25.299652149071086,"[25.468860199799213, 24.70220438149329, 25.524251767457677, 25.486999416460993, 25.813160387197204, 25.96831764649548, 25.28087379893632, 24.948747582452278, 23.604964383019094, 26.19814192739931]",2026-04-20 14:20:12.302468
26.03858580661079,"[26.854278379758096, 24.867831255777563, 26.13094160795431, 26.424212567271333, 24.253735582974944, 25.36166838590189, 27.52187865472752, 26.945664321418803, 24.539864479355785, 27.48578283096766]",2026-04-20 14:21:31.665631
25.057720854093336,"[23.26758306909053, 23.990980710748886, 23.292113620482137, 24.82426872985715, 25.89265641726529, 24.78685405924828, 23.44761580895631, 27.183624872883453, 26.71719946726703, 27.174311785134282]",2026-04-20 14:22:37.939497
24.055042174693234,"[26.45032573488175, 20.28546744396118, 25.945004492195267, 25.516480716024272, 23.032767460111987, 21.349391342034206, 26.233101513873862, 23.88297729879064, 24.65728242882082, 23.197623316238374]",2026-04-20 14:25:03.328258
25.979966107664975,"[25.643394362802187, 25.482677656786542, 24.338872219566493, 27.70736939155305, 26.813414417390273, 24.394771036013044, 27.769436353262662, 26.60110036465101, 24.45411914421854, 26.594506130405954]",2026-04-20 14:27:18.917078
25.943387383058866,"[26.63754111758676, 25.530744551945116, 26.61374100444999, 27.577533991755786, 25.5103937305673, 24.606963349043166, 25.25551135953226, 27.40068677427916, 25.10887587987375, 25.191882071555355]",2026-04-20 14:30:16.198098
24.109325910998532,"[26.727587922446936, 25.68427861512153, 24.914599594038652, 21.469507855051834, 24.551308012014896, 23.754967994630466, 23.02075580881022, 23.995789429259894, 22.16985611177978, 24.804607766831122]",2026-04-20 14:32:07.977892
25.188617418355264,"[24.58263569716679, 26.203640504262108, 27.519606180156917, 23.780005794810155, 26.36638620543008, 25.051962565851035, 24.737021938307183, 26.02074688123155, 24.676923101895326, 22.947245314441496]",2026-04-20 14:34:51.762014
24.32616868091779,"[24.86399645493967, 24.98648689228552, 24.911880740534535, 26.566688606867583, 26.154315632109093, 21.864208282033573, 24.968631734945056, 23.314696336527515, 23.127420083967937, 22.503362044967403]",2026-04-20 14:38:24.848515
24.952491078508316,"[22.89057547983706, 22.873572500460583, 25.373680037203656, 25.77738920266172, 22.969625130971636, 26.02086862094069, 24.87243707477334, 27.625134218029327, 24.737184257919374, 26.38444426228577]",2026-04-20 14:39:45.485582
25.02835723624889,"[26.028720832180188, 25.626817472407694, 25.93070007637138, 25.519422758995145, 25.09477436356509, 26.10994150812775, 23.578587446038874, 26.63971214239975, 20.850887523059527, 24.904008239343515]",2026-04-20 14:41:44.793923
23.891196758152706,"[25.817340117210993, 25.264540387960103, 26.835124665520148, 25.643881321638748, 23.83982057190069, 20.672498269267134, 26.36926737854638, 23.59879623775603, 22.762079216840334, 18.108619414886494]",2026-04-20 14:42:42.985762
24.222470796672773,"[25.13227019398005, 24.599334327270427, 24.20666289544101, 26.49532884736032, 22.53657669561096, 23.61799053189702, 26.205811529075095, 24.140720552990455, 22.11566165126118, 23.174350741841206]",2026-04-20 14:44:50.830178
22.98634202203164,"[23.774324608383644, 23.529546633207183, 24.77784532077196, 25.418175900894138, 23.2346524777683, 23.45254626717646, 22.927280002142616, 20.541790401554373, 21.917875203812564, 20.28938340460517]",2026-04-20 14:45:31.559979
24.521700914752174,"[25.95650889470895, 25.614582631639177, 25.753142710591437, 24.629444615330925, 24.959298357244364, 26.936067174348306, 23.981464723484482, 23.32618044908967, 21.93991009116681, 22.12040949991762]",2026-04-20 14:46:11.226170
25.246760303440283,"[24.85738193074309, 25.396283043200555, 25.380842390091363, 26.34916003658684, 27.003795032532906, 22.910155283056994, 26.558146537276293, 25.548640289188622, 24.135181396224606, 24.328017095501554]",2026-04-20 14:49:28.233613
24.684452702905602,"[24.724279848750584, 26.789573724350458, 22.00301184040411, 27.88316153155047, 22.337836620440747, 26.2978061692815, 25.09771640653596, 23.839597382433933, 24.162207611653574, 23.709335893654682]",2026-04-20 14:54:38.853842
23.904888417440592,"[23.118979464134263, 26.790811411393374, 21.610015769350323, 25.233476472178012, 24.68296950744925, 22.55924057146243, 24.19280485855063, 24.09082756219479, 23.402064867786617, 23.367693689906236]",2026-04-20 14:59:09.174206
25.00571770833925,"[25.644611759893582, 23.626654341197447, 26.578964027539143, 25.82316333329816, 26.084680518481306, 24.302816975709682, 24.148532184326903, 23.23798002981811, 26.33660055659395, 24.27317335653422]",2026-04-20 14:59:49.401688
25.131275986355412,"[25.736444080487804, 24.199622282262442, 27.13738407336197, 25.246117111976996, 25.130910767227995, 26.642309256194725, 25.682168460163115, 25.069209024645797, 25.346694401677734, 21.12190040555555]",2026-04-20 15:00:43.232484
24.301903927891136,"[26.092979108654312, 25.554301185663608, 26.257976994441364, 23.461514425749733, 25.923111634501684, 25.07503224073297, 24.740795869290512, 23.217710368246387, 23.334154400038308, 19.361463051592477]",2026-04-20 15:02:27.890440
27.516396309825936,"[24.10277834364198, 24.898773431850515, 25.819876361151398, 25.584533213433247, 25.15669929561404, 27.65414884870757, 28.846447270068182, 31.92055753540394, 33.42501686094972, 27.755131937438776]",2026-04-20 15:04:28.701427
25.000190725544318,"[25.965355313573085, 23.218197327082947, 26.918922165311162, 24.63301564679902, 26.931623674964715, 21.290530192665265, 26.280965509517205, 25.332653755223646, 24.885077714572322, 24.545565955733817]",2026-04-20 15:05:23.928390
24.70539801986305,"[26.46542145881505, 25.44826589900311, 22.562284064190916, 25.197887897206236, 23.523317618089546, 25.25451715190762, 25.6018608320341, 22.903398729199754, 25.452019540034915, 24.645007008149257]",2026-04-20 15:06:30.296558
19.158916581516504,"[25.244372176145998, 26.113187900371468, 25.403871485070248, 24.927199653934586, 23.893101984600737, 20.248397702528212, 12.776257834964781, 6.96955776833258, 10.154410589082222, 15.858808720134205]",2026-04-20 15:07:20.516377
26.382636427605046,"[28.025596991243667, 25.210345927441512, 27.87886006182754, 26.21477968764837, 26.65509192565437, 25.5335242753038, 26.5797959155516, 26.122399538363023, 24.9444055328263, 26.661564420190288]",2026-04-20 15:08:27.282083
24.902236926575537,"[25.2414098432236, 25.051191547693154, 25.332187086338614, 22.900294366616702, 24.549421046523236, 25.870966459086937, 23.507491455901413, 26.831350734536823, 25.356535028166512, 24.38152169766836]",2026-04-20 15:10:31.160739
25.400728571579297,"[25.031266815297325, 26.118686477234267, 26.17397659513512, 24.72862189837656, 26.68607468163037, 23.63022537266554, 25.701058405031258, 26.896866988005392, 22.97688893361696, 26.063619548800176]",2026-04-20 15:11:37.410890
25.94709435720216,"[25.958294410442996, 25.41823677074871, 24.85026015775843, 24.95988676583854, 25.7506673365056, 25.936807351779876, 26.73328939882497, 27.54413673154852, 24.187428021396972, 28.131936627177012]",2026-04-20 15:12:22.800961
24.31137730625734,"[25.644753789554247, 23.72337654010877, 26.361252847694697, 25.638930573467075, 23.273791794256645, 24.21940498499761, 21.92554480548835, 24.177790294423428, 24.049212871620608, 24.099714560961974]",2026-04-20 15:13:29.502172
26.216818827776457,"[24.930770685402678, 25.63740882710283, 25.49073276754127, 24.273802345031438, 25.96314370885705, 26.24819723780716, 27.478803087643662, 29.21647511599765, 27.292602202514818, 25.636252299866005]",2026-04-20 15:14:08.526919
23.812193773906635,"[25.691785897185135, 21.778016567962815, 26.535604401133963, 21.305078087907432, 24.623824298758986, 24.04683894729239, 23.572723650048655, 23.55263659804064, 23.75748394861935, 23.25794534211699]",2026-04-20 15:15:07.310491
25.187213353709854,"[24.462640923858302, 24.934321426919244, 27.310295040243087, 26.23669283529348, 24.773016312309426, 24.362794072412402, 26.234887029607908, 31.03009243290316, 17.857531264786303, 24.669862198765234]",2026-04-20 15:15:42.061541
24.75490955957008,"[24.452394498339064, 25.317963830320817, 24.811587510155118, 23.824724847967392, 25.965578503039843, 25.942508828157905, 26.16411567869482, 24.099795720768064, 24.138793007595744, 22.83163317066203]",2026-04-20 15:17:03.079849
24.02987654781895,"[22.937080048728347, 27.36453008066473, 24.65748532833605, 21.176744144522893, 25.52619960280391, 26.581601721237167, 21.94396808147146, 24.997017377126085, 22.34365983652792, 22.770479256770958]",2026-04-20 15:18:20.419957
24.71956446401658,"[23.994876381441347, 24.150439439770093, 25.678414819131316, 23.497184160527603, 25.80265019230816, 23.30347599333516, 24.151636546909963, 24.91666916909402, 25.694991709525805, 26.00530622812236]",2026-04-20 15:19:12.072174
25.388177207567015,"[25.19129366296118, 24.456574228352853, 25.826369145638836, 26.39789650014568, 26.527873929603608, 22.116919628255623, 25.729302017551618, 26.261690055570117, 25.234998218542255, 26.138854689048376]",2026-04-20 15:20:31.099805
25.599302269147017,"[26.2375855931605, 24.31375325958071, 27.291039876247527, 26.78878241624105, 23.929826796857817, 26.37026158617102, 26.121729969962757, 25.448123869342453, 25.25220409743397, 24.23971522647238]",2026-04-20 15:21:20.365992
26.4740162822803,"[29.693146947133314, 27.042751739457543, 24.144535063876827, 23.857229350307637, 32.14522816862086, 30.44146064926222, 22.059438195590264, 22.654298994348842, 28.233203775229537, 24.468869938975942]",2026-04-20 15:23:49.096518
25.625754278947877,"[26.52436376799009, 25.65201759219957, 25.005376837153662, 26.045581781896008, 27.288645661967784, 25.184273339734137, 23.8119015986047, 25.888030308317987, 26.163953359082637, 24.6933985425322]",2026-04-20 15:24:38.703568
24.747095899238477,"[24.895689359218984, 26.171196871776434, 25.18273130341837, 25.942813177430757, 22.592232032639227, 26.46142433836497, 23.262226521888394, 25.040965412125438, 22.78462135298266, 25.137058622539538]",2026-04-20 15:27:20.517143
24.594623000526727,"[25.332126216484042, 22.04138013873457, 25.021142129487224, 25.05762346232602, 24.00548802608801, 23.751904211950457, 25.74023830142265, 24.618690941023605, 24.10257544412675, 26.27506113362394]",2026-04-20 15:27:41.553692
25.61152087795432,"[25.93962765504161, 25.704588856596306, 26.846202979051842, 23.31524416521864, 27.410162181640516, 25.866644699412483, 24.29675028020423, 27.189001710037115, 22.761511098197683, 26.78547515414276]",2026-04-20 15:28:21.580799
24.441920825362764,"[26.17529544198413, 25.557364968343617, 24.317892409691456, 25.123302035406777, 23.953099371254982, 26.625509176333473, 22.545118765202243, 25.191679172040125, 21.22953859838638, 23.700408314984454]",2026-04-20 15:31:33.176706
24.04659749686926,"[26.472685261460374, 23.238324958994006, 23.644489208586382, 27.327237149765004, 22.271995727747807, 22.75337482763686, 25.047174137291552, 23.552169929155603, 23.77990434505254, 22.378619423002476]",2026-04-20 15:34:21.732572
25.253299754816226,"[23.51029146921162, 23.976473395409762, 29.487934377427187, 23.60311799743048, 24.291353153099045, 25.13531368670854, 25.27218969968437, 24.329275072495996, 25.729180277842477, 27.19786841885277]",2026-04-20 15:35:07.867992
24.7639142400561,"[27.695540349814998, 24.363159291539823, 27.748760892660474, 21.31163174224944, 24.65346791793445, 21.652320318276296, 26.52170578434054, 25.615130460330306, 22.58517112950914, 25.492254513905515]",2026-04-20 15:37:43.137099
25.86521019983979,"[27.169320457059563, 19.611232354843658, 18.44161809928604, 25.842276467633067, 30.356973291119413, 27.85763677253422, 31.107011639127794, 27.209920650057583, 26.094500855018556, 24.961611411718014]",2026-04-20 15:40:36.587450
24.802392104124785,"[26.210518797828488, 25.8812331745577, 26.01459902592001, 26.07863411292738, 22.157154602126226, 23.893142564503783, 23.69326625204827, 26.287214814586363, 24.406539207896525, 23.401618488853106]",2026-04-20 15:42:38.489138
24.187318455658747,"[25.292033272274104, 25.57475345679904, 26.337493314460975, 25.43592960847698, 23.639518170463187, 20.179777086476587, 25.43556438934956, 23.509540741005264, 23.671657453676012, 22.796917063605754]",2026-04-20 15:44:38.739987
25.142011399706362,"[23.54926846608778, 24.36717670194142, 27.2505208430556, 25.092441019139915, 26.59442497059986, 26.156709846388836, 23.18711312134933, 25.873705602542575, 25.10130772795558, 24.24744569800274]",2026-04-20 15:45:35.980114
24.50239299688265,"[26.868704535291123, 25.30885364208688, 27.95569810824608, 25.60048111533052, 25.092927977976476, 24.1798598694788, 18.678239513950153, 23.370169063992073, 23.726420032837257, 24.24257610963716]",2026-04-20 15:48:15.773304
21.991688018458987,"[24.31363151987157, 24.516754224570807, 24.88223712135907, 21.614702748152194, 21.706108979764423, 23.42669686893584, 22.515982394814863, 20.39854334380024, 21.835051621694667, 14.707171361626184]",2026-04-20 15:49:08.244446
23.512354957281534,"[24.339866427191133, 26.23214788615227, 25.208925630834884, 21.87187788370936, 25.38770039370622, 18.642427749511622, 24.389739128035274, 23.94029641184381, 22.026020645431473, 23.08454741639931]",2026-04-20 15:50:01.745988
22.8889056168267,"[22.71888191004734, 23.81037985224046, 21.943805761859274, 24.38302315408108, 20.07648094327173, 23.676445882235498, 24.91378799597772, 22.82696648181168, 20.40781585164637, 24.131468335095853]",2026-04-20 15:51:45.540355
24.87881623553225,"[26.47704760103787, 25.28476946962878, 25.797476254669732, 26.308194624461404, 22.92078721765518, 24.196254150309585, 25.358077064482277, 23.567833771731554, 25.26912591700436, 23.608596284341758]",2026-04-20 15:53:37.295710
25.143236912778367,"[26.5117231281911, 26.172698328189153, 27.408437535761042, 23.09008657316516, 25.517251734182157, 23.954316768346377, 25.221708300294527, 22.658417854508063, 26.141086583715936, 24.756642321430167]",2026-04-20 15:55:41.863442
23.427457742117962,"[23.239724965649113, 25.49259944308141, 26.263739340673965, 22.345932311098522, 22.547026020645433, 24.136845172249515, 22.363239639747853, 23.085440174266335, 22.119902251129542, 22.680128102637937]",2026-04-20 15:57:54.817826
24.204031288728444,"[26.589048133446198, 24.263839978833524, 23.9010962255009, 23.206774084375358, 25.88447956680142, 24.62808518857887, 25.19886181487935, 22.248621703593027, 22.71456015037289, 23.40494604090292]",2026-04-20 16:02:35.628076
23.946204845727383,"[27.248370108194138, 23.235930744714263, 26.7323560610549, 20.42942465001863, 25.565602688662057, 22.575817461856918, 23.706211241120105, 23.692738713308668, 22.773563329402496, 23.50203345894166]",2026-04-20 16:04:38.499398
25.23409328670432,"[26.139788026818447, 24.98139411445318, 26.12444882346687, 22.229873788385547, 26.077619615351214, 27.17260742920633, 22.966541058340102, 25.977529284487034, 26.556827690427284, 24.114303036107188]",2026-04-20 16:07:16.952430
25.083012278667063,"[26.213988379538964, 26.255968289240563, 24.075812998067587, 28.168783179143226, 23.644895007616846, 27.12738112726101, 23.841930726859108, 26.224457994524958, 21.25433291914779, 24.022572165270585]",2026-04-20 16:08:52.789934
25.54672694675998,"[24.28094440796762, 26.717584976345975, 26.039575956245127, 24.869454451899422, 26.837539169751416, 25.007081193081614, 25.857534511178546, 25.729099118036387, 23.417951899829323, 26.71050378326436]",2026-04-20 16:10:16.243390
24.423846536545856,"[25.83294308993237, 25.89703904679431, 24.715169660516647, 22.645432285533182, 25.406225119446944, 24.25582544798184, 24.65103312375166, 25.04504369238161, 21.86713003505292, 23.922623864067067]",2026-04-20 16:15:04.107498
23.732580062119716,"[21.941086908355157, 26.09484578419445, 20.420740550766673, 24.210010737442346, 23.84517711910283, 22.00968723445526, 24.550861633081386, 20.80211047959764, 28.913018601015956, 24.538261573185448]",2026-04-20 16:15:26.873413
25.310850173316766,"[23.987105330007946, 23.941168879759314, 26.351615120721153, 26.64040200075154, 24.22784560483128, 26.067921018523105, 24.992350688275735, 25.628258058965848, 26.105842937920052, 25.16599209341169]",2026-04-20 16:16:47.445214
24.340266139236142,"[23.85150758397808, 26.819562272701816, 24.474409095741787, 25.193261788258937, 24.98362600912074, 25.176258808882455, 22.46598795426158, 22.771270564880368, 25.49996469548435, 22.166812619051292]",2026-04-20 16:17:54.134797
22.380924361495516,"[21.49448478537695, 21.225155968857358, 24.377220227945433, 22.429080532440793, 18.485789323752147, 23.57844541637821, 21.230877735186912, 26.93558021551175, 22.15699228251404, 21.89561712699156]",2026-04-20 16:20:04.921096
18.823523682837216,"[18.230866372814063, 19.923717898253198, 20.5171178205021, 19.205189844960422, 19.249929188069185, 20.03588075027371, 20.2152236317877, 15.06368609984117, 18.45987905565696, 17.333746166213658]",2026-04-21 13:25:17.272896
24.483184499775593,"[25.152803624921578, 25.322752258880303, 25.311126116657483, 23.19393054506114, 25.565460659001392, 24.21451510668051, 25.68289889841795, 22.666290355699083, 24.03910847576203, 23.68295895667446]",2026-04-21 13:27:25.918029
24.325695925047295,"[26.46923596970142, 26.12388070482422, 24.967921586641747, 21.86307204474827, 25.272534628860264, 24.86409790469729, 23.62135866384988, 24.814245493804666, 23.325125371610465, 21.935486881734743]",2026-04-21 13:29:45.373902
24.77784532077196,"[24.494252668331523, 25.90016369932889, 24.036795421288378, 26.90678877430026, 23.900751296325005, 23.429415722439956, 26.60191196271194, 24.841434028845818, 24.332744654206472, 23.33419497994135]",2026-04-21 13:31:37.031581
24.427427712989708,"[24.496322243386896, 25.737884667045954, 23.760020192559757, 26.95832525116931, 24.12369728366245, 25.593156442830626, 23.520598764585433, 24.237990580592903, 23.398615576027662, 22.447666128036087]",2026-04-21 13:33:18.302124
24.90178040266626,"[24.44356836942645, 22.665925136571662, 23.49184790327699, 25.321311672322153, 25.626573992989417, 23.04536752000792, 25.39382795906624, 28.140580146525913, 25.405900480222574, 25.4829008462533]",2026-04-21 13:34:37.260883
23.382939559480803,"[24.219364405094563, 23.486917445056843, 23.773188371098342, 21.796500713800494, 23.26900336569716, 21.125816366199537, 25.000324639224374, 25.231163417704362, 22.112861637950974, 23.8142552329814]",2026-04-21 13:36:01.184860
24.233506501306266,"[24.05410274993771, 22.692444103212548, 26.990850043461077, 22.70482097364173, 24.64496642824621, 24.891956008138706, 23.81159724933185, 23.005822404489113, 24.932596781039774, 24.60590827156396]",2026-04-21 13:39:43.269216
23.685588534391872,"[24.891692238768904, 22.810227271805, 27.012377682027243, 26.40049361394066, 22.040203321546226, 24.767152516319207, 23.569456967853412, 20.979850454941293, 22.832383898868386, 21.552047377848403]",2026-04-21 13:41:09.892085
26.926658723826975,"[31.110968179674828, 28.68286968088776, 28.969302926541445, 25.755699244483363, 25.59737675274746, 25.97663652662001, 27.741091290984688, 25.170212403328527, 25.331659547599006, 24.930770685402678]",2026-04-21 13:42:34.465722
25.124724361008557,"[24.208773050399426, 25.96233211079612, 27.028406743730606, 23.60399046534598, 25.081078646286898, 24.5724298515506, 24.710969640551333, 25.59617964560759, 26.305191711635963, 24.177891744181043]",2026-04-21 13:56:49.839016
26.181222136824072,"[30.650223960484915, 25.40624540939847, 28.14818887834713, 25.822777824219223, 24.016464889862085, 27.17802484626304, 25.51889522025554, 25.41476718903823, 25.134725278114367, 24.521907872257714]",2026-04-21 14:02:08.922838
24.737991797989995,"[25.865305562611947, 23.379705341208, 28.618185315431642, 25.22690252788448, 23.55876416340066, 25.485822599272648, 22.41656163235095, 26.014152646986496, 24.020319980651504, 22.794198210101637]",2026-04-21 14:06:47.931410
22.554460258883548,"[24.235778975876872, 26.7691011632635, 23.729727294935547, 22.857421699048075, 20.08617954009984, 20.662373583457033, 23.015845640541595, 22.501921458409253, 21.263788036557624, 20.42246519664615]",2026-04-21 14:08:19.214472
21.506319914100462,"[24.013928645921677, 20.158919016310687, 21.908095447178358, 21.235990802970772, 20.011674838106476, 20.081654880910158, 22.37070634190841, 22.817673684014032, 20.98425337442184, 21.4803021092622]",2026-04-21 14:09:19.183736
22.674931846052832,"[26.408792204113666, 24.57411391752703, 26.662173118735982, 24.525904992707794, 20.004918284249236, 23.063831375894075, 20.507967052365117, 20.59083121438606, 19.95392963607131, 20.456856664478057]",2026-04-21 14:16:38.202589
24.224950228748913,"[25.69462649039839, 24.891083540223203, 25.329143593610123, 23.83200894056424, 24.550597863711584, 26.769689571857676, 21.824744326320857, 24.495551225229015, 22.725232664874117, 22.13682407069993]",2026-04-21 14:18:24.459608
25.628840380574562,"[26.616500437857155, 24.806799081595635, 26.78878241624105, 25.159519598875775, 24.210071607296918, 24.37135643195521, 27.10181578834172, 26.125909699976546, 25.84180979874803, 25.265838944857595]",2026-04-21 14:20:52.211295
24.137186043435104,"[25.40939035188457, 22.764331401459415, 26.20932169068862, 21.095807527896653, 25.322630519171163, 24.675056426355184, 25.48083127119793, 25.323888496165605, 23.459282531082177, 21.631320218449734]",2026-04-21 14:25:09.623738
24.441285749880088,"[25.43905426101156, 24.430055261711967, 26.683051478853407, 23.962047239876732, 26.03298172200007, 21.78400210366217, 25.98355540008944, 21.45761794345921, 25.080733717111002, 23.5597583710253]",2026-04-21 14:28:48.314096
24.903722151027036,"[23.34679503983729, 25.531434410296907, 25.047579936322016, 23.723883788896853, 24.341956292198027, 26.793672294558153, 25.93197834331734, 24.790668570134653, 24.67633469330115, 24.852918141407976]",2026-04-21 14:29:56.421665
25.14416213456783,"[24.68721010731761, 25.129104961542424, 26.356342679426067, 26.121527070447524, 26.388847181766312, 25.838847465825634, 26.21047821792544, 23.085115535041965, 24.509307812361776, 23.11484031402352]",2026-04-21 14:35:17.677122
25.958720499424984,"[25.45005141473716, 23.59705130192503, 25.482637076883496, 25.05090748837183, 28.339036162374803, 27.401985331176647, 25.035832054390056, 26.719512521740683, 26.629567166638125, 25.880624476012002]",2026-04-21 14:38:02.391599
24.33762032955751,"[24.864463123824702, 24.4155073664698, 23.466891262903392, 26.22715655807755, 22.029145297966053, 25.933621829390727, 23.99061549162147, 25.334500140812263, 23.066570519349714, 24.04773170515941]",2026-04-21 14:39:09.349433
25.092824499223706,"[24.302269147018556, 27.401559242194658, 26.398180559467008, 23.015764480735502, 23.867962734663433, 27.859828087298734, 25.20460387116043, 24.47217720107423, 24.108946488905048, 24.296953179719466]",2026-04-21 14:41:08.195523
22.89552217001843,"[22.23608251355166, 25.292337621546956, 21.52138926109678, 27.368872130290708, 20.958992384775396, 26.235881237232547, 21.646294202673893, 22.177951802437555, 20.543799106755177, 20.973621439823656]",2026-04-21 14:42:33.971148
21.934259339667587,"[25.52376480862112, 25.21407927852179, 23.36690238179683, 26.48666503805989, 20.998983879227715, 23.30024989104296, 16.118114300601313, 14.804279069616447, 16.123105628676033, 27.40644912051176]",2026-04-21 14:45:30.674067
24.138949240222477,"[25.25281279597967, 23.57152654290878, 25.472187751849024, 23.786762348667395, 25.884398406995327, 26.04343104703454, 22.92841623942792, 23.579277304390665, 23.176947855636183, 21.693732109335247]",2026-04-21 14:52:22.743860
24.00583904224936,"[25.780635594905437, 25.105832387145263, 26.19467234568883, 21.08909155394246, 26.427641569078762, 26.212811562350616, 21.65741309610863, 23.584025153047104, 23.073976351655702, 20.9322908085708]",2026-04-21 14:55:16.070564
23.244079189246,"[25.479370394688253, 24.38300286412956, 25.379482963339303, 19.765151927099016, 20.172979952716297, 22.767577793703136, 24.28037628932497, 21.929947724968894, 24.23439925917329, 24.048502723317295]",2026-04-21 14:58:06.774476
24.608294369863092,"[22.32050900183989, 24.010641673774913, 26.26513934732907, 25.19196323136145, 24.68378110551018, 26.5736886401431, 25.07714239569139, 23.974971938997044, 26.391505165415857, 21.593601198568017]",2026-04-21 15:01:57.623589
24.14592492555617,"[23.036460231289215, 22.233749169126483, 26.846405878567072, 25.672469863335003, 26.409766121786785, 26.456757649514625, 24.648496879811255, 23.170272461585036, 20.909383453301054, 22.075487547245153]",2026-04-21 15:03:23.401917
24.98426311359857,"[25.845725759392014, 25.483306645283765, 26.12233866850845, 25.300859401186717, 25.665327800398817, 24.879497977903434, 25.053829241391178, 22.155105317022375, 24.234683318494618, 25.10195700640432]",2026-04-21 15:05:59.328274
25.88484884391914,"[28.813476098842905, 15.199263555919513, 26.204188332953233, 24.415913165500264, 27.142781200467155, 27.73384777829089, 28.852453095719063, 27.589281873687746, 27.067566350170477, 25.829716987640175]",2026-04-21 15:07:46.937885
21.00981262635567,"[23.952795021982134, 23.58875271175202, 27.147630498881213, 19.33086580469542, 23.578222226911453, 19.79171147364295, 21.68096972982712, 17.17763527919379, 17.51028903441744, 16.33925448225319]",2026-04-21 15:10:33.359208
25.356405172476762,"[24.50490489288123, 24.830741224393066, 26.60599024296811, 25.50828357560888, 25.76211086916471, 26.225310172488935, 25.09215695981859, 25.072191647519716, 25.835418464018204, 24.12694367590617]",2026-04-21 15:11:55.674418
22.852552110682495,"[21.572479359032318, 23.051129866240522, 25.430796250741597, 24.374298474926082, 22.683983193427355, 24.152610464583077, 23.52745676820029, 20.46168567294059, 21.429374330938845, 21.841706725794293]",2026-04-21 15:13:57.112276
25.355423138823035,"[24.150094510594197, 25.94214360903049, 26.061874612969174, 25.62296238161828, 25.183766090946055, 23.85225831218444, 25.81989665110292, 26.565166860503336, 24.8775501425572, 25.478518216724275]",2026-04-21 15:15:57.374359
24.422215224443384,"[26.360319509924626, 24.60836335569827, 23.90904988649801, 25.992401818953574, 23.638199323614177, 25.441225285824547, 21.645340574952296, 26.59872644032279, 23.78446958414527, 22.244056464500293]",2026-04-21 15:17:13.905587
25.3720608990721,"[24.35130995985024, 25.43304843536068, 27.849399052215784, 23.75742307876478, 26.02498748109991, 23.35809654283574, 26.749845999267936, 25.7920385476615, 25.221586560585386, 25.18287333307903]",2026-04-21 15:18:03.632744
23.615908782870736,"[25.766432628839162, 24.896196608007063, 22.03438010545905, 23.97058930946802, 22.715087689112494, 26.182194025502035, 20.88162679961725, 24.15930614858575, 23.13026067718119, 22.42301383693534]",2026-04-21 15:27:45.075903
23.855876010541035,"[26.447830070844393, 24.227622415364525, 26.082042824783283, 20.267673156475293, 24.745340818431714, 25.58331581634185, 21.671068233483776, 25.734658564753758, 21.394171265046012, 22.405036939885743]",2026-04-21 15:31:56.386446
24.854725976088698,"[26.20627819796013, 24.206196226555974, 27.441855085919826, 25.13338614131383, 23.40311994526583, 24.603777826654017, 21.66108557733434, 26.684147136235662, 25.488176233649344, 23.719237389998028]",2026-04-21 15:33:05.759289
25.09573407827214,"[25.059469847914638, 25.904018790118304, 25.309786979856945, 26.614491732656354, 23.767953563605346, 26.20465500183827, 22.72156018364841, 27.49970173771261, 24.941828708982847, 22.933874236387673]",2026-04-21 15:35:50.547568
25.098810034923066,"[26.11911256621626, 25.1004555499916, 26.820820249696258, 24.539661579840555, 27.461191409721486, 22.678687516079787, 25.483326935235286, 24.50441793404467, 23.78203478996248, 24.498391818442265]",2026-04-21 15:40:25.714083
24.989595312858878,"[26.73799666757836, 24.269805224581358, 27.50150754339818, 25.4831646156231, 24.625893873814356, 25.89097235128886, 26.48272878746438, 22.48272716426826, 25.76217173901928, 20.65898516155265]",2026-04-21 15:42:02.228714
25.165210930278047,"[26.250550872183858, 24.040285292950376, 26.223382627094228, 26.73541984373491, 25.082884451972465, 25.9755814491408, 23.79307252359113, 26.261061067072898, 26.565998748515792, 20.723872426523997]",2026-04-21 15:43:31.230099
24.47646040984079,"[26.022309207498843, 25.33366825279981, 24.494922236731792, 25.149151433647393, 22.35642221603604, 26.557598708585164, 26.010581615518404, 21.82788926880696, 24.27171248002454, 22.740348678758934]",2026-04-21 15:45:51.804632
25.358273877012053,"[24.334205530716147, 24.670105678183514, 24.901066196372643, 26.878179942652483, 24.935701143622826, 26.02265413667474, 25.44723111147543, 25.43037016175961, 25.93171457394754, 25.031510294715602]",2026-04-21 15:48:27.992759
22.5305018841249,"[24.301579288666765, 25.652930640018116, 25.7920385476615, 21.395064022913036, 22.34010909501135, 22.46761115038344, 23.925931126165352, 21.333828949215874, 18.90848988383597, 19.18743613737758]",2026-04-21 15:50:49.275989
25.724608951764292,"[27.042650289699928, 25.66650461758717, 26.478062098614032, 25.59634196521978, 26.701048665854525, 25.31569135575021, 24.770256878902263, 25.876627355561922, 25.528025698441002, 24.27088059201209]",2026-04-21 15:52:08.876404
22.960519000728002,"[24.626015613523496, 25.341966842972816, 22.510544687806632, 23.913878894960543, 23.78124348185307, 22.344065635558383, 22.490132996574246, 22.474530023852868, 21.509195000231305, 20.613616829946668]",2026-04-21 15:52:53.494650
23.90295681405558,"[24.718781271887785, 22.813493954000243, 25.338679870826052, 25.225137302101956, 25.249282344414624, 26.46227651632895, 20.958667745551026, 22.772061872989774, 21.15961942543727, 24.331567837018124]",2026-04-21 15:54:42.684259
25.866263248323847,"[26.391424005609768, 25.618336272670977, 25.775542817073102, 25.579785364776807, 25.001643486073384, 26.2584436633264, 25.746893405522275, 26.66491226219162, 26.08433558930541, 25.54131561668873]",2026-04-21 16:01:13.693554
25.47959358415501,"[26.98094854711773, 25.369074218207878, 24.59436328914723, 27.700957766871703, 25.380822100139838, 24.209178849429893, 23.87644393440015, 26.096509560219356, 25.51333577353817, 25.074301802478132]",2026-04-21 16:02:23.817385
23.93466595029611,"[24.543841309854344, 25.939871134459885, 26.146219941451314, 21.690607456800663, 26.449595296626917, 26.177811395973013, 20.433421770468705, 23.60397017539446, 22.12925591878176, 22.232065103150056]",2026-04-21 16:05:11.579772
24.962214023278257,"[28.641883978810796, 25.247253349262298, 26.4883288140848, 26.700358807502738, 22.843381052593987, 25.66808723380598, 27.59502392996883, 20.225896146288925, 24.268790727005193, 21.943136193459008]",2026-04-21 16:07:49.332203
25.03698858162688,"[25.866320060188112, 25.643171173335432, 26.71937049208002, 25.527376419992258, 23.62474708575426, 26.876982835512607, 25.007324672499895, 26.249089995674183, 22.29086538266443, 22.564637698567612]",2026-04-21 16:08:41.346417
24.792180171523135,"[25.487060286315565, 24.45484958247338, 23.90793393916423, 29.37027294854387, 25.041513240816567, 26.877327764688502, 22.17350830305396, 24.3805072000922, 22.553234745811547, 23.67559370427152]",2026-04-21 16:10:25.578944
15.260293701106288,"[14.364697269865282, 15.546708685803608, 15.040230915880295, 16.56840919475675, 13.590432719738144, 17.27346472023809, 17.238626873472672, 13.84190637891728, 14.870241702018525, 14.26821855037224]",2026-04-21 16:17:59.398276
16.9964155771639,"[19.466078041646345, 16.08735473409207, 17.29432279040399, 15.94798305707888, 15.974623763428903, 17.49474693155063, 16.62207611653574, 15.894153815687703, 16.752479634975657, 18.43033688623911]",2026-04-21 16:24:03.883159
16.8791112514274,"[17.324006989482502, 17.430995903864584, 16.565223672367605, 17.900951761046052, 16.512063999376693, 16.29352093151979, 16.679882188425477, 16.71407075674215, 17.857531264786303, 15.51286504666283]",2026-04-21 16:26:49.685702
16.524041157760866,"[19.668307988478556, 15.125428422326413, 18.18168353032171, 14.609312925429558, 19.356390563711667, 14.755623765863698, 18.009381261986288, 14.78461810659042, 18.44636594794248, 12.303299064957875]",2026-04-21 16:29:36.773529
14.272321178570241,"[15.538755024806495, 14.384155333376077, 16.63274863103697, 15.121512461682427, 13.398246298909942, 14.080577078685245, 12.67054718752866, 12.276171399771291, 14.443503441581576, 14.176994928323717]",2026-04-21 16:32:45.724381
16.042769594614885,"[17.11441179024735, 15.111671835193652, 18.533937378716814, 14.593994012029507, 17.794835314579466, 17.023066428489688, 15.477357631497147, 15.455850282882505, 17.918908368144127, 11.40366290436859]",2026-04-21 16:37:27.719935
16.141853543883514,"[17.453051081170354, 15.521508566011734, 18.54383887506016, 13.111711603498636, 18.971307573751947, 14.695768408870117, 18.94016249816376, 13.760239324036206, 16.393448942771787, 14.027498565500427]",2026-04-21 16:40:38.068582
16.015611494501016,"[16.604505018516612, 18.112677405191146, 16.080253251058934, 17.912821382687152, 13.197233749169127, 14.862490940536643, 16.145302835642465, 13.909370467732078, 18.154434125425986, 15.177025769050033]",2026-04-21 16:42:39.071052
15.85812291977272,"[17.350505666171863, 15.152069128676438, 17.865241446365136, 14.903659252177315, 17.651649126679906, 17.298725709884533, 16.272500541741707, 10.985142074298556, 16.64269070728336, 14.459045544448387]",2026-04-21 16:45:10.126926
17.263352208398903,"[17.722298737883854, 17.84071089497353, 18.169651589068426, 15.271150854166379, 19.981665999803592, 16.57441502040763, 16.11908821827443, 17.751110469046868, 17.03724910460444, 16.166181195759886]",2026-04-21 16:46:31.988388
16.1344233636357,"[14.056716095693904, 18.811930004536833, 17.212493415910732, 16.87543674120654, 17.238444263908967, 16.27753244971947, 15.380655722537348, 14.882517122690091, 16.072887998655993, 14.535619821497122]",2026-04-21 16:48:27.902329
23.46808431205296,"[24.89469515159434, 26.379371774404955, 25.23710837350067, 24.17616709830157, 18.923200098690323, 21.278964920297014, 25.261659214843803, 26.325258473692454, 23.095057611288354, 19.10936040391612]",2026-04-21 16:52:18.204184
24.03328525967486,"[26.120025614034805, 25.39050040701643, 23.486450776171807, 27.454536305621858, 24.295634332870453, 25.94845378395422, 22.40597027765581, 23.974789329433335, 21.62336655745262, 19.63312521253724]",2026-04-22 13:12:02.581872
25.497724684836182,"[26.828976810208605, 25.55314465842678, 27.158059533964163, 24.848332612363723, 26.918496076329177, 25.383804723013757, 24.072262256551017, 24.944791041905244, 26.633686026797346, 22.635693108802023]",2026-04-22 13:16:26.500558
22.751315397557253,"[23.674863266016686, 23.710005462054948, 24.769465570792857, 25.233577921935627, 21.025421686062508, 24.252741375350308, 20.07248382282165, 25.846456197646855, 18.677874294822736, 20.250264378068348]",2026-04-22 13:18:00.150773
21.4198177637714,"[23.023007993429303, 17.06317966265115, 25.912398540097406, 21.059711704136795, 23.59323679103866, 21.205758775201133, 19.474437501673922, 20.62142846128312, 22.476153219974726, 19.768864988227772]",2026-04-22 13:18:31.488263
24.23598796237756,"[26.269968355791605, 25.057562592471452, 23.915278901615647, 23.921122407654344, 24.64441859955508, 22.969686000826208, 24.864950082661263, 24.718618952275598, 22.47578800084731, 23.522485730077094]",2026-04-22 13:41:51.361333
24.121424809091845,"[26.943919385587805, 26.677715221602792, 26.52182752404968, 25.95326250246523, 25.150165931223558, 25.005072487880813, 24.99500867192528, 19.29395838287463, 20.593144268859714, 20.08017371444896]",2026-04-22 14:28:06.589473
25.788639980781358,"[25.745209339545845, 25.631808800482414, 24.324243164518233, 27.22777580739804, 26.103306693979647, 26.00323665306699, 25.56213310695158, 25.891479600076938, 25.9128246290794, 25.484382012714494]",2026-04-22 14:30:32.911977
25.374108155180796,"[24.925819937231008, 27.284323902293334, 27.30347761653128, 25.367308992425354, 24.899706769620586, 24.513670151939273, 26.809660776358474, 23.143550595428916, 24.880837114703965, 24.61272569527577]",2026-04-22 14:35:56.697230
25.692500103478753,"[26.810736143789203, 24.938967825818068, 21.379623369803845, 26.608972865842027, 24.270089283902685, 26.494375219638723, 26.769182323069593, 26.317933801192563, 26.598564120710602, 26.73655608102021]",2026-04-22 14:39:51.845104
25.27944335735393,"[28.04310721940823, 24.880897984558533, 26.588885813834015, 24.017479387438247, 24.785372892787084, 25.252183807482446, 24.85612395374865, 25.521350304389852, 25.100942508828158, 23.748089701064085]",2026-04-22 14:43:41.265202
24.32622549278205,"[25.25752006473306, 24.050207079245247, 28.558167638825875, 23.372867627544665, 26.037709280704988, 24.447139400894542, 23.1038228703464, 23.59094402651653, 22.786893827553268, 22.05698311145595]",2026-04-22 14:47:34.935502
23.824674123088585,"[24.1816048053098, 24.664607101320716, 25.07990182909855, 24.47181198194681, 24.1668540105524, 23.45774049476641, 23.189629075338214, 23.684987951826784, 22.292204519464963, 23.057399461261205]",2026-04-22 14:51:01.185004
25.91673653173308,"[26.6327729789788, 25.81707634784119, 27.384049014030097, 24.73385670586956, 27.14712325009313, 25.516257526557517, 25.586785398052328, 25.720272989123774, 25.672936532220035, 24.956234574564355]",2026-04-22 15:01:40.955153
25.390003303204107,"[26.891591600609345, 27.12786808609757, 26.527285521009436, 25.1508152096723, 25.959450937679822, 25.087165631743876, 23.399366304234025, 23.95529068601949, 25.08089603672319, 24.72030301825203]",2026-04-22 15:06:02.550449
26.17341862146823,"[27.325816853158372, 25.77428484007866, 26.17687805820294, 27.168955237932146, 26.8475624058039, 27.003470393308536, 25.1519514469576, 25.43406293293684, 25.672287253771295, 25.178916792532]",2026-04-22 15:10:34.630198
23.042279389386085,"[23.608393384826527, 25.917998566717824, 27.455571093149544, 21.4864093846707, 19.023026660184705, 23.995525659890095, 22.818992530863046, 22.310688665302642, 23.31869345697759, 20.487494491278163]",2026-04-22 15:13:33.070536
22.98430693989386,"[22.978938218720806, 29.509340276284213, 18.218408342578787, 22.45162266858312, 20.088431724718923, 23.211785702401603, 21.810237010981734, 23.57325118878826, 24.12739005483968, 23.87366421104147]",2026-04-22 15:19:39.826283
19.002730621675997,"[19.896691682824233, 21.200321068192903, 21.466403492468775, 19.32644259526335, 19.972231172345285, 19.58556556616675, 18.557392562677688, 14.710052534742484, 16.800790009552507, 18.51141553252601]",2026-04-22 15:29:18.301381
24.86309558109204,"[25.200322691389026, 25.155218129152846, 27.268416580299107, 23.771950684055426, 25.428199136946624, 25.359761130458708, 25.678049600003895, 25.064014797055847, 23.364751646935368, 22.340271414623537]",2026-04-22 15:41:38.360923
25.510683876874083,"[25.742084687011264, 26.563016125641873, 26.83824931805473, 27.450072516286745, 25.991367031425888, 25.540848947803696, 25.731838261492026, 24.835691972564742, 25.461779006717595, 20.951890901742257]",2026-04-22 15:46:09.701619
27.122706322430055,"[31.294247311784325, 29.66463956524315, 26.87241759641988, 27.144404396589014, 26.02636719780349, 27.220877223880137, 25.407645416053573, 26.500320175435036, 25.773128312841834, 25.323016028250105]",2026-04-22 15:55:55.581850
25.468115558578308,"[24.62611706328111, 25.179322591562464, 27.481745130614534, 25.306520297661702, 26.298414867827198, 23.91448759350624, 26.501720182090143, 25.62884646756002, 25.470950064806104, 24.273031326873554]",2026-04-22 15:57:43.472717
25.686524712755155,"[26.767112748014224, 25.309259441117344, 27.413347704029665, 25.56219397680615, 25.84921563105401, 24.739395862635405, 27.283918103262867, 22.93716120853444, 27.06545619521206, 23.938186256885395]",2026-04-22 15:59:46.852069
22.028942398450823,"[25.92301018474407, 25.88861871691216, 19.65065573065333, 24.057267982375336, 19.912193205787993, 21.59591425304167, 19.410442994569596, 22.326271348072495, 19.416732879541804, 22.108316688809765]",2026-04-22 16:01:09.772737
25.537708063307896,"[26.26339441149807, 25.75985868454563, 27.114902807074213, 24.61110249915391, 27.227877257155658, 23.8651424314017, 26.553966807262505, 25.188615389360113, 25.576133173502622, 23.21608717212453]",2026-04-22 16:06:43.818284
26.29343368472824,"[26.19593032268327, 31.923418418568716, 26.742338717204337, 24.822665823686815, 27.70126211614455, 26.96982965368299, 24.95108092687745, 25.41533530768088, 26.175336021887176, 22.037139538866214]",2026-04-22 16:09:21.180385
26.00963610377742,"[26.63934692327233, 27.695134550784534, 26.806982502757407, 26.61116418060654, 23.41494898700388, 28.448967119727758, 24.806515022274308, 27.551096184920997, 24.209584648460357, 23.912620917966102]",2026-04-22 16:11:39.218008
26.330738789598882,"[26.732964759600595, 31.010147410555806, 27.60360657946316, 26.06165142350242, 24.64034031929891, 27.299825425257094, 24.289587927316525, 26.398383458982238, 24.32454751379108, 24.94633307822101]",2026-04-22 16:17:31.066193
25.531880789230417,"[24.05897233830329, 25.606020272096366, 26.581966940364588, 26.951812176730346, 23.074199541122457, 27.257439716525028, 26.555427683772177, 24.906280713914118, 23.54194379358789, 26.784744715887925]",2026-04-22 16:20:56.774791
25.42292780754088,"[23.92286734348534, 26.948038245747025, 26.78415630729375, 25.79978930914338, 25.46135291773561, 25.81640677944092, 23.852745271021, 24.823660031311455, 24.57713712030399, 26.243124749926345]",2026-04-22 16:24:32.538154
26.324308903961168,"[25.843615604433598, 26.076747147435714, 24.62648228240853, 27.669528631962194, 25.92457251101136, 26.657770199255438, 26.298881536712233, 26.540392829693452, 26.432835796668716, 27.172262500030435]",2026-04-22 16:27:07.513920
25.791074774964148,"[24.775471396443738, 26.63691212908954, 26.670410839054423, 26.736596660923258, 26.14068078468547, 26.080866007594935, 21.671818961690136, 27.492559674776427, 25.210690856617408, 26.494740438766144]",2026-04-22 16:28:27.881701
25.642093776909547,"[25.961723412250425, 27.28917320070739, 25.551217113032074, 25.139838345898223, 27.02929950159763, 24.423765376739762, 25.82324449310426, 25.158850030475506, 24.19241934947169, 25.851406945818525]",2026-04-22 16:30:47.244909
22.650740136851663,"[27.154265313029313, 25.524474956924433, 25.617098585628057, 18.728233954503434, 20.49997281146496, 22.356645405502796, 22.08760064830453, 21.186686220769282, 20.057956217531004, 23.294467254858834]",2026-04-22 16:33:04.047306
26.738759569755636,"[26.501618732332524, 27.676244605916388, 27.575139777476043, 24.586287888440975, 29.501995313832797, 26.170770782794445, 26.184953458909195, 25.587515836307166, 27.42318833051844, 26.179880971028386]",2026-04-22 16:34:26.760685
25.47224659270844,"[23.640979046972863, 26.254629152440028, 27.845604831280937, 25.912357960194363, 26.191121604172263, 25.32636387025144, 24.19217587005341, 24.900112568651053, 24.430724830112236, 26.028396192955817]",2026-04-22 16:36:36.629018
25.38717691295692,"[24.46503513813805, 26.812541949474774, 23.553103266925675, 25.085542435622013, 27.2010336512904, 26.14761994810642, 24.46361484153142, 25.68194527069636, 24.648293980296025, 25.813038647488064]",2026-04-22 16:38:36.754852
24.97064652713132,"[22.835488261451445, 23.179504389528113, 27.57931950748983, 25.43424554250055, 25.858467848948617, 27.018708146902497, 24.55938341272115, 24.43987559824922, 23.824603108258252, 24.976869455263497]",2026-04-22 16:44:49.928473
24.05612768709973,"[26.308925062716238, 24.614835850234186, 28.005733128702406, 21.122103305070784, 26.92421784265873, 23.884843974330774, 22.42033556333427, 22.897027684421456, 22.853181099179718, 21.530073360348727]",2026-04-22 16:47:15.175600
23.038138210280188,"[24.276358878923364, 26.866776989896415, 23.868226504033238, 23.27458310236605, 25.319587026442676, 23.824136439373216, 20.811930816134897, 21.329527479492945, 19.75930842106032, 21.050946445078754]",2026-04-22 16:48:36.635150
25.209637808133348,"[25.237453302676567, 25.547970720788353, 25.950929158040054, 25.200079211970746, 26.97196009859293, 25.350448042709534, 26.3562818095715, 21.898680909671572, 25.147264468155733, 24.435310359156492]",2026-04-22 16:49:43.689670
24.781954035955415,"[26.59024524058607, 25.930821816080517, 26.41893717987529, 24.16086847485304, 28.59099678039049, 22.18860402698726, 26.57969446579398, 21.42783229462308, 23.98487343534039, 21.946666645024052]",2026-04-22 16:51:32.903356
25.974944344662973,"[27.269776007051163, 25.918586975312, 25.879914327708686, 28.187673124011372, 25.98288583168917, 26.609804753854483, 22.660994678351514, 26.989652936321203, 23.270159892933982, 26.97999491939614]",2026-04-22 16:53:15.394154
25.23203588561986,"[26.080805137740366, 24.694108690835517, 28.29123303658603, 25.46634424581033, 25.871311388262832, 24.405808769641688, 22.45068933081305, 26.319313517896145, 24.847500724351267, 23.893244014261402]",2026-04-22 16:55:06.014712
25.80063337112675,"[27.32309799965426, 26.010277266245556, 25.690771399608973, 28.191223865527938, 26.625712075848707, 26.57462197791317, 25.4565441992246, 24.9186575843433, 26.080723977934273, 21.13470336496672]",2026-04-22 16:59:12.562983
25.847239389775652,"[24.365107126886056, 25.249343214269192, 27.372077942631382, 25.734070156159582, 26.655071635702846, 25.7992820603553, 25.922178296731612, 26.575839375004566, 25.963163998808575, 24.836260091207393]",2026-04-22 17:00:24.187804
26.045792797391847,"[27.47198566393185, 28.916122963599015, 25.560083821847734, 27.32735888947414, 26.156263467455325, 24.543354351017783, 25.501912530830584, 23.637184826038013, 27.347445941482157, 23.996215518241886]",2026-04-22 17:02:32.459179
24.784135205744168,"[23.434467920369244, 21.01436366248234, 33.67143832219956, 28.58860256611075, 26.640280261042403, 23.984569086067538, 24.94647510788167, 21.62935209315198, 20.57074416237805, 23.361058875758133]",2026-04-22 17:11:58.639580
25.424236509414133,"[25.177780555246695, 26.392357343379835, 27.686551901290198, 25.98241916280414, 26.262724843097804, 25.64546393785756, 26.361800676385823, 22.686681756979947, 23.563146792929683, 24.483438124169634]",2026-04-22 17:14:28.619757
25.372342929398272,"[26.543720381743267, 26.219994205189845, 27.13610580641601, 27.128395624837175, 25.249992492717936, 25.283085403652354, 24.64078669823242, 25.598837629257137, 24.88250089072887, 21.04001016120772]",2026-04-22 17:17:35.462832
26.072019588730797,"[25.339065379904994, 26.678222470390875, 27.229642482938182, 26.842530497826136, 27.014548706840227, 25.486005208836353, 25.32541024252985, 27.06210835321072, 25.841403999717564, 23.901258545113084]",2026-04-22 17:20:16.730333
25.786203157603417,"[26.91886129545659, 27.36051267026313, 27.78658136229981, 25.611255079589363, 27.676406925528575, 25.237473592628092, 26.50608252166764, 25.407138167265494, 25.07740616506119, 20.280313796274278]",2026-04-22 17:22:16.493408
26.197979607787122,"[26.82011010139295, 26.51563908883509, 26.31698017347097, 27.114253528625472, 26.83585510377499, 26.347131041434515, 25.57020850765783, 25.31711165235684, 25.901583995935518, 25.240922884387047]",2026-04-22 17:26:01.793369
26.599377747766685,"[25.9278391932066, 28.936047695994844, 31.777006128376957, 25.215905374158883, 26.96187599268588, 25.821560427127828, 26.243205909732442, 23.771646334782577, 26.535239182006546, 24.8034512395943]",2026-04-22 17:28:18.611945
25.97518782408125,"[27.0571981849421, 23.770997056333833, 27.764627634751655, 27.065577934921198, 26.76059967357526, 25.8554852260747, 25.918850744681798, 26.26286687275847, 24.849651459212733, 24.446023453560766]",2026-04-22 17:30:24.485118
25.703018414348406,"[23.961844340361502, 26.877266894833937, 26.912267061211537, 27.589200713881652, 26.358249934869256, 25.250986700342576, 24.552464539251723, 26.070173203142183, 24.79428018150579, 24.66345057408389]",2026-04-22 17:33:19.530853
24.07066949535644,"[26.69277036563304, 25.337503053637704, 26.741263349773604, 21.954052187378515, 27.332553117064094, 21.852947358938167, 24.45904960243869, 22.727545719347766, 22.764940100005113, 20.84407009934772]",2026-04-22 17:35:30.049453
25.71049729047987,"[25.962048051474795, 26.532865257678324, 27.054621361098643, 26.007436673032302, 25.602489820531318, 24.64640701480436, 25.23552575728186, 25.171896469304954, 25.462935533954422, 25.42874696563775]",2026-04-22 17:36:41.611416
18.069798650637065,"[26.014172936938017, 25.86329685741115, 26.288391631774715, 24.344249056720155, 24.864158774551857, 22.337025022379816, 19.948309319499373, 8.350045490071315, 2.21296414278607, 0.4753732742381732]",2026-04-22 17:38:08.998406
26.522904920475565,"[27.056488036638783, 25.88366796874049, 25.591939045739235, 27.033580681369035, 24.648233110441453, 25.798308142682185, 27.01042984668101, 27.033519811514466, 27.454820364943185, 27.7180621960058]",2026-04-22 17:43:29.582294
26.501263658180868,"[26.1753563118387, 27.587963026838736, 26.777460623291077, 26.78464326613031, 27.3674721236356, 24.019853311766468, 28.221151544024732, 24.060615824376672, 27.655832914684, 26.362287635222383]",2026-04-22 17:45:36.227782
26.55035113790106,"[27.15412328336865, 26.640381710800018, 27.16175230514139, 27.14641310178982, 25.66510461093206, 27.04116912323873, 26.273539387259696, 25.96969736319906, 26.607836628556726, 25.843493864724458]",2026-04-22 17:51:20.506064
25.50343833518513,"[26.15326055462988, 24.21930353523999, 27.07002143430479, 24.441782853692406, 24.222367317920003, 24.472217780977278, 27.447901491473758, 24.670978146099014, 26.033346941127487, 26.303203296386684]",2026-04-22 17:55:28.029066
26.248911444100777,"[27.966472072504924, 28.14506422581255, 26.633564287088205, 24.08465941693172, 28.177304958782994, 26.68589207206666, 24.813880274677246, 26.535381211667207, 24.97764047342138, 24.469255448054884]",2026-04-22 17:59:23.815252
21.13509496103112,"[25.808737177765135, 25.006168145263068, 28.189235450278662, 17.020530184549283, 15.408534115930289, 13.268147129742877, 19.529484140156494, 24.379857921643453, 20.059619993555913, 22.68063535142602]",2026-04-22 18:01:06.060645
25.77885007917139,"[26.118909666701022, 25.186403784644078, 26.92119463988177, 27.555965773286577, 25.346694401677734, 26.858518979626453, 25.686652539449753, 23.731634550378732, 25.229601091437075, 25.15292536463072]",2026-04-22 18:03:54.608359
26.294659197800243,"[27.12232892933172, 27.436518828669215, 25.85449101845006, 27.54513093917316, 27.170781333569238, 24.930385176323735, 27.574084699996835, 25.535675010165264, 23.395531503396132, 26.381664538927083]",2026-04-22 18:06:22.816402
25.73465044877315,"[26.017946867921342, 26.721379197280825, 27.2751325542533, 25.626310223619615, 25.153148554097474, 25.87159544758416, 25.344016128076667, 25.16238048204055, 25.215682184692128, 24.958912848165422]",2026-04-22 18:07:09.456052
25.385356904305283,"[25.12338319521287, 25.957097303303126, 27.75586237569361, 24.81187156947645, 26.12388070482422, 25.22189090985824, 24.362469433188032, 26.896866988005392, 22.119942831032585, 25.48030373245832]",2026-04-22 18:08:14.968227
25.108123122672236,"[25.544115629998938, 26.942742568399456, 25.746589056249427, 25.59323760263672, 25.947175517008255, 24.7750858873648, 24.129682819361808, 25.242931589587847, 24.267796519380557, 22.891874036734553]",2026-04-22 18:13:22.064327
23.964664643623234,"[24.896967626164948, 25.676000314900048, 25.35692053724545, 23.492476891774213, 24.8526746619897, 25.043319046502134, 23.495520384502697, 21.17905719899654, 24.69451448986598, 20.959195284290626]",2026-04-22 18:16:10.620680
26.392677924613903,"[28.483135398092905, 24.28307485287756, 24.784338105259398, 26.05521950886955, 26.649370159324818, 27.62497189841714, 26.510424571293616, 26.132605383979215, 26.545688507041017, 26.857950860983802]",2026-04-23 13:03:24.129937
26.6668580685427,"[26.766463469565476, 27.114131788916332, 26.968003558045897, 25.519260439382958, 27.786621942202856, 26.49447666939634, 27.47766685035836, 26.469317129507516, 26.804628868380707, 25.26800996967058]",2026-04-23 13:04:57.599480
26.05564965584184,"[26.406742919009815, 28.670634840119238, 25.841160520299283, 27.86449477614908, 25.854531598353105, 24.608647415019597, 28.637643378942442, 21.055085595189496, 25.716661377752636, 25.900894137583727]",2026-04-23 13:08:09.125105
26.653884673538737,"[25.204624161111955, 29.219051939841105, 25.638869703612503, 25.567144724977823, 26.47191424330249, 26.684715254878313, 28.628025941920416, 26.255116111276585, 26.239046469670175, 26.63033818479601]",2026-04-23 13:10:37.905775
25.65347441071894,"[24.30080827050888, 21.315141903862962, 21.88119097145853, 26.364134020810997, 28.638576716712507, 28.16111357746744, 26.79383461417034, 25.5523736402689, 27.526525053626344, 26.001045338302475]",2026-04-23 13:13:15.089417
25.117884618350068,"[24.932069242300166, 29.249040488192467, 28.008878071188512, 25.900244859134983, 21.684905980422634, 24.411449376165148, 25.356108939184523, 23.220672701168784, 24.867608066310808, 23.547868459432674]",2026-04-23 13:15:08.762771
26.719699189294698,"[32.345287090640085, 26.976139828606723, 25.741273088950337, 27.405860711917587, 24.631027231549737, 27.743302895700722, 26.804182489447197, 25.846050398616388, 25.089438106314475, 24.614430051203723]",2026-04-23 13:17:15.624741
27.077786398752735,"[27.06730258080067, 26.191507113251205, 30.880758389692055, 27.231184519253947, 27.220917803783184, 26.609114895502692, 26.619990309519153, 27.5573860698932, 24.2495964328642, 27.150105872967046]",2026-04-23 13:19:28.965959
25.696560122778553,"[27.713902755943536, 26.931785994576902, 26.36464126959908, 27.485559641500902, 26.354049914903943, 25.875836047452516, 25.28132017786983, 21.861611168238596, 24.289892276589374, 24.80700198111087]",2026-04-23 13:22:15.677104
25.30622812235977,"[28.684350847348956, 26.899484391751894, 26.428473457091215, 27.790497322943796, 25.80962993563216, 23.166742010019988, 26.637378797974574, 19.10428791603531, 24.810430982918298, 23.731005561881513]",2026-04-23 13:23:39.997999
26.127510577151728,"[28.565938690259284, 26.265788625777816, 26.33933970004959, 24.471994591510523, 27.043522757615428, 26.138043090987445, 25.592263684963605, 25.139331097110144, 25.80400961906022, 25.914873914183243]",2026-04-23 13:24:54.726254
25.65929762680611,"[24.972872334813417, 26.093182008169546, 27.569073081970593, 25.71481499216402, 25.570533146882205, 24.4814902888234, 27.55069038589053, 25.903328931766517, 22.590689996323462, 26.14630110125741]",2026-04-23 13:29:40.189259
26.466204650943848,"[25.849844619551234, 26.571984284215148, 27.23802223291728, 26.04686004884197, 26.261588605812502, 26.490378099188646, 25.676446693833558, 28.07670737913073, 26.30817433450988, 26.142040211437525]",2026-04-23 13:30:43.714959
26.057579230231703,"[26.72630965550097, 24.89254441673288, 26.673048532752443, 28.030527449463815, 25.156577555904907, 27.03558938656984, 23.98700388025033, 26.369693467528368, 26.724402400057787, 24.980095557555693]",2026-04-23 13:32:52.819536
25.780844581406125,"[25.0336001597225, 26.440525688296027, 27.34383433011102, 25.72879476876354, 27.694302662772078, 26.538039195316756, 23.51633787476555, 27.24845126800023, 25.917146388753846, 22.34741347755972]",2026-04-23 13:34:36.422155
25.688018053187267,"[26.471325834708317, 25.842235887730016, 27.45510442426451, 27.367086614556662, 25.659524874263173, 24.44511040574222, 25.842114148020876, 25.757931139150923, 25.097371477360063, 22.942375726075916]",2026-04-23 13:39:43.528307
24.74751793023016,"[27.200932201532783, 25.86926210315898, 22.981454172709693, 25.12912525149395, 25.2532794648647, 26.40998931125354, 25.50826328565736, 23.576781640353303, 22.480190920327853, 23.065900950949448]",2026-04-23 13:42:36.169770
25.043858759212654,"[27.93396757016468, 25.547240282533515, 27.826572856752133, 24.19103963276811, 26.336377367127195, 23.325632620398544, 26.697112415259017, 23.99187346861591, 20.785837938475996, 23.802933440031428]",2026-04-23 13:43:22.213642
27.379988994730294,"[32.4950675127847, 30.59448746365055, 26.87329006433538, 26.920707681045208, 25.637388537151306, 26.610778671527598, 27.382425817908235, 26.698593581720214, 22.965323661248707, 27.621826955931038]",2026-04-23 13:45:24.532120
25.984164098635134,"[24.238680438944694, 27.178552385002643, 26.72844010041091, 25.833125699496076, 26.858336370062744, 26.07970948035811, 26.085451536639187, 26.47047365674434, 24.454139434170063, 25.91473188452258]",2026-04-23 13:47:17.020669
27.1248408253303,"[30.977034209669867, 31.48052935671926, 25.983413370428774, 25.96145964288062, 27.91777618884913, 23.97590527676711, 27.768320405928886, 24.862779057848275, 25.19484440447775, 27.126346339733324]",2026-04-23 13:50:03.707921
25.160674097117447,"[26.586532179457315, 26.465117109542202, 26.26201469479449, 25.674356828826667, 25.613182624984073, 24.567357363669785, 24.916040180596802, 21.972921842295136, 24.69069997897961, 24.858518168028393]",2026-04-23 13:51:59.030225
26.28003420074229,"[28.081718997156973, 25.05839448048391, 26.874690070990486, 27.06446198758742, 27.09802156740687, 27.9893185579201, 25.44238181306137, 26.90760037236119, 25.168710946915805, 23.115043213538755]",2026-04-23 13:52:30.272321
27.262577132250716,"[27.27943402397623, 26.840826141898184, 26.589027843494673, 25.690629369948308, 26.010723645179066, 27.48166397080844, 28.008878071188512, 27.49034807006039, 28.678304441795028, 28.55593574415832]",2026-04-23 13:53:44.405630
25.216599290500973,"[28.044568095917903, 26.461099699140597, 28.798806463891594, 26.18992449703239, 24.223381815496165, 24.27207769915196, 23.100637347957246, 24.446287222930568, 21.206529793359017, 25.422680270132297]",2026-04-23 13:55:05.691140
26.4347856610101,"[26.04602816082952, 27.003064594278072, 26.711193641616152, 28.020747692829612, 27.495197368474447, 23.235240886362472, 27.791958199453468, 24.671749164256894, 25.18248782400009, 28.190189078000255]",2026-04-23 13:56:35.092115
26.48788446414644,"[27.898947113835558, 27.050076411957438, 26.954125231204, 26.171460641146236, 26.59700179444331, 26.248988545916568, 25.8643925147934, 24.960414304578144, 24.146320579610872, 28.98711750397886]",2026-04-23 14:03:32.685866
26.040290162538746,"[26.254771182100693, 26.932881651959157, 27.19001620761328, 25.467642802707815, 28.220989224412545, 24.959744736177875, 26.560114662574048, 23.078176371621016, 26.660813691983925, 25.077751094237087]",2026-04-23 14:07:09.680510
26.248392021341783,"[27.334460372507277, 26.36983549718903, 25.989520645837274, 26.85224938460577, 26.061367364181095, 25.48497042130867, 25.740502070792452, 26.771008418706685, 26.313571461615062, 25.56643457667451]",2026-04-23 14:12:42.005972
27.14886818592413,"[28.08358567269711, 28.12343513748877, 27.184010381962395, 25.043298756550612, 26.933064261522865, 26.030709247429463, 26.88710752132271, 25.6510842544295, 28.670371070749436, 28.882015555088437]",2026-04-23 14:18:40.680511
26.306409108727358,"[28.053982633424692, 25.44274703218879, 26.858762459044733, 26.20952459020385, 26.645149849407982, 25.131235406452365, 27.34750681133673, 25.963975596869506, 26.277090128776262, 25.13411657956867]",2026-04-23 14:30:03.859894
26.070008854534844,"[26.496120155469725, 26.450346024833276, 27.154204443174745, 25.20959519923515, 27.825598939079015, 25.68567862177664, 25.563553403558206, 24.07522458947341, 26.316270025167654, 25.923497143580622]",2026-04-23 14:39:18.435782
27.178964271018565,"[26.17277948799525, 26.645170139359504, 28.235476249800143, 28.919917184533865, 27.583661557115807, 28.61161137113811, 26.263292961740454, 26.592639454865814, 25.957219043012262, 26.807875260624428]",2026-04-23 14:43:16.401412
25.688620664747507,"[26.47315193034541, 26.162898281603425, 25.89961587063776, 27.290207988235075, 26.173083837268095, 26.973563004763268, 24.713546464394785, 27.159256641104033, 25.108530950697855, 24.432713245361516, 22.188259097811365]",2026-04-23 14:58:40.182609
26.267868345808946,"[25.643576972365896, 26.677532612039084, 27.620244339712222, 24.73708280816175, 26.90021483000673, 24.975996987347997, 27.32936759467494, 26.1892346386806, 26.483641835282928, 26.121790839817326]",2026-04-23 15:17:52.468440
24.717168220741687,"[25.713759914684815, 27.012154492560484, 26.282548125736017, 25.675148136936073, 26.892524938379417, 24.17649173752594, 21.357426162837413, 22.87048842782905, 23.00785139964144, 24.183288871286226]",2026-04-23 15:21:29.491311
25.664573014202155,"[24.926469215679752, 26.70987479476714, 26.250490002329286, 27.250500553104075, 26.665662990397983, 26.276542300085136, 25.15887032042703, 26.48528532135631, 24.799941077980776, 22.12209356589405]",2026-04-23 15:25:17.873229
25.525856702623166,"[24.815483180847583, 27.990109866029506, 26.92596277848973, 25.061316233503256, 26.3712963736987, 24.605705372048725, 25.554220025857514, 25.606101431902456, 24.979750628379797, 23.34862113547438]",2026-04-23 15:30:15.863851
25.767359879623775,"[25.715910649546277, 25.71024975307129, 26.6455150685354, 26.31060912869267, 25.571588224361413, 26.68501960415116, 25.279392632475123, 23.88200338111752, 27.083351932455564, 24.789958421831336]",2026-04-23 15:32:12.113889
25.52382567847569,"[26.49634334493648, 26.485123001744125, 27.121902840349733, 26.077599325399692, 25.452973167756507, 25.23483589893007, 25.408091794987083, 25.198354566091272, 22.416094963465913, 25.346937881096014]",2026-04-23 15:34:25.920994
26.299605887981613,"[26.699892138617702, 25.803867589399555, 26.508273836432153, 24.87562259716249, 26.80134189623394, 27.01440667717957, 26.598949629789544, 26.082610943425934, 27.27168326249435, 25.33941030908089]",2026-04-23 15:37:03.372075
26.074843949982835,"[26.55899871524027, 25.688397475280752, 27.547829502725754, 25.27687667848624, 25.868288185485866, 26.198608596284345, 25.97249737650927, 27.247984599115195, 26.53414352462429, 23.85481484607637]",2026-04-23 15:43:04.027596
26.375344219027593,"[30.959037022668745, 26.909000379016295, 26.91809027729871, 25.530501072526835, 26.953191893433928, 22.83207954959554, 27.136085516464483, 25.74074555021073, 24.883718287820265, 25.89099264124038]",2026-04-23 15:51:14.283787
26.213970118582594,"[25.328250835743102, 26.972020968447502, 26.028639672374094, 26.055807917463724, 26.353197736939965, 26.18235634511422, 26.89889598315772, 25.548498259527957, 26.126092309540255, 26.645941157517388]",2026-04-23 15:55:01.060484
26.634357624192763,"[30.655113838802016, 27.40326359812261, 26.978128243856, 24.73462772402744, 28.3014185922507, 26.071167410766822, 25.54602288544212, 25.65447267633388, 25.760812312267223, 25.238548960058825]",2026-04-23 15:57:22.406633
24.810595331525633,"[25.805551655375986, 23.608697734099373, 22.90652338173434, 23.180823236377122, 25.01860588554682, 24.335321478049927, 25.813850245548995, 26.04610932063561, 25.87654619575583, 25.513924182132346]",2026-04-23 16:03:33.546112
25.318391948297958,"[26.721642966650624, 27.78528280540232, 25.178024034664976, 25.033945088898395, 24.54708770209806, 26.256252348561887, 25.66808723380598, 23.787310177358524, 24.18040769816993, 24.025879427368874]",2026-04-23 16:07:20.593103
22.085622378031015,"[20.923626999270372, 21.47143540044654, 21.48813403055017, 23.096802547119353, 22.86699855616705, 22.729209495372675, 21.543627047966257, 22.40408331216415, 22.24513183193103, 22.087174559322545]",2026-04-24 13:20:55.946554
25.791620574660122,"[27.62884727915808, 25.95529149761755, 27.72203902650436, 26.71180234016185, 26.374360156378714, 25.714470062988124, 24.886396561421336, 25.42994407277762, 26.051242678370993, 21.4418120712226]",2026-04-24 13:47:51.583666
26.727510820631146,"[26.69437327180338, 25.956427734902853, 26.544065310919162, 26.628877308286334, 27.547971532386413, 27.04634306087716, 26.66850358361124, 27.08627368547491, 26.610778671527598, 26.491494046522426]",2026-04-24 13:52:40.587289
26.94902027940075,"[27.161975494608146, 27.400321555151738, 26.908493130228212, 26.78975633391417, 25.8774795335259, 26.03616724438922, 27.552009232739543, 27.23583091815277, 26.85525229743121, 27.672917053866577]",2026-04-24 14:06:50.412442
26.71348640613828,"[26.7847244259364, 28.368923260968547, 27.424649207028114, 26.625752655751754, 28.13025256120058, 26.946333889819073, 27.269918036711825, 25.84055182175359, 25.63061169334254, 24.11314650887036]",2026-04-24 14:09:55.125173
26.834964374903116,"[26.607430829526262, 28.336824557658765, 27.850048330664528, 27.22682217967645, 25.989135136758332, 28.209728301317142, 25.89610570902424, 26.924238132610252, 25.86224177993194, 25.44706879186324]",2026-04-24 14:12:09.838115
26.874018473595065,"[26.39556315572051, 27.16990886565374, 26.900011930491495, 26.634274435391518, 25.672855372413945, 28.624556360209944, 26.38647325743809, 26.892991607264452, 27.994593945316147, 26.06895580605079]",2026-04-24 14:22:32.422049
24.36023550952532,"[26.29206411300042, 30.031238409365194, 26.383084835533708, 22.617777081607, 22.99182233793807, 22.53690133483533, 24.103691391460526, 23.86268734726739, 21.59567077362339, 23.18741747062218]",2026-04-24 14:27:21.298740
26.925459587691954,"[26.86121754317905, 26.937365731245794, 27.83600768421044, 25.725467216713724, 27.07302434713023, 27.947703867345922, 26.137211202974996, 26.92663234689, 25.616368147373223, 28.19359778985616]",2026-04-24 14:35:47.812045
26.05400616976846,"[25.065191614244196, 28.434520674243203, 24.323837365487766, 26.47954326507523, 26.043958585774146, 27.293738439800123, 25.096174370220194, 26.565227730357908, 25.062777110012927, 26.175092542468896]",2026-04-24 14:43:37.941419
27.18462516749355,"[24.24963701276725, 29.3699483093195, 27.311370407673824, 27.550974445211857, 27.54736283384072, 27.327703818650036, 26.216057954594334, 27.744053623907085, 26.993954406044132, 27.53518886292677]",2026-04-24 14:47:12.018892
27.005266054018342,"[26.23602326689321, 27.454089926688347, 26.953232473336975, 26.486502718447706, 25.587110037276698, 29.14217331351952, 27.2239004266571, 28.22401242718951, 26.180895468604547, 26.564720481569825]",2026-04-24 14:58:45.369936
24.80320978917117,"[26.74128363972513, 24.431962517155153, 27.98830406034394, 20.79511044632212, 21.51984722478101, 26.894066974695182, 23.656176220663774, 21.851121263301078, 27.23501932009184, 26.919206224632486]",2026-04-24 15:01:46.238891
26.855603313592564,"[27.822778635817283, 25.912966658740057, 28.31777229317844, 27.172546559351762, 25.81658938900463, 26.81024918495265, 26.220542033880974, 27.091163563792016, 27.46920594057317, 25.922218876634663]",2026-04-24 15:20:19.205841
27.016669006774407,"[24.622140232782556, 27.46654795692362, 29.65583372628206, 25.571446194700755, 27.83968016543615, 27.41699989530385, 26.70963131534886, 27.55645273212313, 26.561311769713917, 26.76664607912919]",2026-04-24 15:25:06.864995
26.986885386933434,"[26.64328317386784, 26.58841914494898, 27.821175729646946, 27.0976969281825, 27.323828437909096, 26.763622876352223, 27.42787530932031, 27.10193752805086, 26.665784730107124, 26.43523001094846]",2026-04-24 15:31:47.934694
26.061799540148538,"[26.20678544674821, 26.794666502182793, 27.098447656388856, 24.82751512210087, 28.79937458253425, 26.320470045132968, 25.66538867025339, 24.59060964811543, 24.080560846724026, 26.234176881304595]",2026-04-24 15:48:13.817692
26.575902273854286,"[27.486026310385938, 25.77373701138753, 27.061722844131783, 26.8006926177852, 26.665662990397983, 26.428615486751877, 27.21728590246052, 25.89379265455059, 26.499062198440594, 25.93242472225085]",2026-04-24 15:54:46.891480
26.366410553371907,"[27.34458505831738, 26.299206175936604, 27.607258770737346, 23.173133344749814, 26.556137832075493, 26.50015785582285, 27.7102911445724, 26.33148748881009, 25.472877610200815, 26.668970252496273]",2026-04-24 16:01:55.006623
27.139116835222058,"[26.206014428590326, 29.67174104827629, 28.548854551076708, 24.599679256446322, 26.869090044370065, 27.3819591490232, 26.381299319799666, 27.895457242173556, 27.466953755954087, 26.370119556510357]",2026-04-24 16:22:53.816521
25.03984134881105,"[25.677481481361244, 25.215763344498217, 25.22501556239282, 25.48099359081011, 24.03724180022189, 25.526118442997817, 24.567783452651778, 25.18697190328673, 24.580342932644665, 24.900700977245222]",2026-04-30 13:16:13.935198
24.69813624621288,"[24.985614424370016, 23.929502157633447, 27.104128842815367, 24.603148838156795, 25.077446744964234, 24.024499710665292, 24.848515221927432, 24.820109289794885, 24.617209774562408, 22.971187457238926]",2026-04-30 13:29:34.968803
24.27836149713871,"[24.09458120322659, 26.883901708982037, 24.385742007585193, 22.8831899374826, 25.027776943635327, 24.210680305842615, 23.581529489009746, 24.99813332445986, 22.95463085679596, 23.763449194367183]",2026-04-30 13:30:50.892957
25.0249180894657,"[25.641446527455955, 26.0937501268122, 24.92084889910781, 23.56637289522188, 26.801483925894605, 25.25437512224696, 24.487272925007527, 24.543658700290635, 24.950999767071355, 23.988972005548085]",2026-04-30 13:33:45.863006
25.146734900420977,"[27.212822113125405, 25.27693754834081, 24.99320286623971, 25.559373673544417, 24.92095034886543, 25.50028933470872, 23.82845819904767, 24.807610679656566, 25.14036588463783, 24.227338356043198]",2026-04-30 13:38:22.668891
24.98592283163317,"[25.18423275983109, 24.8619268798843, 24.244605104789485, 23.600946972617496, 25.76860365365215, 24.74739010353556, 25.148664474810836, 25.59617964560759, 25.25133162951847, 25.45534709208473]",2026-04-30 13:41:08.974262
25.2187135034497,"[23.882591789711697, 27.45137107318423, 26.684106556332615, 25.824116961019758, 24.214758586098785, 24.44137705466194, 24.747572713099274, 26.299652554870114, 24.197390387594886, 24.444197357923674]",2026-04-30 13:42:16.635648
24.29474969098404,"[22.376326658480348, 24.556481949653325, 27.24421066813187, 23.158788349022878, 25.89478686217523, 23.731573680524164, 21.30692447349605, 26.13343727199167, 24.051120127063793, 24.493846869301063]",2026-04-30 13:44:41.670030
24.91212016196251,"[23.636373227977085, 24.462113385118702, 25.56324905428536, 24.66296361524733, 26.1889708693108, 24.449959704156274, 24.727505951042783, 24.96126648254212, 25.161447144270486, 25.30735218567416]",2026-04-30 13:47:15.501773
24.8357021175405,"[23.16217677092726, 21.23530094461898, 26.642004906921876, 22.669577327845847, 26.963215129486414, 25.262105593777317, 25.21296333118801, 25.053890111245746, 25.15416305167364, 27.00162400771992]",2026-04-30 13:48:31.588707
25.49220581802186,"[26.038622328523534, 28.744612003373003, 28.15691355750213, 25.39890044694705, 25.22452860355626, 25.495642935809897, 21.92132449557152, 25.021020389778087, 24.429081344038853, 24.49141207511827]",2026-04-30 13:53:26.060086
25.316393388072918,"[25.749815158541622, 25.785505183271017, 24.791378718437965, 24.641801195808583, 26.247913178485835, 24.857970339337268, 25.848667802362886, 23.538900300859403, 26.08271239318355, 25.619269610441044]",2026-04-30 13:55:02.161595
24.797007150990517,"[24.799859918174683, 21.12737869246683, 23.221849518357132, 25.138093410067224, 26.52436376799009, 25.18536899711639, 25.533544565255323, 25.23335473246887, 26.190310006111336, 25.015947901897274]",2026-04-30 13:56:01.199501
25.34062364818198,"[26.58111476240061, 25.29994635336817, 26.6538948185145, 26.976789107055467, 24.712187037642728, 24.481754058193204, 25.29919562516181, 25.98187133411301, 23.21801471751924, 24.20146866785106]",2026-04-30 13:56:58.377703
25.359270113631844,"[25.710797581762417, 25.69426127127097, 25.210792306375023, 25.30404492357587, 26.208733282094443, 24.009586596295705, 26.019570064043204, 25.027695783829234, 25.80165598468352, 24.605563342388063]",2026-04-30 13:58:30.788267
24.361446819631258,"[26.201692668915875, 24.543232611308643, 23.979111089107786, 22.22758102386342, 26.5543117364384, 22.734951551653754, 25.43643685726506, 23.860962701387912, 23.476610149683033, 24.599577806688703]",2026-04-30 14:06:25.596212
25.542439680003117,"[27.551035315066425, 28.65620868458621, 25.34318424006421, 24.690720268931134, 26.57975533564855, 24.699039149055665, 24.77084528749644, 22.403129684442558, 26.289406129350876, 24.441072705389093]",2026-04-30 14:20:04.642246
23.763063685288245,"[21.446458470121424, 22.38866294900648, 23.96257477861634, 26.641802007406643, 24.250550060585795, 21.933315856921755, 23.90661509231522, 23.4564216479174, 25.04889878317103, 24.595337206820343]",2026-04-30 14:30:31.968221
25.94413608227007,"[29.457702349657545, 29.862770941867662, 27.53932801303751, 25.252975115591852, 24.83559052280712, 25.552028711093005, 24.313773549532236, 22.96652076838858, 25.721855605342586, 23.938815245382617]",2026-04-30 14:42:54.249409
24.854015827785386,"[23.994774931683732, 25.015542102866807, 25.05831332067781, 24.64464178902184, 24.735013233106386, 24.896399507522297, 25.912844919030917, 22.139157415125105, 25.433819453518563, 26.709651605300383]",2026-04-30 14:46:56.395831
24.821391614731155,"[25.48184576877409, 24.43545238881715, 25.25894036133969, 25.48328635533224, 25.999097502956246, 24.071146309217237, 24.876353035417328, 23.127744723192308, 23.628764496155867, 25.851285206109385]",2026-04-30 14:48:38.234301
12.481607158944175,"[24.600835783683145, 25.17828780403478, 25.055756786785885, 24.33323161304303, 19.913390312927863, 4.397096264457605, 1.3157424864280514, 0.020066762056492094, -0.04741761670983016, 0.049081392734736475]",2026-04-30 14:50:22.810905
24.786054635158266,"[25.57854767773389, 22.489564877931592, 26.531749310344548, 25.185348707164867, 25.465289168331118, 24.779752576215145, 24.138529238225946, 25.754339817731307, 23.873725080896037, 24.063699897008206]",2026-04-30 14:55:51.046891
24.28361456558808,"[23.31205864282949, 22.934685834448604, 24.37539413230834, 25.714388903182034, 24.11263926008228, 25.346897301192968, 26.120025614034805, 24.795741058015462, 24.395744953686158, 21.72856995610066]",2026-04-30 14:56:52.545343
24.728601608425038,"[23.647999370199905, 24.340089616657888, 26.145002544359922, 24.871706636518503, 23.913270196414846, 26.85013922964735, 24.082082593088266, 25.493553070803003, 23.290855643487696, 24.651317183072987]",2026-04-30 14:57:54.856136
24.02400057785782,"[24.339014249227155, 22.638655441724417, 28.09452195656814, 24.463533681725327, 23.859522114829765, 25.197867607254715, 22.06335415623425, 24.07698981525593, 22.272929065517875, 23.233617690240617]",2026-04-30 15:15:17.176796
26.075436416567314,"[26.87434514181459, 26.754309788603052, 29.391151308661293, 26.18529838808509, 24.735398742185325, 24.990524592638643, 24.99176227968156, 25.93920156605962, 25.494324088960887, 25.398048268983075]",2026-04-30 15:19:42.615645
23.852392225864495,"[24.992715907403156, 24.574397976848353, 23.973937151469357, 23.92591083621383, 25.086739542761883, 24.051444766288164, 24.764007573833105, 23.090553242050195, 20.363948976453106, 23.70026628532379]",2026-04-30 15:35:26.694291
26.587934215107573,"[26.008877259590452, 31.179832275144726, 33.69485292625739, 25.705055525481338, 25.16335439971367, 25.864149035375124, 24.018392435256796, 25.04897994297712, 24.907680720569225, 24.288167630709896]",2026-04-30 15:47:50.224941
25.10466368593752,"[26.849895750229074, 23.665955977297976, 24.784135205744168, 26.00037576990221, 25.294894155438882, 25.736078861360387, 24.968388255526783, 24.328077965356126, 23.713454753813902, 25.705380164705712]",2026-04-30 15:54:33.364001
25.073656582019694,"[25.19198352131297, 26.787443279440517, 24.696584064921353, 25.7436875931816, 25.506295160359603, 25.745391949109553, 22.563501461282307, 26.26418571960748, 23.172768125622394, 25.06472494535916]",2026-04-30 16:14:41.822297
26.65745570500683,"[29.31859444201416, 28.87773437531703, 31.460503174565815, 24.79890629045309, 25.78116313364504, 25.64110159828006, 26.304461273381126, 23.219191534707583, 25.677745250731046, 25.49515597697334]",2026-04-30 16:21:18.653277
24.920424839120976,"[23.892452706151996, 25.341703073603018, 26.06353838899408, 23.47872030464145, 24.201265768335826, 25.84124168010538, 24.31424021841727, 26.162046103639447, 23.58887445146116, 26.32016569586012]",2026-04-30 16:37:03.032839
24.24752685780883,"[23.948737031677485, 24.948260623615717, 26.240750825598127, 23.868104764324098, 26.274168375756915, 22.016362628506407, 24.515962916461397, 25.234166330529803, 23.735895440198615, 21.692859641419744]",2026-04-30 16:39:49.213245
23.128075449402136,"[24.08938697563664, 25.48708057626709, 19.928587486618778, 21.952713050577977, 18.41708754789443, 28.076220420294174, 22.287659570323754, 25.318876878139363, 21.972921842295136, 23.750220145974026]",2026-04-30 16:50:05.319692
22.988953338792683,"[19.992155904741114, 22.30086832876539, 25.59867530964495, 21.341559420746233, 25.362540853817393, 22.245984009895004, 22.61386112096301, 19.823100028649414, 23.366719772233118, 27.24406863847121]",2026-05-01 17:30:54.904593
23.180050189224087,"[27.42381731901566, 25.403161336766935, 25.71349614531501, 23.533462593851173, 24.24864280514261, 23.865325040965413, 20.518051158272172, 20.33118070474306, 20.48544520617431, 20.277919581994535]",2026-05-01 17:32:14.005984
24.254851530308724,"[26.856368244764987, 25.959450937679822, 29.88241161494217, 19.86757560238837, 24.17943378049681, 24.505899100505868, 19.753404045167056, 19.977019600904768, 26.219182607128914, 25.347769769108467]",2026-05-01 17:32:38.738287
25.430881468537997,"[29.785628546176277, 26.279707532522764, 28.157826605320675, 25.998225035040747, 25.394578687272602, 24.968875214363337, 24.927037334322403, 24.621003995497254, 22.635388759529175, 21.540542975334724]",2026-05-01 17:33:22.939398
23.441906216597665,"[21.72288876967415, 27.046079291507358, 25.439541219848117, 25.323726176553418, 20.740104387742598, 22.60337121602549, 23.27606426882725, 22.27069717085032, 23.21547847357883, 22.781111191369142]",2026-05-01 17:34:03.381249
24.640364667240735,"[25.454129694993334, 27.37347794928648, 26.014842505338287, 25.81780678609603, 21.84582558595351, 22.934381485175756, 24.730813213141072, 24.196761399097664, 22.525701281594497, 25.50990677173074]",2026-05-01 17:35:07.573876
24.423830304584637,"[25.585547711009408, 28.209302212335157, 20.439001507137597, 27.520701837539168, 24.050450558663528, 25.57850709783084, 23.5250219740175, 23.20054506925772, 24.246512360232668, 21.882712717822777]",2026-05-01 17:35:31.467394
27.875134826727873,"[24.29693288976794, 28.66359422694067, 30.080360382002976, 27.590823910003515, 27.90466888016511, 27.515629349658358, 29.222054852666545, 28.440709109457796, 28.075976940875893, 26.960597725739913]",2026-05-01 17:36:18.102144
24.046080103105417,"[29.545699869413873, 26.02973532975635, 26.641132439006377, 26.315458427106726, 23.31855142731693, 21.29582587001283, 20.60466896132492, 20.6755214720441, 22.858030397593776, 23.176176837478298]",2026-05-01 17:38:18.517124
25.825975520579288,"[27.68143883350634, 26.06012967713818, 27.931755965448648, 27.452568180324104, 26.023912113669176, 25.50491544365602, 26.029451270435025, 24.82363974135993, 24.357478105113312, 22.39446587514213]",2026-05-01 17:41:41.411511
25.777695580929716,"[26.68118480331327, 27.83556130527693, 24.623438789680044, 27.788508907694517, 27.64315169498197, 26.327206309038687, 25.296476771657698, 24.857158741276336, 24.60949959298357, 22.11476889339416]",2026-05-01 17:43:08.924195
24.30839874137373,"[25.034208858268194, 26.785049065160774, 24.41788129079802, 25.03922047629444, 25.292520231110664, 23.882510629905603, 23.42150264134589, 24.16500762496378, 23.67938792520637, 21.366698670683537]",2026-05-01 17:44:06.950421
24.719063302213957,"[26.382435557084968, 27.262045535520805, 26.63435559519761, 26.543801541549357, 25.15619204682596, 21.976472583811706, 25.137910800503516, 21.71613221581691, 23.038266036974786, 23.343021108853964]",2026-05-01 17:46:19.740511
24.66332883437475,"[25.803421210466045, 25.322914578492487, 26.440566268199074, 24.22802821439499, 25.98519888616282, 25.017205878891712, 22.08547020339459, 23.911951349565836, 23.687280716348912, 24.15125103783102]",2026-05-01 17:47:55.236426
24.275153655802885,"[28.27729383988956, 23.48598410728677, 29.003998743646203, 24.49035699763906, 25.054458229888397, 22.784763382643327, 22.99413539241172, 22.624817694785563, 21.963060925854837, 22.07266724398342]",2026-05-01 17:49:24.589250
24.91035899417029,"[24.080885485948397, 27.240964275888153, 27.462408806812878, 25.23834606054359, 26.800246238851685, 25.130241198827726, 24.609459013080528, 22.1991142218763, 22.292468288834765, 24.049456351038884]",2026-05-01 17:57:40.859884
24.066637881988772,"[25.792160287370642, 23.381470566990522, 25.90903040814455, 26.923568564209987, 24.5990502679491, 23.063121227590763, 22.737690695109393, 21.722909059625675, 23.62450360633598, 22.91287413656111]",2026-05-01 17:59:59.301001
26.67842942789641,"[27.081931635848935, 25.89584193965444, 25.172829807075026, 28.92608532979693, 25.69714244438727, 27.487182837622765, 27.6436995236731, 26.25811902410203, 27.042508260039263, 25.57895347676435]",2026-05-01 18:05:13.925420
26.29086091887509,"[26.271794451428697, 26.267290082190534, 26.398687808255087, 28.787423801087055, 25.50491544365602, 27.254802022827004, 25.070811930816134, 26.52347101012306, 26.203559344456014, 24.625853293911312]",2026-05-01 18:06:16.092835
27.133334199037932,"[26.063518099042557, 25.93331748011788, 27.908057302069494, 27.616145769504527, 26.941748360774817, 27.153900093901896, 27.28742826487639, 27.409594062997865, 27.376724341530203, 27.642908215563693]",2026-05-01 18:07:20.466131
25.28274047447646,"[26.560256692234713, 27.74748262571451, 28.23007912269496, 23.893933872613193, 26.505189763800615, 21.98964076235029, 25.38871489128238, 23.818658152461943, 24.17604535859243, 24.51740350301955]",2026-05-01 18:08:56.195837
26.25847206925853,"[30.23894664310868, 24.71880156183931, 28.177507858298224, 28.548367592240147, 28.27530542464028, 21.558296682917565, 25.048371244431422, 25.222986567240493, 23.88054250460785, 26.915594613261348]",2026-05-01 18:09:37.827516
25.911201432957537,"[22.719592058350653, 27.129470992267905, 27.375973613323843, 27.72017235096422, 26.763562006497654, 27.396466464362323, 25.486309558109202, 24.251239918937586, 25.44339631063753, 24.825831056124443]",2026-05-01 18:14:02.898083
25.589279033094535,"[26.85500881801293, 25.814661843609922, 27.862973029784836, 27.865570143579813, 25.40748309644139, 27.317011014197284, 25.193140048549797, 23.754704225260667, 22.109594955755732, 23.71264315575297]",2026-05-01 18:16:19.499861
24.58011771418276,"[25.533869204479696, 26.647686093348383, 26.49601870571211, 26.48498097208346, 20.63942564828424, 25.527843088877294, 26.047773096660517, 25.396830871891684, 24.308274972669437, 18.718474487820753]",2026-05-01 18:17:29.247062
25.55410031514353,"[26.96301222997118, 26.34625857351902, 27.185633578084254, 26.454606914653162, 24.756743771187782, 19.99927767772577, 25.291363703873838, 25.966552420712958, 26.831857983324905, 25.745696298382406]",2026-05-01 18:19:36.391548
24.596390255304403,"[26.17123745167948, 26.647057104851164, 27.633250198638624, 25.028081292908173, 24.999026082326886, 25.840775011220344, 17.845073234551027, 24.872944323561423, 24.02744175363616, 22.899016099670735]",2026-05-01 18:24:02.938619
25.79948090188023,"[26.83439422726531, 24.676354983252676, 27.701221536241505, 24.82589192597901, 25.644916109166434, 25.46273263443919, 26.03460491812193, 26.106877725447738, 26.760457643914595, 23.947357314973903]",2026-05-01 18:25:30.783337
26.546094306071485,"[26.08344283143839, 29.33967570164681, 27.36457066056778, 25.853537390728466, 26.307748245527893, 27.166784213119158, 23.31569054415215, 26.509166594299174, 26.89753655640566, 26.62279032282936]",2026-05-01 18:27:33.190020
26.430453756359885,"[27.567023796866746, 23.008115169011237, 25.47553559385036, 26.286910465313518, 27.98292722319028, 28.184162962397853, 25.35623067889366, 29.24143175637125, 24.458988732584118, 26.743211185119836]",2026-05-01 18:28:16.868408
26.152613305176292,"[26.25099725111737, 26.288229312162528, 27.65132854544584, 27.429255026023892, 24.367907140196262, 25.708038148355257, 26.118280678203803, 25.282902794088645, 26.631109202953894, 25.79808495321543]",2026-05-01 18:30:30.005264
26.72712936954251,"[25.200485011001213, 25.61099131021956, 27.16761610113161, 27.35982281191134, 27.591209419082453, 27.472959581604968, 27.22252070995352, 27.16650015379783, 27.65790248973937, 24.821286106983234]",2026-05-01 18:33:25.842457
27.727716154940563,"[32.02192613321409, 30.043696439600467, 28.747817815713674, 27.79244515829003, 27.550345456714634, 27.321190744211073, 26.022958485947587, 26.49364478138389, 26.383551504418744, 24.899585029911446]",2026-05-01 18:38:45.644353
25.952655832914683,"[26.76137069173314, 27.271216593609317, 27.390562088469057, 25.127907854402554, 26.579511856230273, 26.95775713252666, 24.859715275168263, 24.44369010913559, 26.08959068674993, 24.045236041122052]",2026-05-01 18:39:29.577922
26.947206357734572,"[29.29692477378733, 25.059327818253976, 28.51752686592481, 27.184517630750477, 27.525368526389517, 23.96691682824231, 28.3763899631291, 27.395979505525766, 25.71873095280801, 26.430380712534404]",2026-05-01 18:42:37.003312
26.216757957921885,"[27.294915256988467, 26.847643565609992, 27.096986779879185, 26.32118019343628, 26.554291446486875, 25.17305299654178, 27.049001044526705, 25.326729089378862, 24.347840378139768, 26.15593882823095]",2026-05-01 18:44:02.417935
27.387267000341684,"[29.71635865167591, 31.361873720211307, 26.790243292750723, 27.855952706557794, 26.87893067085884, 26.418267611475024, 24.404124703665257, 26.678465949809155, 26.528502918100827, 27.239949778311992]",2026-05-01 18:46:47.205548
26.15687216600102,"[26.600329346493126, 27.207932234808304, 26.947186067783047, 26.37028187612254, 24.686804308287144, 26.1553707095883, 26.23602326689321, 25.17179501954734, 26.630419344602103, 25.56257948588509]",2026-05-01 18:48:15.922656
23.71521592160612,"[24.600085055476786, 24.378863714018813, 26.04205133033096, 25.228972102939853, 23.414218548749044, 22.307706042428723, 24.57431681704226, 22.29819005516432, 22.035151123616934, 22.272604426293505]",2026-05-01 18:49:56.129694
24.59190211802746,"[26.867142209023832, 23.64089788716677, 27.994106986479586, 25.160452936645843, 26.017094689957368, 23.555152552029522, 24.17499028111322, 22.62043506525654, 23.113359147562324, 22.775389425039588]",2026-05-01 18:51:18.423613
26.027030679218303,"[26.141086583715936, 25.703330879601864, 26.28879743080518, 26.321058453727144, 24.906382163671733, 27.055940207947657, 26.765834481068257, 24.48211927732062, 26.126863327698135, 26.47889398662649]",2026-05-01 18:52:24.531688
26.67716333492136,"[28.35403043655048, 27.31291244398959, 26.44892572822665, 28.210844248650922, 26.452476469743218, 26.877530664203736, 26.913261268836177, 25.717452685862042, 24.293727077427267, 26.19047232572352]",2026-05-01 18:54:06.584477
25.986878894148948,"[26.387061666032267, 26.6912486192688, 25.737215098645684, 26.517688373938938, 25.66445533248332, 25.7680355350095, 25.220774962524462, 26.18615056604907, 25.734658564753758, 25.96150022278367]",2026-05-01 18:55:36.595233
24.610664236201007,"[23.092338757784237, 25.639681301673434, 29.388391875254133, 23.64164861537313, 21.71400177090697, 21.568888037612698, 23.518468319675492, 23.65587187139092, 27.249973014364475, 26.637378797974574]",2026-05-01 18:57:09.416042
23.287300843980823,"[23.10140836611513, 22.91628284841702, 25.374795984537432, 22.046452626615384, 25.800682067010406, 22.363381669408515, 22.158676348490467, 25.58185493983218, 20.671767831012296, 22.857705758369402]",2026-05-01 18:59:02.804828
26.646030433304087,"[30.295494738003974, 28.273661938566896, 27.041270572996346, 27.59230507646471, 25.475251534529033, 26.779063529461414, 24.445232145451357, 25.589463671653395, 25.57097952581572, 25.39758160009804]",2026-05-01 19:00:04.159974
25.371935101372657,"[28.176432490867494, 26.647726673251434, 28.758896129245368, 25.037272640948206, 27.352640169072107, 25.907934750762294, 26.292165562758036, 21.62703903867833, 21.675247963497565, 22.243995594645725]",2026-05-01 19:04:45.136217
25.55793511598142,"[26.75106339635933, 26.78072730548632, 25.823609712231676, 23.583741093725777, 26.215611575660823, 26.235353698492943, 25.39541057528505, 24.521867292354663, 25.926743535824347, 24.34522297439327]",2026-05-01 19:05:28.251889
25.397287395800955,"[26.509856452650965, 24.976869455263497, 27.79157269037453, 24.581154530705597, 27.62795452129106, 22.179818477977694, 25.729200567794003, 23.580839630657955, 25.200728490419493, 25.794879140874755]",2026-05-01 19:06:38.350362
23.093442531147105,"[27.884886177429944, 24.521380333518106, 23.969189302812918, 21.232358901648112, 22.934300325369662, 21.26788660676532, 20.829096115123562, 22.293949455295962, 22.553701414696583, 23.44767667881088]",2026-05-01 19:08:07.223489
25.993420374520042,"[30.05477475313216, 25.94709435720216, 29.478945928902384, 25.137220942151725, 27.820242391876878, 24.6992420485709, 28.166774473942425, 24.257692123521977, 25.648487140634522, 18.723729585265275]",2026-05-01 19:08:55.706581
26.09212287270003,"[26.294823546407585, 26.26231904406734, 26.148898215052387, 26.15194170778087, 26.092248670399478, 26.458827224569994, 25.509399522942658, 26.096306660704126, 25.797171905396883, 26.109292229679003]",2026-05-01 19:19:58.974216
