Date_Time,amount_consumed,latency_to_consumption,Type,Frame
2026-08-19 18:21:05.626848,,,initialize,0
2026-08-19 18:21:45.644115,,,initialize,0
2026-08-19 18:28:22.035712,,,block_start,0
2026-08-19 18:28:39.366650,,,start,0
2026-08-19 18:29:51.820936,,,drink,0
2026-08-19 18:29:51.844550,,,start,0
2026-08-19 18:30:45.497199,,,drink,0
2026-08-19 18:31:20.606043,,,start,0
2026-08-19 18:33:33.050189,,,exit,0
2026-08-19 18:33:38.641413,,,block_end,0
2026-08-19 18:33:38.672055,,,imaging_stop,0
2026-08-19 19:03:23.989836,,,block_start,0
2026-08-19 19:03:29.142191,,,start,0
2026-08-19 19:06:42.409730,,,drink,0
2026-08-19 19:06:50.648541,,,start,0
2026-08-19 19:08:35.709789,,,exit,0
2026-08-19 19:08:40.299907,,,block_end,0
2026-08-19 19:08:40.330530,,,imaging_stop,0
2026-08-19 19:35:56.856089,,,block_start,0
2026-08-19 19:36:02.759531,,,start,0
2026-08-19 19:40:12.016253,,,exit,0
2026-08-19 19:40:15.109833,,,block_end,0
2026-08-19 19:40:15.140309,,,imaging_stop,0
2026-08-20 11:06:30.083118,,,initialize,0
2026-08-20 14:38:42.126034,,,initialize,0
2026-08-20 14:43:50.840591,,,block_start,0
2026-08-20 14:45:27.530777,,,initialize,0
2026-08-20 15:06:45.068917,,,initialize,0
2026-08-20 15:07:12.216238,,,block_start,0
2026-08-20 15:07:15.519932,,,start,0
2026-08-20 15:07:15.521583,,,start,0
2026-08-20 15:10:15.263732,,,exit,0
2026-08-20 15:10:21.866941,,,block_end,0
2026-08-20 15:10:21.897688,,,imaging_stop,0
2026-08-20 15:36:14.256670,,,block_start,0
2026-08-20 15:36:19.395936,,,start,0
2026-08-20 15:36:19.397800,,,start,0
2026-08-20 15:40:56.886582,,,exit,0
2026-08-20 15:41:03.482388,,,block_end,0
2026-08-20 15:41:03.513130,,,imaging_stop,0
2026-08-20 15:48:38.178774,,,block_start,0
2026-08-20 15:48:44.971771,,,start,0
2026-08-20 15:53:03.616576,,,exit,0
2026-08-20 15:53:04.705835,,,block_end,0
2026-08-20 15:53:04.737027,,,imaging_stop,0
2026-08-20 15:56:11.367705,,,block_start,0
2026-08-20 15:56:16.170760,,,start,0
2026-08-20 15:56:16.172308,,,exit,0
2026-08-20 15:56:19.762833,,,block_end,0
2026-08-20 15:56:19.792926,,,imaging_stop,0
2026-08-20 17:02:15.949167,,,block_start,0
2026-08-20 17:02:27.052539,,,start,0
2026-08-20 17:03:54.306618,,,exit,0
2026-08-20 17:03:55.398781,,,block_end,0
2026-08-20 17:03:55.429404,,,imaging_stop,0
2026-08-20 17:10:14.446638,,,block_start,0
2026-08-20 17:10:17.664317,,,start,0
2026-08-20 17:10:17.666350,,,start,0
2026-08-20 17:20:28.119210,,,exit,0
2026-08-20 17:20:29.207442,,,block_end,0
2026-08-20 17:20:29.238422,,,imaging_stop,0
2026-08-20 17:23:38.374823,,,block_start,0
2026-08-20 17:23:44.016137,,,start,0
2026-08-20 17:35:00.634113,,,exit,0
2026-08-20 17:35:01.719556,,,block_end,0
2026-08-20 17:35:01.751322,,,imaging_stop,0
2026-08-20 17:46:22.362877,,,block_start,0
2026-08-20 17:46:26.441706,,,start,0
2026-08-20 17:46:26.443261,,,start,0
2026-08-20 17:46:57.856002,,,exit,0
2026-08-20 17:47:10.469303,,,block_end,0
2026-08-20 17:47:10.499514,,,imaging_stop,0
2026-08-20 17:50:29.657168,,,block_start,0
2026-08-20 17:50:33.129659,,,start,0
2026-08-20 17:50:33.131475,,,start,0
2026-08-20 17:54:25.469594,,,exit,0
2026-08-20 17:54:26.557372,,,block_end,0
2026-08-20 17:54:26.588396,,,imaging_stop,0
2026-08-20 18:06:59.343102,,,block_start,0
2026-08-20 18:07:03.654828,,,start,0
2026-08-20 18:07:03.656744,,,start,0
2026-08-20 18:08:40.365823,,,exit,0
2026-08-20 18:08:41.454836,,,block_end,0
2026-08-20 18:08:41.485504,,,imaging_stop,0
2026-08-20 18:54:29.725823,,,block_start,0
2026-08-20 18:54:44.467295,,,start,0
2026-08-20 18:56:01.010894,,,eat,0
2026-08-20 18:56:01.012387,,,start,0
2026-08-20 18:56:01.013670,,,eat,0
2026-08-20 18:56:01.015009,,,start,0
2026-08-20 18:56:01.016659,,,eat,0
2026-08-20 18:56:01.017941,,,start,0
2026-08-20 18:56:01.019656,,,eat,0
2026-08-20 18:56:01.020843,,,start,0
2026-08-20 18:56:01.022664,,,eat,0
2026-08-20 18:56:01.023886,,,start,0
2026-08-20 18:56:01.025694,,,eat,0
2026-08-20 18:56:01.027579,,,start,0
2026-08-20 18:56:01.029655,,,eat,0
2026-08-20 18:56:01.030944,,,start,0
2026-08-20 18:56:01.032664,,,eat,0
2026-08-20 18:56:01.033999,,,start,0
2026-08-20 18:56:01.035624,,,eat,0
2026-08-20 18:56:01.036680,,,start,0
2026-08-20 18:56:01.037727,,,eat,0
2026-08-20 18:56:01.038748,,,start,0
2026-08-20 18:56:01.039757,,,eat,0
2026-08-20 18:56:01.040702,,,start,0
2026-08-20 18:56:01.042651,,,eat,0
2026-08-20 18:56:01.044076,,,start,0
2026-08-20 18:56:01.045657,,,eat,0
2026-08-20 18:56:01.046878,,,start,0
2026-08-20 18:56:01.048658,,,eat,0
2026-08-20 18:56:01.049838,,,start,0
2026-08-20 18:56:01.051652,,,eat,0
2026-08-20 18:56:01.052709,,,start,0
2026-08-20 18:56:01.053750,,,eat,0
2026-08-20 18:56:01.054811,,,start,0
2026-08-20 18:56:01.056644,,,eat,0
2026-08-20 18:56:01.057608,,,start,0
2026-08-20 18:56:01.059652,,,eat,0
2026-08-20 18:56:01.061212,,,start,0
2026-08-20 18:56:01.062618,,,eat,0
2026-08-20 18:56:01.063655,,,start,0
2026-08-20 18:56:01.065627,,,eat,0
2026-08-20 18:56:01.066876,,,start,0
2026-08-20 18:56:01.068646,,,eat,0
2026-08-20 18:56:01.069599,,,start,0
2026-08-20 18:56:01.070645,,,eat,0
2026-08-20 18:56:01.071607,,,start,0
2026-08-20 18:56:01.072642,,,eat,0
2026-08-20 18:56:01.073579,,,start,0
2026-08-20 18:56:01.074795,,,eat,0
2026-08-20 18:56:01.076296,,,start,0
2026-08-20 18:56:01.078690,,,eat,0
2026-08-20 18:56:01.079984,,,start,0
2026-08-20 18:56:01.081627,,,eat,0
2026-08-20 18:56:01.082997,,,start,0
2026-08-20 18:56:01.084654,,,eat,0
2026-08-20 18:56:01.085654,,,start,0
2026-08-20 18:56:01.086709,,,eat,0
2026-08-20 18:56:01.087687,,,start,0
2026-08-20 18:56:01.088675,,,eat,0
2026-08-20 18:56:01.089616,,,start,0
2026-08-20 18:56:01.090654,,,eat,0
2026-08-20 18:56:01.092020,,,start,0
2026-08-20 18:56:01.093686,,,eat,0
2026-08-20 18:56:01.095234,,,start,0
2026-08-20 18:56:01.096656,,,eat,0
2026-08-20 18:56:01.097764,,,start,0
2026-08-20 18:56:01.099664,,,eat,0
2026-08-20 18:56:01.100813,,,start,0
2026-08-20 18:56:01.102648,,,eat,0
2026-08-20 18:56:01.103630,,,start,0
2026-08-20 18:56:01.104644,,,eat,0
2026-08-20 18:56:01.105606,,,start,0
2026-08-20 18:56:01.106645,,,eat,0
2026-08-20 18:56:01.107652,,,start,0
2026-08-20 18:56:01.109672,,,eat,0
2026-08-20 18:56:01.111277,,,start,0
2026-08-20 18:56:01.112642,,,eat,0
2026-08-20 18:56:01.113693,,,start,0
2026-08-20 18:56:01.115636,,,eat,0
2026-08-20 18:56:01.116907,,,start,0
2026-08-20 18:56:01.118659,,,eat,0
2026-08-20 18:56:01.119687,,,start,0
2026-08-20 18:56:01.120716,,,eat,0
2026-08-20 18:56:01.121669,,,start,0
2026-08-20 18:56:01.122697,,,eat,0
2026-08-20 18:56:01.123652,,,start,0
2026-08-20 18:56:01.124862,,,eat,0
2026-08-20 18:56:01.126438,,,start,0
2026-08-20 18:56:01.128662,,,eat,0
2026-08-20 18:56:01.129858,,,start,0
2026-08-20 18:56:01.131660,,,eat,0
2026-08-20 18:56:01.132875,,,start,0
2026-08-20 18:56:01.134653,,,eat,0
2026-08-20 18:56:01.135698,,,start,0
2026-08-20 18:56:01.136760,,,eat,0
2026-08-20 18:56:01.137727,,,start,0
2026-08-20 18:56:01.138751,,,eat,0
2026-08-20 18:56:01.139694,,,start,0
2026-08-20 18:56:01.140674,,,eat,0
2026-08-20 18:56:01.142163,,,start,0
2026-08-20 18:56:01.144659,,,eat,0
2026-08-20 18:56:01.146018,,,start,0
2026-08-20 18:56:01.147674,,,eat,0
2026-08-20 18:56:01.148906,,,start,0
2026-08-20 18:56:01.150659,,,eat,0
2026-08-20 18:56:01.151706,,,start,0
2026-08-20 18:56:01.152762,,,eat,0
2026-08-20 18:56:01.153751,,,start,0
2026-08-20 18:56:01.154797,,,eat,0
2026-08-20 18:56:01.155796,,,start,0
2026-08-20 18:56:01.157698,,,eat,0
2026-08-20 18:56:01.159402,,,start,0
2026-08-20 18:56:01.161628,,,eat,0
2026-08-20 18:56:01.162856,,,start,0
2026-08-20 18:56:01.164636,,,eat,0
2026-08-20 18:56:01.165859,,,start,0
2026-08-20 18:56:01.167626,,,eat,0
2026-08-20 18:56:01.168615,,,start,0
2026-08-20 18:56:01.169618,,,eat,0
2026-08-20 18:56:01.170623,,,start,0
2026-08-20 18:56:01.171649,,,eat,0
2026-08-20 18:56:01.172586,,,start,0
2026-08-20 18:56:01.173649,,,eat,0
2026-08-20 18:56:01.174932,,,start,0
2026-08-20 18:56:01.176697,,,eat,0
2026-08-20 18:56:01.178293,,,start,0
2026-08-20 18:56:01.179656,,,eat,0
2026-08-20 18:56:01.180704,,,start,0
2026-08-20 18:56:01.182667,,,eat,0
2026-08-20 18:56:01.183840,,,start,0
2026-08-20 18:56:01.185652,,,eat,0
2026-08-20 18:56:01.186651,,,start,0
2026-08-20 18:56:01.187657,,,eat,0
2026-08-20 18:56:01.188602,,,start,0
2026-08-20 18:56:01.189648,,,eat,0
2026-08-20 18:56:01.190616,,,start,0
2026-08-20 18:56:01.192678,,,eat,0
2026-08-20 18:56:01.194361,,,start,0
2026-08-20 18:56:01.195770,,,eat,0
2026-08-20 18:56:01.196939,,,start,0
2026-08-20 18:56:01.198669,,,eat,0
2026-08-20 18:56:01.199930,,,start,0
2026-08-20 18:56:01.201657,,,eat,0
2026-08-20 18:56:01.202684,,,start,0
2026-08-20 18:56:01.203710,,,eat,0
2026-08-20 18:56:01.204680,,,start,0
2026-08-20 18:56:01.205692,,,eat,0
2026-08-20 18:56:01.206717,,,start,0
2026-08-20 18:56:01.207877,,,eat,0
2026-08-20 18:56:01.209488,,,start,0
2026-08-20 18:56:01.211666,,,eat,0
2026-08-20 18:56:01.212892,,,start,0
2026-08-20 18:56:01.214669,,,eat,0
2026-08-20 18:56:01.216051,,,start,0
2026-08-20 18:56:01.217638,,,eat,0
2026-08-20 18:56:01.218719,,,start,0
2026-08-20 18:56:01.219783,,,eat,0
2026-08-20 18:56:01.220777,,,start,0
2026-08-20 18:56:01.221788,,,eat,0
2026-08-20 18:56:01.222804,,,start,0
2026-08-20 18:56:01.223827,,,eat,0
2026-08-20 18:56:01.225116,,,start,0
2026-08-20 18:56:01.227720,,,eat,0
2026-08-20 18:56:01.229194,,,start,0
2026-08-20 18:56:01.230763,,,eat,0
2026-08-20 18:56:01.232129,,,start,0
2026-08-20 18:56:01.233663,,,eat,0
2026-08-20 18:56:01.234807,,,start,0
2026-08-20 18:56:01.236660,,,eat,0
2026-08-20 18:56:01.237669,,,start,0
2026-08-20 18:56:01.238756,,,eat,0
2026-08-20 18:56:01.239758,,,start,0
2026-08-20 18:56:01.240767,,,eat,0
2026-08-20 18:56:01.242112,,,start,0
2026-08-20 18:56:01.243770,,,eat,0
2026-08-20 18:56:01.245300,,,start,0
2026-08-20 18:56:01.246636,,,eat,0
2026-08-20 18:56:01.247920,,,start,0
2026-08-20 18:56:01.249647,,,eat,0
2026-08-20 18:56:01.250893,,,start,0
2026-08-20 18:56:01.252663,,,eat,0
2026-08-20 18:56:01.253674,,,start,0
2026-08-20 18:56:01.254762,,,eat,0
2026-08-20 18:56:01.255867,,,start,0
2026-08-20 18:57:21.590438,,,exit,0
2026-08-20 18:57:22.675367,,,block_end,0
2026-08-20 18:57:22.705960,,,imaging_stop,0
2026-08-20 19:02:53.337648,,,initialize,0
2026-08-20 19:03:10.473494,,,block_start,0
2026-08-20 19:03:17.015009,,,start,0
2026-08-20 19:08:52.120520,,,exit,0
2026-08-20 19:08:53.211209,,,block_end,0
2026-08-20 19:08:53.242100,,,imaging_stop,0
2026-08-20 19:11:58.366064,,,block_start,0
2026-08-20 19:12:10.345861,,,start,0
2026-08-20 19:12:23.370484,,,exit,0
2026-08-20 19:12:24.455369,,,block_end,0
2026-08-20 19:12:24.485729,,,imaging_stop,0
2026-08-20 19:33:58.321503,,,block_start,0
2026-08-20 19:34:10.567827,,,start,0
2026-08-20 19:34:37.019599,,,exit,0
2026-08-20 19:34:40.607945,,,block_end,0
2026-08-20 19:34:40.638330,,,imaging_stop,0
2026-08-21 13:36:46.246401,,,initialize,0
2026-08-21 13:39:31.261993,,,initialize,0
2026-08-21 13:46:36.242615,,,initialize,0
2026-08-21 14:00:29.996274,,,block_start,0
2026-08-21 14:01:08.351376,,,start,0
2026-08-21 14:03:36.992640,,,drink,0
2026-08-21 14:03:49.814531,,,start,0
2026-08-21 14:06:25.602121,,,drink,0
2026-08-21 14:06:31.916801,,,start,0
2026-08-21 14:13:34.428384,,,exit beam,0
2026-08-21 14:13:34.514989,,,exit,0
2026-08-21 14:13:35.517859,,,block_end,0
2026-08-21 14:13:35.549125,,,imaging_stop,0
2026-08-21 14:16:49.502673,,,initialize,0
2026-08-21 16:19:35.297132,,,block_start,0
2026-08-21 16:19:48.099159,,,start,0
2026-08-21 16:22:36.374508,,,drink,0
2026-08-21 16:23:10.669498,,,start,0
2026-08-21 16:36:47.663507,,,eat,0
2026-08-21 16:46:55.730285,,,start,0
2026-08-21 17:30:54.882080,,,exit beam,0
2026-08-21 17:30:56.973929,,,exit,0
2026-08-21 17:31:09.999824,,,block_end,0
2026-08-21 17:31:10.030586,,,imaging_stop,0
2026-08-21 17:50:10.903299,,,block_start,0
2026-08-21 17:50:19.143529,,,start,0
2026-08-21 17:53:12.427960,,,eat,0
2026-08-21 17:54:12.200357,,,start,0
2026-08-21 17:59:50.781869,,,eat,0
2026-08-21 18:07:59.537091,,,start,0
2026-08-21 18:08:30.892116,,,eat,0
2026-08-21 18:47:08.750666,,,start,0
2026-08-21 18:47:52.970150,,,eat,0
2026-08-21 18:50:25.911274,,,start,0
2026-08-21 18:55:24.616099,,,eat,0
2026-08-21 19:01:13.166712,,,start,0
2026-08-21 19:01:14.235972,,,eat,0
2026-08-21 19:01:14.237362,,,start,0
2026-08-21 19:01:14.238990,,,eat,0
2026-08-21 19:01:14.239864,,,start,0
2026-08-21 19:01:14.240969,,,eat,0
2026-08-21 19:01:14.241763,,,start,0
2026-08-21 19:01:14.242996,,,eat,0
2026-08-21 19:01:14.243816,,,start,0
2026-08-21 19:01:14.245004,,,eat,0
2026-08-21 19:01:14.245763,,,start,0
2026-08-21 19:01:14.246977,,,eat,0
2026-08-21 19:01:14.247795,,,start,0
2026-08-21 19:01:14.248968,,,eat,0
2026-08-21 19:01:14.249722,,,start,0
2026-08-21 19:01:14.250966,,,eat,0
2026-08-21 19:01:14.251732,,,start,0
2026-08-21 19:01:14.253004,,,eat,0
2026-08-21 19:01:14.253781,,,start,0
2026-08-21 19:01:14.254998,,,eat,0
2026-08-21 19:01:14.255773,,,start,0
2026-08-21 19:01:14.256998,,,eat,0
2026-08-21 19:01:14.257748,,,start,0
2026-08-21 19:01:14.258996,,,eat,0
2026-08-21 19:01:14.259741,,,start,0
2026-08-21 19:01:14.260999,,,eat,0
2026-08-21 19:01:14.261732,,,start,0
2026-08-21 19:01:14.262998,,,eat,0
2026-08-21 19:01:14.263771,,,start,0
2026-08-21 19:01:14.264997,,,eat,0
2026-08-21 19:01:14.265750,,,start,0
2026-08-21 19:01:14.267004,,,eat,0
2026-08-21 19:01:14.267829,,,start,0
2026-08-21 19:01:14.268999,,,eat,0
2026-08-21 19:01:14.269771,,,start,0
2026-08-21 19:01:14.271003,,,eat,0
2026-08-21 19:01:14.271775,,,start,0
2026-08-21 19:01:14.272966,,,eat,0
2026-08-21 19:01:14.273733,,,start,0
2026-08-21 19:01:14.274966,,,eat,0
2026-08-21 19:01:14.275725,,,start,0
2026-08-21 19:01:14.276966,,,eat,0
2026-08-21 19:01:14.277715,,,start,0
2026-08-21 19:01:14.278998,,,eat,0
2026-08-21 19:01:14.279761,,,start,0
2026-08-21 19:01:14.280998,,,eat,0
2026-08-21 19:01:14.281742,,,start,0
2026-08-21 19:01:14.282997,,,eat,0
2026-08-21 19:01:14.283752,,,start,0
2026-08-21 19:01:14.284997,,,eat,0
2026-08-21 19:01:14.285740,,,start,0
2026-08-21 19:01:14.287002,,,eat,0
2026-08-21 19:01:14.287821,,,start,0
2026-08-21 19:01:14.288999,,,eat,0
2026-08-21 19:01:14.289755,,,start,0
2026-08-21 19:01:14.290998,,,eat,0
2026-08-21 19:01:14.291765,,,start,0
2026-08-21 19:01:14.292998,,,eat,0
2026-08-21 19:01:14.293746,,,start,0
2026-08-21 19:01:14.294998,,,eat,0
2026-08-21 19:01:14.295762,,,start,0
2026-08-21 19:01:14.296998,,,eat,0
2026-08-21 19:01:14.297742,,,start,0
2026-08-21 19:01:14.298967,,,eat,0
2026-08-21 19:01:14.299719,,,start,0
2026-08-21 19:01:14.300968,,,eat,0
2026-08-21 19:01:14.301720,,,start,0
2026-08-21 19:01:14.302972,,,eat,0
2026-08-21 19:01:14.303748,,,start,0
2026-08-21 19:01:14.304999,,,eat,0
2026-08-21 19:01:14.305750,,,start,0
2026-08-21 19:01:14.307004,,,eat,0
2026-08-21 19:01:14.307808,,,start,0
2026-08-21 19:01:14.309,,,eat,0
2026-08-21 19:01:14.309754,,,start,0
2026-08-21 19:01:14.310999,,,eat,0
2026-08-21 19:01:14.311769,,,start,0
2026-08-21 19:01:14.312999,,,eat,0
2026-08-21 19:01:14.313749,,,start,0
2026-08-21 19:01:14.315,,,eat,0
2026-08-21 19:01:14.315761,,,start,0
2026-08-21 19:01:14.317001,,,eat,0
2026-08-21 19:01:14.317742,,,start,0
2026-08-21 19:01:14.318999,,,eat,0
2026-08-21 19:01:14.319754,,,start,0
2026-08-21 19:01:14.321005,,,eat,0
2026-08-21 19:01:14.321755,,,start,0
2026-08-21 19:01:14.323,,,eat,0
2026-08-21 19:01:14.323765,,,start,0
2026-08-21 19:01:14.324970,,,eat,0
2026-08-21 19:01:14.325725,,,start,0
2026-08-21 19:01:14.327051,,,eat,0
2026-08-21 19:01:14.327882,,,start,0
2026-08-21 19:01:14.328972,,,eat,0
2026-08-21 19:01:14.329735,,,start,0
2026-08-21 19:01:14.331001,,,eat,0
2026-08-21 19:01:14.331776,,,start,0
2026-08-21 19:01:14.332999,,,eat,0
2026-08-21 19:01:14.333745,,,start,0
2026-08-21 19:01:14.335,,,eat,0
2026-08-21 19:01:14.335765,,,start,0
2026-08-21 19:01:14.337002,,,eat,0
2026-08-21 19:01:14.337872,,,start,0
2026-08-21 19:01:14.339047,,,eat,0
2026-08-21 19:01:14.340406,,,start,0
2026-08-21 19:01:14.342037,,,eat,0
2026-08-21 19:01:14.343115,,,start,0
2026-08-21 19:01:14.346340,,,eat,0
2026-08-21 19:01:14.347974,,,start,0
2026-08-21 19:01:14.350010,,,eat,0
2026-08-21 19:01:14.351138,,,start,0
2026-08-21 19:01:14.353009,,,eat,0
2026-08-21 19:01:14.354363,,,start,0
2026-08-21 19:01:14.356066,,,eat,0
2026-08-21 19:01:14.357802,,,start,0
2026-08-21 19:01:14.359234,,,eat,0
2026-08-21 19:01:14.360539,,,start,0
2026-08-21 19:01:14.362030,,,eat,0
2026-08-21 19:01:14.363164,,,start,0
2026-08-21 19:01:14.365027,,,eat,0
2026-08-21 19:01:14.366094,,,start,0
2026-08-21 19:01:14.367998,,,eat,0
2026-08-21 19:01:14.369098,,,start,0
2026-08-21 19:01:14.371069,,,eat,0
2026-08-21 19:01:14.372443,,,start,0
2026-08-21 19:01:14.374182,,,eat,0
2026-08-21 19:01:14.375544,,,start,0
2026-08-21 19:01:14.377009,,,eat,0
2026-08-21 19:01:14.378149,,,start,0
2026-08-21 19:01:14.379998,,,eat,0
2026-08-21 19:01:14.381052,,,start,0
2026-08-21 19:01:14.382132,,,eat,0
2026-08-21 19:01:14.383160,,,start,0
2026-08-21 19:01:14.385026,,,eat,0
2026-08-21 19:01:14.386072,,,start,0
2026-08-21 19:01:14.387338,,,eat,0
2026-08-21 19:01:14.388896,,,start,0
2026-08-21 19:01:14.391056,,,eat,0
2026-08-21 19:01:14.392583,,,start,0
2026-08-21 19:01:14.394038,,,eat,0
2026-08-21 19:01:14.395122,,,start,0
2026-08-21 19:01:14.397032,,,eat,0
2026-08-21 19:01:14.398052,,,start,0
2026-08-21 19:01:14.399127,,,eat,0
2026-08-21 19:01:14.400183,,,start,0
2026-08-21 19:01:14.401996,,,eat,0
2026-08-21 19:01:14.403045,,,start,0
2026-08-21 19:01:14.405019,,,eat,0
2026-08-21 19:01:14.406545,,,start,0
2026-08-21 19:01:14.409067,,,eat,0
2026-08-21 19:01:14.410406,,,start,0
2026-08-21 19:01:14.412038,,,eat,0
2026-08-21 19:01:14.413107,,,start,0
2026-08-21 19:01:14.414200,,,eat,0
2026-08-21 19:01:14.415229,,,start,0
2026-08-21 19:01:14.417033,,,eat,0
2026-08-21 19:01:14.418040,,,start,0
2026-08-21 19:01:14.419088,,,eat,0
2026-08-21 19:01:14.420119,,,start,0
2026-08-21 19:01:14.422402,,,eat,0
2026-08-21 19:01:14.424308,,,start,0
2026-08-21 19:01:14.426049,,,eat,0
2026-08-21 19:01:14.427312,,,start,0
2026-08-21 19:01:14.429015,,,eat,0
2026-08-21 19:01:14.430114,,,start,0
2026-08-21 19:01:14.432016,,,eat,0
2026-08-21 19:01:14.433167,,,start,0
2026-08-21 19:01:14.435034,,,eat,0
2026-08-21 19:01:14.436092,,,start,0
2026-08-21 19:01:14.438082,,,eat,0
2026-08-21 19:01:14.439560,,,start,0
2026-08-21 19:01:14.442082,,,eat,0
2026-08-21 19:01:14.443368,,,start,0
2026-08-21 19:01:14.445043,,,eat,0
2026-08-21 19:01:14.446093,,,start,0
2026-08-21 19:01:14.447199,,,eat,0
2026-08-21 19:01:14.448274,,,start,0
2026-08-21 19:01:14.450003,,,eat,0
2026-08-21 19:01:14.451016,,,start,0
2026-08-21 19:01:14.452107,,,eat,0
2026-08-21 19:01:14.453160,,,start,0
2026-08-21 19:01:14.455040,,,eat,0
2026-08-21 19:01:14.456740,,,start,0
2026-08-21 19:01:14.459086,,,eat,0
2026-08-21 19:01:14.460322,,,start,0
2026-08-21 19:01:14.462041,,,eat,0
2026-08-21 19:01:14.463129,,,start,0
2026-08-21 19:01:14.465034,,,eat,0
2026-08-21 19:01:14.466055,,,start,0
2026-08-21 19:01:14.467125,,,eat,0
2026-08-21 19:01:14.468167,,,start,0
2026-08-21 19:01:14.470038,,,eat,0
2026-08-21 19:01:14.471431,,,start,0
2026-08-21 19:01:14.473235,,,eat,0
2026-08-21 19:01:14.474773,,,start,0
2026-08-21 19:01:14.476231,,,eat,0
2026-08-21 19:01:14.477414,,,start,0
2026-08-21 19:01:14.479046,,,eat,0
2026-08-21 19:01:14.480116,,,start,0
2026-08-21 19:02:50.287559,,,exit beam,0
2026-08-21 19:02:52.371523,,,exit,0
2026-08-21 19:03:00.892830,,,block_end,0
2026-08-21 19:03:00.924010,,,imaging_stop,0
2026-08-21 19:07:15.528501,,,block_start,0
2026-08-21 19:07:20.598190,,,start,0
2026-08-21 19:07:20.599723,,,start,0
2026-08-21 19:11:23.485551,,,eat,0
2026-08-21 19:13:44.963366,,,start,0
2026-08-21 19:14:35.651698,,,exit beam,0
2026-08-21 19:14:37.741341,,,exit,0
2026-08-21 19:14:41.242396,,,block_end,0
2026-08-21 19:14:41.272669,,,imaging_stop,0
2026-08-21 19:17:08.660072,,,block_start,0
2026-08-21 19:17:14.066236,,,start,0
2026-08-21 19:22:01.540468,,,exit beam,0
2026-08-21 19:22:03.625929,,,exit,0
2026-08-21 19:22:08.632907,,,block_end,0
2026-08-21 19:22:08.663612,,,imaging_stop,0
2026-08-21 19:27:39.918778,,,block_start,0
2026-08-21 19:27:45.109028,,,start,0
2026-08-21 19:34:52.979344,,,exit beam,0
2026-08-21 19:34:55.064922,,,exit,0
2026-08-21 19:34:58.579257,,,block_end,0
2026-08-21 19:34:58.609875,,,imaging_stop,0
2026-08-21 19:36:49.925442,,,block_start,0
2026-08-21 19:37:00.471019,,,start,0
2026-08-21 19:37:01.546362,,,exit beam,0
2026-08-21 19:37:05.637376,,,reentry,0
2026-08-21 19:37:06.163887,,,exit beam,0
2026-08-21 19:37:10.255861,,,reentry,0
2026-08-21 19:38:41.599375,,,exit beam,0
2026-08-21 19:38:43.689362,,,exit,0
2026-08-21 19:38:46.186875,,,block_end,0
2026-08-21 19:38:46.217644,,,imaging_stop,0
2026-08-21 19:39:45.436310,,,block_start,0
2026-08-21 19:39:45.555495,,,start,0
2026-08-21 19:39:45.557654,,,exit beam,0
2026-08-21 19:39:49.639488,,,reentry,0
2026-08-21 19:42:38.539098,,,initialize,0
2026-08-21 19:43:29.234719,,,block_start,0
2026-08-21 19:43:48.210105,,,start,0
2026-08-21 19:45:39.048134,,,exit beam,0
2026-08-21 19:45:41.138495,,,exit,0
2026-08-21 19:45:44.640872,,,block_end,0
2026-08-21 19:45:44.671359,,,imaging_stop,0
2026-08-21 19:47:10.941649,,,block_start,0
2026-08-21 19:47:16.723377,,,start,0
2026-08-21 19:47:16.725138,,,start,0
2026-08-21 19:49:56.539974,,,exit beam,0
2026-08-21 19:49:58.626399,,,exit,0
2026-08-21 19:50:03.633369,,,block_end,0
2026-08-21 19:50:03.663690,,,imaging_stop,0
2026-08-21 19:50:20.788982,,,block_start,0
2026-08-21 19:50:43.397057,,,start,0
2026-08-21 19:56:02.566783,,,exit beam,0
2026-08-21 19:56:04.651856,,,exit,0
2026-08-21 19:56:10.161357,,,block_end,0
2026-08-21 19:56:10.193035,,,imaging_stop,0
2026-08-21 20:00:09.263592,,,block_start,0
2026-08-21 20:00:13.895093,,,start,0
2026-08-21 20:00:13.897209,,,start,0
2026-08-21 20:03:49.333255,,,exit beam,0
2026-08-21 20:03:51.414489,,,exit,0
2026-08-21 20:04:03.450269,,,block_end,0
2026-08-21 20:04:03.481064,,,imaging_stop,0
2026-08-24 16:25:29.649074,,,initialize,0
2026-08-24 16:25:59.812242,,,block_start,0
2026-08-24 16:26:06.825534,,,start,0
2026-08-24 16:26:06.827278,,,start,0
2026-08-24 16:26:10.584641,,,drink,0
2026-08-24 16:26:10.618282,,,start,0
2026-08-24 16:26:58.610615,,,drink,0
2026-08-24 16:27:04.307039,,,start,0
2026-08-24 16:33:19.734636,,,exit beam,0
2026-08-24 16:33:21.824397,,,exit,0
2026-08-24 16:33:25.827819,,,block_end,0
2026-08-24 16:33:25.858529,,,imaging_stop,0
2026-08-24 17:22:46.366195,,,block_start,0
2026-08-24 17:22:51.149270,,,start,0
2026-08-24 17:24:29.861277,,,drink,0
2026-08-24 17:24:42.606654,,,start,0
2026-08-24 17:27:06.395126,,,drink,0
2026-08-24 17:27:17.310225,,,start,0
2026-08-24 17:32:22.706743,,,eat,0
2026-08-24 17:42:54.142144,,,start,0
2026-08-24 17:43:05.131733,,,exit beam,0
2026-08-24 17:43:07.221375,,,exit,0
2026-08-24 17:43:11.727344,,,block_end,0
2026-08-24 17:43:11.757613,,,imaging_stop,0
2026-08-24 17:45:12.594605,,,block_start,0
2026-08-24 17:45:19.760592,,,start,0
2026-08-24 17:46:23.534199,,,eat,0
2026-08-24 17:47:20.017733,,,start,0
2026-08-24 17:48:02.389046,,,exit beam,0
2026-08-24 17:48:04.472029,,,exit,0
2026-08-24 17:48:07.483828,,,block_end,0
2026-08-24 17:48:07.514403,,,imaging_stop,0
2026-08-24 17:49:42.796181,,,block_start,0
2026-08-24 17:49:58.549185,,,start,0
2026-08-24 17:50:07.461114,,,eat,0
2026-08-24 17:54:16.929917,,,start,0
2026-08-24 17:54:34.919362,,,exit beam,0
2026-08-24 17:54:37.004957,,,exit,0
2026-08-24 17:54:40.519338,,,block_end,0
2026-08-24 17:54:40.549795,,,imaging_stop,0
2026-08-24 17:55:12.212444,,,block_start,0
2026-08-24 17:55:36.545353,,,start,0
2026-08-24 17:55:46.376170,,,eat,0
2026-08-24 17:59:27.524102,,,start,0
2026-08-24 17:59:44.267218,,,eat,0
2026-08-24 18:02:32.760837,,,start,0
2026-08-24 18:02:55.668781,,,eat,0
2026-08-24 18:04:23.152886,,,start,0
2026-08-24 18:04:36.961825,,,exit beam,0
2026-08-24 18:13:01.024283,,,initialize,0
2026-08-24 18:13:47.712787,,,block_start,0
2026-08-24 18:13:51.630234,,,start,0
2026-08-24 18:14:01.305483,,,eat,0
2026-08-24 18:15:08.265337,,,start,0
2026-08-24 18:16:20.853896,,,eat,0
2026-08-24 18:16:38.843374,,,start,0
2026-08-24 18:18:10.432199,,,eat,0
2026-08-24 18:18:52.349585,,,start,0
2026-08-24 18:19:18.695666,,,eat,0
2026-08-24 18:21:32.960084,,,start,0
2026-08-24 18:22:27.032887,,,eat,0
2026-08-24 18:23:10.762253,,,start,0
2026-08-24 18:23:17.944655,,,exit beam,0
2026-08-24 18:23:20.029923,,,exit,0
2026-08-24 18:23:22.540760,,,block_end,0
2026-08-24 18:23:22.571011,,,imaging_stop,0
2026-08-24 18:24:19.282244,,,block_start,0
2026-08-24 18:24:22.358799,,,start,0
2026-08-24 18:24:22.360864,,,start,0
2026-08-24 18:24:49.282697,,,eat,0
2026-08-24 18:25:33.529140,,,start,0
2026-08-24 18:25:47.752561,,,eat,0
2026-08-24 18:26:26.772403,,,start,0
2026-08-24 18:28:01.603371,,,exit beam,0
2026-08-24 18:28:03.696345,,,exit,0
2026-08-24 18:28:07.699800,,,block_end,0
2026-08-24 18:28:07.729970,,,imaging_stop,0
2026-08-24 18:28:55.424287,,,block_start,0
2026-08-24 18:28:59.019162,,,start,0
2026-08-24 18:30:48.280631,,,exit beam,0
2026-08-24 18:30:50.365973,,,exit,0
2026-08-24 18:30:52.374278,,,block_end,0
2026-08-24 18:30:52.404491,,,imaging_stop,0
2026-08-24 18:31:09.532336,,,block_start,0
2026-08-24 18:31:13.062161,,,start,0
2026-08-24 18:31:13.064309,,,start,0
2026-08-24 18:32:13.587482,,,eat,0
2026-08-24 18:33:00.528848,,,start,0
2026-08-24 18:34:27.837266,,,eat,0
2026-08-24 18:35:41.271398,,,start,0
2026-08-24 18:36:22.665225,,,exit beam,0
2026-08-24 18:36:24.752430,,,exit,0
2026-08-24 18:36:26.760743,,,block_end,0
2026-08-24 18:36:26.790976,,,imaging_stop,0
2026-08-24 18:36:46.933322,,,block_start,0
2026-08-24 18:36:52.536237,,,start,0
2026-08-24 18:36:52.537830,,,start,0
2026-08-24 18:37:03.062162,,,exit beam,0
2026-08-24 18:37:05.145014,,,exit,0
2026-08-24 18:37:17.170358,,,block_end,0
2026-08-24 18:37:17.200792,,,imaging_stop,0
2026-08-24 18:38:05.398375,,,block_start,0
2026-08-24 18:38:08.059189,,,start,0
2026-08-24 18:38:20.196430,,,eat,0
2026-08-24 18:39:23.169497,,,start,0
2026-08-24 18:39:40.753454,,,eat,0
2026-08-24 18:41:14.814160,,,start,0
2026-08-24 18:41:24.576375,,,exit beam,0
2026-08-24 18:41:26.669306,,,exit,0
2026-08-24 18:41:30.672820,,,block_end,0
2026-08-24 18:41:30.703011,,,imaging_stop,0
2026-08-24 18:43:34.550910,,,block_start,0
2026-08-24 18:43:37.416481,,,start,0
2026-08-24 18:43:37.418013,,,start,0
2026-08-24 18:43:41.789737,,,eat,0
2026-08-24 18:45:15.971342,,,start,0
2026-08-24 18:45:18.944727,,,exit beam,0
2026-08-24 18:45:21.032896,,,exit,0
2026-08-24 18:45:28.550762,,,block_end,0
2026-08-24 18:45:28.580906,,,imaging_stop,0
2026-08-24 18:47:53.461712,,,block_start,0
2026-08-24 18:48:07.732172,,,start,0
2026-08-24 18:48:07.733963,,,start,0
2026-08-24 18:48:10.893760,,,eat,0
2026-08-24 18:49:10.131357,,,start,0
2026-08-24 18:49:28.670111,,,eat,0
2026-08-24 18:50:59.555417,,,start,0
2026-08-24 18:51:14.341395,,,exit beam,0
2026-08-24 18:51:16.429842,,,exit,0
2026-08-24 18:51:58.510863,,,block_end,0
2026-08-24 18:51:58.541677,,,imaging_stop,0
2026-08-24 18:53:27.815786,,,block_start,0
2026-08-24 18:53:37.082983,,,start,0
2026-08-24 18:53:41.236206,,,eat,0
2026-08-24 18:56:18.511263,,,start,0
2026-08-24 18:56:50.193964,,,eat,0
2026-08-24 18:57:23.092703,,,start,0
2026-08-24 18:57:31.626840,,,exit beam,0
2026-08-24 18:57:33.713403,,,exit,0
2026-08-24 18:57:55.755807,,,block_end,0
2026-08-24 18:57:55.786509,,,imaging_stop,0
2026-08-24 19:01:28.809318,,,block_start,0
2026-08-24 19:01:31.119593,,,start,0
2026-08-24 19:02:37.120327,,,exit beam,0
2026-08-24 19:02:39.202958,,,exit,0
2026-08-24 19:02:44.712402,,,block_end,0
2026-08-24 19:02:44.742664,,,imaging_stop,0
2026-08-24 19:03:58.992907,,,block_start,0
2026-08-24 19:04:01.436606,,,start,0
2026-08-24 19:04:10.000262,,,exit beam,0
2026-08-24 19:04:12.082961,,,exit,0
2026-08-24 19:04:15.094807,,,block_end,0
2026-08-24 19:04:15.125094,,,imaging_stop,0
2026-08-24 19:04:45.283676,,,block_start,0
2026-08-24 19:04:47.570299,,,start,0
2026-08-24 19:04:47.571829,,,start,0
2026-08-24 19:04:58.775896,,,exit beam,0
2026-08-24 19:05:00.859464,,,exit,0
2026-08-24 19:05:10.888231,,,block_end,0
2026-08-24 19:05:10.918719,,,imaging_stop,0
2026-08-24 19:06:15.646714,,,block_start,0
2026-08-24 19:06:19.462607,,,start,0
2026-08-24 19:06:19.464787,,,start,0
2026-08-24 19:06:19.465813,,,exit beam,0
2026-08-24 19:06:25.548534,,,reentry,0
2026-08-24 19:07:47.547601,,,exit beam,0
2026-08-24 19:07:49.631448,,,exit,0
2026-08-24 19:07:50.132445,,,block_end,0
2026-08-24 19:07:50.162904,,,imaging_stop,0
2026-08-24 19:09:12.420317,,,block_start,0
2026-08-24 19:09:14.438193,,,start,0
2026-08-24 19:09:14.440337,,,start,0
2026-08-24 19:09:22.866314,,,exit beam,0
2026-08-24 19:09:28.961314,,,reentry,0
2026-08-24 19:09:29.651930,,,exit beam,0
2026-08-24 19:09:33.743790,,,exit,0
2026-08-24 19:09:34.246336,,,block_end,0
2026-08-24 19:09:34.276648,,,imaging_stop,0
2026-08-24 19:13:34.847738,,,block_start,0
2026-08-24 19:13:56.095803,,,start,0
2026-08-24 19:13:56.097706,,,start,0
2026-08-24 19:14:06.047229,,,exit beam,0
2026-08-24 19:14:08.128538,,,exit,0
2026-08-24 19:14:17.653319,,,block_end,0
2026-08-24 19:14:17.683775,,,imaging_stop,0
2026-08-24 19:15:56.478823,,,block_start,0
2026-08-24 19:16:02.084926,,,start,0
2026-08-24 19:16:02.093611,,,start,0
2026-08-24 19:16:02.095571,,,start,0
2026-08-24 19:16:14.930720,,,exit beam,0
2026-08-24 19:16:17.011455,,,exit,0
2026-08-24 19:16:26.537839,,,block_end,0
2026-08-24 19:16:26.568191,,,imaging_stop,0
2026-08-25 14:46:10.673440,,,initialize,0
2026-08-25 14:52:52.581274,,,block_start,0
2026-08-25 14:52:58.372566,,,start,0
2026-08-25 14:52:58.374285,,,start,0
2026-08-25 14:53:59.608875,,,eat,0
2026-08-25 14:54:41.665733,,,start,0
2026-08-25 14:54:43.750965,,,exit beam,0
2026-08-25 14:54:45.843361,,,exit,0
2026-08-25 14:55:10.383373,,,block_end,0
2026-08-25 14:55:10.413834,,,imaging_stop,0
2026-08-25 14:57:41.308100,,,block_start,0
2026-08-25 14:57:44.442247,,,start,0
2026-08-25 14:57:44.444532,,,start,0
2026-08-25 14:57:49.421188,,,eat,0
2026-08-25 14:58:40.026145,,,start,0
2026-08-25 14:59:24.005560,,,eat,0
2026-08-25 15:01:57.481264,,,start,0
2026-08-25 15:02:24.777190,,,eat,0
2026-08-25 15:04:39.738407,,,start,0
2026-08-25 15:04:54.221285,,,exit beam,0
2026-08-25 15:04:56.304090,,,exit,0
2026-08-25 15:05:08.327918,,,block_end,0
2026-08-25 15:05:08.358249,,,imaging_stop,0
2026-08-25 15:07:56.787764,,,block_start,0
2026-08-25 15:07:59.622784,,,start,0
2026-08-25 15:08:03.890577,,,eat,0
2026-08-25 15:52:52.974913,,,start,0
2026-08-25 15:53:12.462707,,,eat,0
2026-08-25 16:19:49.062516,,,start,0
2026-08-25 16:19:51.673766,,,exit beam,0
2026-08-25 16:19:53.763371,,,exit,0
2026-08-25 16:20:35.845787,,,block_end,0
2026-08-25 16:20:35.875958,,,imaging_stop,0
2026-08-25 16:24:48.482014,,,block_start,0
2026-08-25 16:24:52.047839,,,start,0
2026-08-25 16:24:57.276721,,,eat,0
2026-08-25 16:25:37.914918,,,start,0
2026-08-25 16:25:49.577491,,,eat,0
2026-08-25 16:27:19.957211,,,start,0
2026-08-25 16:28:38.461863,,,eat,0
2026-08-25 16:29:58.669007,,,start,0
2026-08-25 16:30:16.683687,,,eat,0
2026-08-25 16:31:32.979518,,,start,0
2026-08-25 16:32:06.976832,,,eat,0
2026-08-25 16:34:04.792650,,,start,0
2026-08-25 16:34:22.462058,,,exit beam,0
2026-08-25 16:34:24.548253,,,exit,0
2026-08-25 16:34:28.552670,,,block_end,0
2026-08-25 16:34:28.590296,,,imaging_stop,0
2026-08-25 16:42:53.281314,,,initialize,0
2026-08-25 17:02:10.655096,,,initialize,0
2026-08-25 17:06:13.195443,,,initialize,0
2026-08-25 17:08:00.238859,,,initialize,0
2026-08-25 17:09:03.966893,,,block_start,0
2026-08-25 17:09:06.488497,,,start,0
2026-08-25 17:09:15.273422,,,eat,0
2026-08-25 17:11:20.467006,,,start,0
2026-08-25 17:11:26.187015,,,drink,0
2026-08-25 17:11:54.419036,,,start,0
2026-08-25 17:11:57.300743,,,eat,0
2026-08-25 17:13:21.512465,,,start,0
2026-08-25 17:13:35.086640,,,exit beam,0
2026-08-25 17:13:37.168968,,,exit,0
2026-08-25 17:13:54.702387,,,block_end,0
2026-08-25 17:13:54.732971,,,imaging_stop,0
2026-08-25 17:15:14.988622,,,block_start,0
2026-08-25 17:15:16.948770,,,start,0
2026-08-25 17:15:21.485322,,,eat,0
2026-08-25 17:16:43.330797,,,start,0
2026-08-25 17:16:53.793663,,,drink,0
2026-08-25 17:17:06.635037,,,start,0
2026-08-25 17:17:11.073994,,,eat,0
2026-08-25 17:18:58.512799,,,start,0
2026-08-25 17:19:03.988936,,,eat,0
2026-08-25 17:21:01.468291,,,start,0
2026-08-25 17:21:13.482940,,,eat,0
2026-08-25 17:22:30.795589,,,start,0
2026-08-25 17:22:50.478635,,,eat,0
2026-08-25 17:23:48.207390,,,start,0
2026-08-25 17:24:01.066315,,,eat,0
2026-08-25 17:26:13.238308,,,start,0
2026-08-25 17:26:18.261669,,,drink,0
2026-08-25 17:26:36.717123,,,start,0
2026-08-25 17:26:39.717081,,,eat,0
2026-08-25 17:27:22.922718,,,start,0
2026-08-25 17:27:32.413969,,,eat,0
2026-08-25 17:28:21.755568,,,start,0
2026-08-25 17:28:29.462847,,,eat,0
2026-08-25 17:29:25.672569,,,start,0
2026-08-25 17:29:42.819460,,,eat,0
2026-08-25 17:32:47.822705,,,start,0
2026-08-25 17:33:10.676282,,,drink,0
2026-08-25 17:33:13.104726,,,start,0
2026-08-25 17:33:13.106630,,,drink,0
2026-08-25 17:33:13.107642,,,start,0
2026-08-25 17:33:13.108603,,,drink,0
2026-08-25 17:33:13.109424,,,start,0
2026-08-25 17:33:13.110608,,,drink,0
2026-08-25 17:33:13.111403,,,start,0
2026-08-25 17:33:13.112636,,,drink,0
2026-08-25 17:33:13.113395,,,start,0
2026-08-25 17:33:13.114636,,,drink,0
2026-08-25 17:33:13.115414,,,start,0
2026-08-25 17:33:13.116640,,,drink,0
2026-08-25 17:33:13.117421,,,start,0
2026-08-25 17:33:13.118640,,,drink,0
2026-08-25 17:33:13.119421,,,start,0
2026-08-25 17:33:13.120639,,,drink,0
2026-08-25 17:33:13.121400,,,start,0
2026-08-25 17:33:13.122637,,,drink,0
2026-08-25 17:33:13.123414,,,start,0
2026-08-25 17:33:13.124600,,,drink,0
2026-08-25 17:33:13.125362,,,start,0
2026-08-25 17:33:13.126637,,,drink,0
2026-08-25 17:33:13.127407,,,start,0
2026-08-25 17:33:13.128639,,,drink,0
2026-08-25 17:33:13.129386,,,start,0
2026-08-25 17:33:13.130607,,,drink,0
2026-08-25 17:33:13.131374,,,start,0
2026-08-25 17:33:13.132607,,,drink,0
2026-08-25 17:33:13.133359,,,start,0
2026-08-25 17:33:13.134605,,,drink,0
2026-08-25 17:33:13.135371,,,start,0
2026-08-25 17:33:13.136605,,,drink,0
2026-08-25 17:33:13.137346,,,start,0
2026-08-25 17:33:13.138635,,,drink,0
2026-08-25 17:33:13.139402,,,start,0
2026-08-25 17:33:13.140602,,,drink,0
2026-08-25 17:33:13.141342,,,start,0
2026-08-25 17:33:13.142640,,,drink,0
2026-08-25 17:33:13.143399,,,start,0
2026-08-25 17:33:13.144639,,,drink,0
2026-08-25 17:33:13.145392,,,start,0
2026-08-25 17:33:13.146638,,,drink,0
2026-08-25 17:33:13.147403,,,start,0
2026-08-25 17:33:13.148638,,,drink,0
2026-08-25 17:33:13.149382,,,start,0
2026-08-25 17:33:13.150640,,,drink,0
2026-08-25 17:33:13.151407,,,start,0
2026-08-25 17:33:13.152638,,,drink,0
2026-08-25 17:33:13.153392,,,start,0
2026-08-25 17:33:13.154639,,,drink,0
2026-08-25 17:33:13.155406,,,start,0
2026-08-25 17:33:13.156600,,,drink,0
2026-08-25 17:33:13.157343,,,start,0
2026-08-25 17:33:13.158611,,,drink,0
2026-08-25 17:33:13.159366,,,start,0
2026-08-25 17:33:13.160606,,,drink,0
2026-08-25 17:33:13.161345,,,start,0
2026-08-25 17:33:13.162606,,,drink,0
2026-08-25 17:33:13.163378,,,start,0
2026-08-25 17:33:13.164638,,,drink,0
2026-08-25 17:33:13.165377,,,start,0
2026-08-25 17:33:13.166640,,,drink,0
2026-08-25 17:33:13.167402,,,start,0
2026-08-25 17:33:13.168640,,,drink,0
2026-08-25 17:33:13.169383,,,start,0
2026-08-25 17:33:13.170639,,,drink,0
2026-08-25 17:33:13.171408,,,start,0
2026-08-25 17:33:13.172607,,,drink,0
2026-08-25 17:33:13.173358,,,start,0
2026-08-25 17:33:13.174644,,,drink,0
2026-08-25 17:33:13.175407,,,start,0
2026-08-25 17:33:13.176641,,,drink,0
2026-08-25 17:33:13.177381,,,start,0
2026-08-25 17:33:13.178641,,,drink,0
2026-08-25 17:33:13.179401,,,start,0
2026-08-25 17:33:13.180640,,,drink,0
2026-08-25 17:33:13.181385,,,start,0
2026-08-25 17:33:13.182609,,,drink,0
2026-08-25 17:33:13.183372,,,start,0
2026-08-25 17:33:13.184608,,,drink,0
2026-08-25 17:33:13.185346,,,start,0
2026-08-25 17:33:13.186607,,,drink,0
2026-08-25 17:33:13.187372,,,start,0
2026-08-25 17:33:13.188604,,,drink,0
2026-08-25 17:33:13.189352,,,start,0
2026-08-25 17:33:13.190642,,,drink,0
2026-08-25 17:33:13.191397,,,start,0
2026-08-25 17:33:13.192643,,,drink,0
2026-08-25 17:33:13.193384,,,start,0
2026-08-25 17:33:13.194641,,,drink,0
2026-08-25 17:33:13.195398,,,start,0
2026-08-25 17:33:13.196646,,,drink,0
2026-08-25 17:33:13.197402,,,start,0
2026-08-25 17:33:13.198643,,,drink,0
2026-08-25 17:33:13.199408,,,start,0
2026-08-25 17:33:13.200642,,,drink,0
2026-08-25 17:33:13.201391,,,start,0
2026-08-25 17:33:13.202644,,,drink,0
2026-08-25 17:33:13.203411,,,start,0
2026-08-25 17:33:13.204604,,,drink,0
2026-08-25 17:33:13.205350,,,start,0
2026-08-25 17:33:13.206676,,,drink,0
2026-08-25 17:33:13.207770,,,start,0
2026-08-25 17:33:13.209669,,,drink,0
2026-08-25 17:33:13.210853,,,start,0
2026-08-25 17:33:13.212668,,,drink,0
2026-08-25 17:33:13.214106,,,start,0
2026-08-25 17:33:13.215821,,,drink,0
2026-08-25 17:33:13.217078,,,start,0
2026-08-25 17:33:13.218698,,,drink,0
2026-08-25 17:33:13.219978,,,start,0
2026-08-25 17:33:13.221678,,,drink,0
2026-08-25 17:33:13.222727,,,start,0
2026-08-25 17:33:13.224675,,,drink,0
2026-08-25 17:33:13.226051,,,start,0
2026-08-25 17:33:13.227821,,,drink,0
2026-08-25 17:33:13.229239,,,start,0
2026-08-25 17:33:13.230690,,,drink,0
2026-08-25 17:33:13.232001,,,start,0
2026-08-25 17:33:13.233680,,,drink,0
2026-08-25 17:33:13.234732,,,start,0
2026-08-25 17:33:13.235817,,,drink,0
2026-08-25 17:33:13.236905,,,start,0
2026-08-25 17:33:13.238647,,,drink,0
2026-08-25 17:33:13.239729,,,start,0
2026-08-25 17:33:13.240971,,,drink,0
2026-08-25 17:33:13.242206,,,start,0
2026-08-25 17:33:13.243755,,,drink,0
2026-08-25 17:33:13.245462,,,start,0
2026-08-25 17:33:13.246818,,,drink,0
2026-08-25 17:33:13.248169,,,start,0
2026-08-25 17:33:13.249684,,,drink,0
2026-08-25 17:33:13.250736,,,start,0
2026-08-25 17:33:13.251845,,,drink,0
2026-08-25 17:33:13.252943,,,start,0
2026-08-25 17:33:13.254673,,,drink,0
2026-08-25 17:33:13.255745,,,start,0
2026-08-25 17:33:13.256807,,,drink,0
2026-08-25 17:33:13.257907,,,start,0
2026-08-25 17:33:13.259702,,,drink,0
2026-08-25 17:33:13.261297,,,start,0
2026-08-25 17:33:13.262682,,,drink,0
2026-08-25 17:33:13.263965,,,start,0
2026-08-25 17:33:13.265659,,,drink,0
2026-08-25 17:33:13.266754,,,start,0
2026-08-25 17:33:13.268645,,,drink,0
2026-08-25 17:33:13.269687,,,start,0
2026-08-25 17:33:13.270854,,,drink,0
2026-08-25 17:33:13.271973,,,start,0
2026-08-25 17:33:13.273675,,,drink,0
2026-08-25 17:33:13.274725,,,start,0
2026-08-25 17:33:13.276711,,,drink,0
2026-08-25 17:33:13.278250,,,start,0
2026-08-25 17:33:13.279685,,,drink,0
2026-08-25 17:33:13.280957,,,start,0
2026-08-25 17:33:13.282687,,,drink,0
2026-08-25 17:33:13.283814,,,start,0
2026-08-25 17:33:13.285676,,,drink,0
2026-08-25 17:33:13.286712,,,start,0
2026-08-25 17:33:13.287848,,,drink,0
2026-08-25 17:33:13.288899,,,start,0
2026-08-25 17:33:13.290649,,,drink,0
2026-08-25 17:33:13.291817,,,start,0
2026-08-25 17:33:13.293714,,,drink,0
2026-08-25 17:33:13.295306,,,start,0
2026-08-25 17:33:13.296709,,,drink,0
2026-08-25 17:33:13.297959,,,start,0
2026-08-25 17:33:13.299686,,,drink,0
2026-08-25 17:33:13.300750,,,start,0
2026-08-25 17:33:13.301847,,,drink,0
2026-08-25 17:33:13.302889,,,start,0
2026-08-25 17:33:13.304677,,,drink,0
2026-08-25 17:33:13.305726,,,start,0
2026-08-25 17:33:13.306846,,,drink,0
2026-08-25 17:33:13.307937,,,start,0
2026-08-25 17:33:13.309699,,,drink,0
2026-08-25 17:33:13.311178,,,start,0
2026-08-25 17:33:13.313601,,,drink,0
2026-08-25 17:33:13.314890,,,start,0
2026-08-25 17:33:13.316649,,,drink,0
2026-08-25 17:33:13.317741,,,start,0
2026-08-25 17:33:13.318865,,,drink,0
2026-08-25 17:33:13.319925,,,start,0
2026-08-25 17:33:13.321681,,,drink,0
2026-08-25 17:33:13.322702,,,start,0
2026-08-25 17:33:13.323840,,,drink,0
2026-08-25 17:33:13.324979,,,start,0
2026-08-25 17:33:13.326700,,,drink,0
2026-08-25 17:33:13.328309,,,start,0
2026-08-25 17:33:13.329702,,,drink,0
2026-08-25 17:33:13.330993,,,start,0
2026-08-25 17:33:13.332663,,,drink,0
2026-08-25 17:33:13.333758,,,start,0
2026-08-25 17:33:13.334894,,,drink,0
2026-08-25 17:33:13.335877,,,start,0
2026-08-25 17:33:13.337842,,,drink,0
2026-08-25 17:33:13.339671,,,start,0
2026-08-25 17:33:13.341662,,,drink,0
2026-08-25 17:33:13.343889,,,start,0
2026-08-25 17:33:13.347695,,,drink,0
2026-08-25 17:33:13.348880,,,start,0
2026-08-25 17:33:13.350681,,,drink,0
2026-08-25 17:33:13.351747,,,start,0
2026-08-25 17:33:13.352812,,,drink,0
2026-08-25 17:33:13.353816,,,start,0
2026-08-25 17:33:13.354855,,,drink,0
2026-08-25 17:33:13.355869,,,start,0
2026-08-25 17:33:13.357674,,,drink,0
2026-08-25 17:33:13.358911,,,start,0
2026-08-25 17:33:13.360691,,,drink,0
2026-08-25 17:33:13.362178,,,start,0
2026-08-25 17:33:13.363705,,,drink,0
2026-08-25 17:33:13.364923,,,start,0
2026-08-25 17:33:13.366662,,,drink,0
2026-08-25 17:33:13.367743,,,start,0
2026-08-25 17:33:13.368860,,,drink,0
2026-08-25 17:33:13.369834,,,start,0
2026-08-25 17:33:13.370862,,,drink,0
2026-08-25 17:33:13.371848,,,start,0
2026-08-25 17:33:13.373637,,,drink,0
2026-08-25 17:33:13.374604,,,start,0
2026-08-25 17:33:13.376772,,,drink,0
2026-08-25 17:33:13.378053,,,start,0
2026-08-25 17:33:13.379704,,,drink,0
2026-08-25 17:33:13.380992,,,start,0
2026-08-25 17:33:13.382687,,,drink,0
2026-08-25 17:33:13.383725,,,start,0
2026-08-25 17:33:13.384812,,,drink,0
2026-08-25 17:33:13.385774,,,start,0
2026-08-25 17:33:13.386793,,,drink,0
2026-08-25 17:33:13.387795,,,start,0
2026-08-25 17:33:13.388828,,,drink,0
2026-08-25 17:33:13.389805,,,start,0
2026-08-25 17:33:13.390853,,,drink,0
2026-08-25 17:33:13.391971,,,start,0
2026-08-25 17:33:13.393676,,,drink,0
2026-08-25 17:33:13.395120,,,start,0
2026-08-25 17:33:13.396692,,,drink,0
2026-08-25 17:33:13.397923,,,start,0
2026-08-25 17:33:13.399682,,,drink,0
2026-08-25 17:33:13.400650,,,start,0
2026-08-25 17:33:13.401725,,,drink,0
2026-08-25 17:33:13.402671,,,start,0
2026-08-25 17:33:13.403695,,,drink,0
2026-08-25 17:33:13.404646,,,start,0
2026-08-25 17:33:13.405674,,,drink,0
2026-08-25 17:33:13.406600,,,start,0
2026-08-25 17:33:13.407676,,,drink,0
2026-08-25 17:33:13.408795,,,start,0
2026-08-25 17:33:13.410700,,,drink,0
2026-08-25 17:33:13.412117,,,start,0
2026-08-25 17:33:13.413700,,,drink,0
2026-08-25 17:33:13.414848,,,start,0
2026-08-25 17:33:13.416659,,,drink,0
2026-08-25 17:33:13.417639,,,start,0
2026-08-25 17:33:13.418707,,,drink,0
2026-08-25 17:33:13.419690,,,start,0
2026-08-25 17:33:13.420688,,,drink,0
2026-08-25 17:33:13.421630,,,start,0
2026-08-25 17:33:13.422680,,,drink,0
2026-08-25 17:33:13.423658,,,start,0
2026-08-25 17:33:13.424691,,,drink,0
2026-08-25 17:33:13.425945,,,start,0
2026-08-25 17:33:13.427696,,,drink,0
2026-08-25 17:33:13.429100,,,start,0
2026-08-25 17:33:13.430693,,,drink,0
2026-08-25 17:33:13.431827,,,start,0
2026-08-25 17:33:13.433681,,,drink,0
2026-08-25 17:33:13.434609,,,start,0
2026-08-25 17:33:13.435726,,,drink,0
2026-08-25 17:33:13.436694,,,start,0
2026-08-25 17:33:13.437681,,,drink,0
2026-08-25 17:33:13.438622,,,start,0
2026-08-25 17:33:13.439680,,,drink,0
2026-08-25 17:33:13.440639,,,start,0
2026-08-25 17:33:13.441690,,,drink,0
2026-08-25 17:33:13.442985,,,start,0
2026-08-25 17:33:13.444667,,,drink,0
2026-08-25 17:33:13.446139,,,start,0
2026-08-25 17:33:13.447674,,,drink,0
2026-08-25 17:33:13.448752,,,start,0
2026-08-25 17:33:13.449780,,,drink,0
2026-08-25 17:33:13.450718,,,start,0
2026-08-25 17:33:13.451754,,,drink,0
2026-08-25 17:33:13.452726,,,start,0
2026-08-25 17:33:13.453711,,,drink,0
2026-08-25 17:33:13.454655,,,start,0
2026-08-25 17:33:13.455693,,,drink,0
2026-08-25 17:33:13.456649,,,start,0
2026-08-25 17:33:13.457677,,,drink,0
2026-08-25 17:33:13.458845,,,start,0
2026-08-25 17:33:13.460678,,,drink,0
2026-08-25 17:33:13.462070,,,start,0
2026-08-25 17:33:13.463702,,,drink,0
2026-08-25 17:33:13.464838,,,start,0
2026-08-25 17:33:13.466685,,,drink,0
2026-08-25 17:33:13.467683,,,start,0
2026-08-25 17:33:13.468693,,,drink,0
2026-08-25 17:33:13.469628,,,start,0
2026-08-25 17:33:13.470650,,,drink,0
2026-08-25 17:33:13.471620,,,start,0
2026-08-25 17:33:13.472679,,,drink,0
2026-08-25 17:33:13.473611,,,start,0
2026-08-25 17:33:13.474684,,,drink,0
2026-08-25 17:33:13.475955,,,start,0
2026-08-25 17:33:13.477697,,,drink,0
2026-08-25 17:33:13.479173,,,start,0
2026-08-25 17:33:13.480699,,,drink,0
2026-08-25 17:33:13.481784,,,start,0
2026-08-25 17:33:13.482828,,,drink,0
2026-08-25 17:33:13.483809,,,start,0
2026-08-25 17:33:13.484819,,,drink,0
2026-08-25 17:33:13.485753,,,start,0
2026-08-25 17:33:13.486722,,,drink,0
2026-08-25 17:33:13.487686,,,start,0
2026-08-25 17:33:13.488679,,,drink,0
2026-08-25 17:33:13.489608,,,start,0
2026-08-25 17:33:13.490680,,,drink,0
2026-08-25 17:33:13.491693,,,start,0
2026-08-25 17:33:13.493787,,,drink,0
2026-08-25 17:33:13.495215,,,start,0
2026-08-25 17:33:13.496679,,,drink,0
2026-08-25 17:33:13.497892,,,start,0
2026-08-25 17:33:13.499659,,,drink,0
2026-08-25 17:33:13.500618,,,start,0
2026-08-25 17:33:13.501681,,,drink,0
2026-08-25 17:33:13.502617,,,start,0
2026-08-25 17:33:13.503728,,,drink,0
2026-08-25 17:33:13.504684,,,start,0
2026-08-25 17:33:13.505682,,,drink,0
2026-08-25 17:33:13.506610,,,start,0
2026-08-25 17:33:13.507685,,,drink,0
2026-08-25 17:33:13.508851,,,start,0
2026-08-25 17:33:13.510715,,,drink,0
2026-08-25 17:33:13.512171,,,start,0
2026-08-25 17:33:13.513707,,,drink,0
2026-08-25 17:33:13.514839,,,start,0
2026-08-25 17:33:13.516690,,,drink,0
2026-08-25 17:33:13.517673,,,start,0
2026-08-25 17:33:13.518689,,,drink,0
2026-08-25 17:33:13.519680,,,start,0
2026-08-25 17:33:13.520685,,,drink,0
2026-08-25 17:33:13.521617,,,start,0
2026-08-25 17:33:13.522654,,,drink,0
2026-08-25 17:33:13.523631,,,start,0
2026-08-25 17:33:13.524667,,,drink,0
2026-08-25 17:33:13.525921,,,start,0
2026-08-25 17:33:13.527708,,,drink,0
2026-08-25 17:33:13.529091,,,start,0
2026-08-25 17:33:13.530703,,,drink,0
2026-08-25 17:33:13.531854,,,start,0
2026-08-25 17:33:13.533689,,,drink,0
2026-08-25 17:33:13.534625,,,start,0
2026-08-25 17:33:13.535686,,,drink,0
2026-08-25 17:33:13.536641,,,start,0
2026-08-25 17:33:13.537720,,,drink,0
2026-08-25 17:33:13.538653,,,start,0
2026-08-25 17:33:13.539685,,,drink,0
2026-08-25 17:33:13.540631,,,start,0
2026-08-25 17:33:13.541696,,,drink,0
2026-08-25 17:33:13.542970,,,start,0
2026-08-25 17:33:13.544703,,,drink,0
2026-08-25 17:33:13.546156,,,start,0
2026-08-25 17:33:13.547679,,,drink,0
2026-08-25 17:33:13.548732,,,start,0
2026-08-25 17:33:13.549763,,,drink,0
2026-08-25 17:33:13.550700,,,start,0
2026-08-25 17:33:13.551769,,,drink,0
2026-08-25 17:33:13.552717,,,start,0
2026-08-25 17:33:13.553697,,,drink,0
2026-08-25 17:33:13.554628,,,start,0
2026-08-25 17:33:13.555747,,,drink,0
2026-08-25 17:33:13.556720,,,start,0
2026-08-25 17:33:13.557717,,,drink,0
2026-08-25 17:33:13.558970,,,start,0
2026-08-25 17:33:13.560707,,,drink,0
2026-08-25 17:33:13.562085,,,start,0
2026-08-25 17:33:13.563709,,,drink,0
2026-08-25 17:33:13.564837,,,start,0
2026-08-25 17:33:13.566693,,,drink,0
2026-08-25 17:33:13.567720,,,start,0
2026-08-25 17:33:13.568741,,,drink,0
2026-08-25 17:33:13.569682,,,start,0
2026-08-25 17:33:13.570726,,,drink,0
2026-08-25 17:33:13.571689,,,start,0
2026-08-25 17:33:13.572682,,,drink,0
2026-08-25 17:33:13.573608,,,start,0
2026-08-25 17:33:13.574657,,,drink,0
2026-08-25 17:33:13.575950,,,start,0
2026-08-25 17:33:13.577677,,,drink,0
2026-08-25 17:33:13.579119,,,start,0
2026-08-25 17:33:13.580708,,,drink,0
2026-08-25 17:33:13.581804,,,start,0
2026-08-25 17:33:13.582867,,,drink,0
2026-08-25 17:33:13.583856,,,start,0
2026-08-25 17:33:13.584860,,,drink,0
2026-08-25 17:33:13.585802,,,start,0
2026-08-25 17:33:13.586858,,,drink,0
2026-08-25 17:33:13.587812,,,start,0
2026-08-25 17:33:13.588798,,,drink,0
2026-08-25 17:33:13.589727,,,start,0
2026-08-25 17:33:13.590691,,,drink,0
2026-08-25 17:33:13.591751,,,start,0
2026-08-25 17:33:13.593739,,,drink,0
2026-08-25 17:33:13.595140,,,start,0
2026-08-25 17:33:13.596775,,,drink,0
2026-08-25 17:33:13.597954,,,start,0
2026-08-25 17:33:13.599665,,,drink,0
2026-08-25 17:33:13.600619,,,start,0
2026-08-25 17:33:13.601665,,,drink,0
2026-08-25 17:33:13.602588,,,start,0
2026-08-25 17:33:13.603720,,,drink,0
2026-08-25 17:33:13.604680,,,start,0
2026-08-25 17:33:13.605686,,,drink,0
2026-08-25 17:33:13.606627,,,start,0
2026-08-25 17:33:13.607692,,,drink,0
2026-08-25 17:33:13.608893,,,start,0
2026-08-25 17:33:13.610707,,,drink,0
2026-08-25 17:33:13.612118,,,start,0
2026-08-25 17:33:13.613708,,,drink,0
2026-08-25 17:33:13.614833,,,start,0
2026-08-25 17:33:13.616700,,,drink,0
2026-08-25 17:33:13.617697,,,start,0
2026-08-25 17:33:13.618704,,,drink,0
2026-08-25 17:33:13.619682,,,start,0
2026-08-25 17:33:13.620743,,,drink,0
2026-08-25 17:33:13.621680,,,start,0
2026-08-25 17:33:13.622687,,,drink,0
2026-08-25 17:33:13.623668,,,start,0
2026-08-25 17:33:13.624663,,,drink,0
2026-08-25 17:33:13.625899,,,start,0
2026-08-25 17:33:13.627683,,,drink,0
2026-08-25 17:33:13.629142,,,start,0
2026-08-25 17:33:13.630707,,,drink,0
2026-08-25 17:33:13.631834,,,start,0
2026-08-25 17:33:13.632872,,,drink,0
2026-08-25 17:33:13.633832,,,start,0
2026-08-25 17:33:13.634836,,,drink,0
2026-08-25 17:33:13.635822,,,start,0
2026-08-25 17:33:13.636819,,,drink,0
2026-08-25 17:33:13.637750,,,start,0
2026-08-25 17:33:13.638728,,,drink,0
2026-08-25 17:33:13.639703,,,start,0
2026-08-25 17:33:13.640690,,,drink,0
2026-08-25 17:33:13.641693,,,start,0
2026-08-25 17:33:13.643750,,,drink,0
2026-08-25 17:33:13.645196,,,start,0
2026-08-25 17:33:13.646731,,,drink,0
2026-08-25 17:33:13.647889,,,start,0
2026-08-25 17:33:13.649669,,,drink,0
2026-08-25 17:33:13.650606,,,start,0
2026-08-25 17:33:13.651664,,,drink,0
2026-08-25 17:33:13.652633,,,start,0
2026-08-25 17:33:13.653700,,,drink,0
2026-08-25 17:33:13.654650,,,start,0
2026-08-25 17:33:13.655676,,,drink,0
2026-08-25 17:33:13.656629,,,start,0
2026-08-25 17:33:13.657696,,,drink,0
2026-08-25 17:33:13.658972,,,start,0
2026-08-25 17:33:13.660731,,,drink,0
2026-08-25 17:33:13.662279,,,start,0
2026-08-25 17:33:13.663799,,,drink,0
2026-08-25 17:33:13.664909,,,start,0
2026-08-25 17:33:13.666697,,,drink,0
2026-08-25 17:33:13.667678,,,start,0
2026-08-25 17:33:13.668750,,,drink,0
2026-08-25 17:33:13.669698,,,start,0
2026-08-25 17:33:13.670691,,,drink,0
2026-08-25 17:33:13.671667,,,start,0
2026-08-25 17:33:13.672692,,,drink,0
2026-08-25 17:33:13.673624,,,start,0
2026-08-25 17:33:13.674694,,,drink,0
2026-08-25 17:33:13.676034,,,start,0
2026-08-25 17:33:13.677686,,,drink,0
2026-08-25 17:33:13.679131,,,start,0
2026-08-25 17:33:13.680691,,,drink,0
2026-08-25 17:33:13.681786,,,start,0
2026-08-25 17:33:13.682847,,,drink,0
2026-08-25 17:33:13.683834,,,start,0
2026-08-25 17:33:13.684841,,,drink,0
2026-08-25 17:33:13.685777,,,start,0
2026-08-25 17:33:13.686763,,,drink,0
2026-08-25 17:33:13.687751,,,start,0
2026-08-25 17:33:13.688746,,,drink,0
2026-08-25 17:33:13.689682,,,start,0
2026-08-25 17:33:13.690734,,,drink,0
2026-08-25 17:33:13.691824,,,start,0
2026-08-25 17:33:13.693718,,,drink,0
2026-08-25 17:33:13.695119,,,start,0
2026-08-25 17:33:13.696724,,,drink,0
2026-08-25 17:33:13.697829,,,start,0
2026-08-25 17:33:13.699695,,,drink,0
2026-08-25 17:33:13.700672,,,start,0
2026-08-25 17:33:13.701739,,,drink,0
2026-08-25 17:33:13.702669,,,start,0
2026-08-25 17:33:13.703695,,,drink,0
2026-08-25 17:33:13.704642,,,start,0
2026-08-25 17:33:13.705662,,,drink,0
2026-08-25 17:33:13.706597,,,start,0
2026-08-25 17:33:13.707664,,,drink,0
2026-08-25 17:33:13.708889,,,start,0
2026-08-25 17:33:13.710724,,,drink,0
2026-08-25 17:33:13.712350,,,start,0
2026-08-25 17:33:13.713710,,,drink,0
2026-08-25 17:33:13.714805,,,start,0
2026-08-25 17:33:13.715864,,,drink,0
2026-08-25 17:33:13.716844,,,start,0
2026-08-25 17:33:13.717871,,,drink,0
2026-08-25 17:33:13.718841,,,start,0
2026-08-25 17:33:13.719879,,,drink,0
2026-08-25 17:33:13.720823,,,start,0
2026-08-25 17:33:13.721812,,,drink,0
2026-08-25 17:33:13.722831,,,start,0
2026-08-25 17:33:13.724963,,,drink,0
2026-08-25 17:33:13.726191,,,start,0
2026-08-25 17:33:13.727716,,,drink,0
2026-08-25 17:33:13.729212,,,start,0
2026-08-25 17:33:13.730695,,,drink,0
2026-08-25 17:33:13.731795,,,start,0
2026-08-25 17:33:13.732829,,,drink,0
2026-08-25 17:33:13.733769,,,start,0
2026-08-25 17:33:13.734749,,,drink,0
2026-08-25 17:33:13.735768,,,start,0
2026-08-25 17:33:13.736755,,,drink,0
2026-08-25 17:33:13.737724,,,start,0
2026-08-25 17:33:13.738707,,,drink,0
2026-08-25 17:33:13.739684,,,start,0
2026-08-25 17:33:13.740699,,,drink,0
2026-08-25 17:33:13.741741,,,start,0
2026-08-25 17:33:13.743721,,,drink,0
2026-08-25 17:33:13.745120,,,start,0
2026-08-25 17:33:13.746728,,,drink,0
2026-08-25 17:33:13.747876,,,start,0
2026-08-25 17:33:13.749706,,,drink,0
2026-08-25 17:33:13.750647,,,start,0
2026-08-25 17:33:13.751705,,,drink,0
2026-08-25 17:33:13.752669,,,start,0
2026-08-25 17:33:13.753742,,,drink,0
2026-08-25 17:33:13.754683,,,start,0
2026-08-25 17:33:13.755709,,,drink,0
2026-08-25 17:33:13.756654,,,start,0
2026-08-25 17:33:13.757668,,,drink,0
2026-08-25 17:33:13.758934,,,start,0
2026-08-25 17:33:13.760694,,,drink,0
2026-08-25 17:33:13.762143,,,start,0
2026-08-25 17:33:13.763721,,,drink,0
2026-08-25 17:33:13.764810,,,start,0
2026-08-25 17:33:13.765848,,,drink,0
2026-08-25 17:33:13.766821,,,start,0
2026-08-25 17:33:13.767838,,,drink,0
2026-08-25 17:33:13.768784,,,start,0
2026-08-25 17:33:13.769771,,,drink,0
2026-08-25 17:33:13.770706,,,start,0
2026-08-25 17:33:13.771763,,,drink,0
2026-08-25 17:33:13.772736,,,start,0
2026-08-25 17:33:13.773729,,,drink,0
2026-08-25 17:33:13.774694,,,start,0
2026-08-25 17:33:13.776735,,,drink,0
2026-08-25 17:33:13.777999,,,start,0
2026-08-25 17:33:13.779721,,,drink,0
2026-08-25 17:33:13.780985,,,start,0
2026-08-25 17:33:13.782682,,,drink,0
2026-08-25 17:33:13.783687,,,start,0
2026-08-25 17:33:13.784683,,,drink,0
2026-08-25 17:33:13.785612,,,start,0
2026-08-25 17:33:13.786669,,,drink,0
2026-08-25 17:33:13.787659,,,start,0
2026-08-25 17:33:13.788737,,,drink,0
2026-08-25 17:33:13.789676,,,start,0
2026-08-25 17:33:13.790698,,,drink,0
2026-08-25 17:33:13.791809,,,start,0
2026-08-25 17:33:13.793734,,,drink,0
2026-08-25 17:33:13.795143,,,start,0
2026-08-25 17:33:13.796706,,,drink,0
2026-08-25 17:33:13.797876,,,start,0
2026-08-25 17:33:13.799707,,,drink,0
2026-08-25 17:33:13.800691,,,start,0
2026-08-25 17:33:13.801749,,,drink,0
2026-08-25 17:33:13.802695,,,start,0
2026-08-25 17:33:13.803722,,,drink,0
2026-08-25 17:33:13.804674,,,start,0
2026-08-25 17:33:13.805739,,,drink,0
2026-08-25 17:33:13.806678,,,start,0
2026-08-25 17:33:13.807747,,,drink,0
2026-08-25 17:33:13.809016,,,start,0
2026-08-25 17:33:13.810695,,,drink,0
2026-08-25 17:33:13.812126,,,start,0
2026-08-25 17:33:13.813722,,,drink,0
2026-08-25 17:33:13.814829,,,start,0
2026-08-25 17:33:13.815890,,,drink,0
2026-08-25 17:33:13.816855,,,start,0
2026-08-25 17:33:13.817859,,,drink,0
2026-08-25 17:33:13.818822,,,start,0
2026-08-25 17:33:13.819855,,,drink,0
2026-08-25 17:33:13.820827,,,start,0
2026-08-25 17:33:13.821826,,,drink,0
2026-08-25 17:33:13.822797,,,start,0
2026-08-25 17:33:13.823815,,,drink,0
2026-08-25 17:33:13.824797,,,start,0
2026-08-25 17:33:13.826738,,,drink,0
2026-08-25 17:33:13.828071,,,start,0
2026-08-25 17:33:13.829725,,,drink,0
2026-08-25 17:33:13.831014,,,start,0
2026-08-25 17:33:13.832712,,,drink,0
2026-08-25 17:33:13.833682,,,start,0
2026-08-25 17:33:13.834684,,,drink,0
2026-08-25 17:33:13.835665,,,start,0
2026-08-25 17:33:13.836726,,,drink,0
2026-08-25 17:33:13.837665,,,start,0
2026-08-25 17:33:13.838671,,,drink,0
2026-08-25 17:33:13.839642,,,start,0
2026-08-25 17:33:13.840704,,,drink,0
2026-08-25 17:33:13.841764,,,start,0
2026-08-25 17:33:13.843736,,,drink,0
2026-08-25 17:33:13.845132,,,start,0
2026-08-25 17:33:13.846737,,,drink,0
2026-08-25 17:33:13.847871,,,start,0
2026-08-25 17:33:13.849709,,,drink,0
2026-08-25 17:33:13.850654,,,start,0
2026-08-25 17:33:13.851766,,,drink,0
2026-08-25 17:33:13.852734,,,start,0
2026-08-25 17:33:13.853733,,,drink,0
2026-08-25 17:33:13.854673,,,start,0
2026-08-25 17:33:13.855749,,,drink,0
2026-08-25 17:33:13.856692,,,start,0
2026-08-25 17:33:13.857703,,,drink,0
2026-08-25 17:33:13.858965,,,start,0
2026-08-25 17:33:13.860695,,,drink,0
2026-08-25 17:33:13.862084,,,start,0
2026-08-25 17:33:13.863700,,,drink,0
2026-08-25 17:33:13.864805,,,start,0
2026-08-25 17:33:13.865911,,,drink,0
2026-08-25 17:33:13.866907,,,start,0
2026-08-25 17:33:13.868706,,,drink,0
2026-08-25 17:33:13.869647,,,start,0
2026-08-25 17:33:13.870729,,,drink,0
2026-08-25 17:33:13.871711,,,start,0
2026-08-25 17:33:13.872708,,,drink,0
2026-08-25 17:33:13.873660,,,start,0
2026-08-25 17:33:13.874715,,,drink,0
2026-08-25 17:33:13.875983,,,start,0
2026-08-25 17:33:13.877727,,,drink,0
2026-08-25 17:33:13.879179,,,start,0
2026-08-25 17:33:13.880725,,,drink,0
2026-08-25 17:33:13.881807,,,start,0
2026-08-25 17:33:13.882863,,,drink,0
2026-08-25 17:33:13.883836,,,start,0
2026-08-25 17:33:13.884830,,,drink,0
2026-08-25 17:33:13.885777,,,start,0
2026-08-25 17:33:13.886838,,,drink,0
2026-08-25 17:33:13.887807,,,start,0
2026-08-25 17:33:13.888793,,,drink,0
2026-08-25 17:33:13.889725,,,start,0
2026-08-25 17:33:13.890693,,,drink,0
2026-08-25 17:33:13.891843,,,start,0
2026-08-25 17:33:13.893730,,,drink,0
2026-08-25 17:33:13.895127,,,start,0
2026-08-25 17:33:13.896747,,,drink,0
2026-08-25 17:33:13.897902,,,start,0
2026-08-25 17:33:13.899714,,,drink,0
2026-08-25 17:33:13.900698,,,start,0
2026-08-25 17:33:13.901752,,,drink,0
2026-08-25 17:33:13.902695,,,start,0
2026-08-25 17:33:13.903721,,,drink,0
2026-08-25 17:33:13.904668,,,start,0
2026-08-25 17:33:13.905746,,,drink,0
2026-08-25 17:33:13.906683,,,start,0
2026-08-25 17:33:13.907707,,,drink,0
2026-08-25 17:33:13.908960,,,start,0
2026-08-25 17:33:13.910703,,,drink,0
2026-08-25 17:33:13.912144,,,start,0
2026-08-25 17:33:13.913702,,,drink,0
2026-08-25 17:33:13.914804,,,start,0
2026-08-25 17:33:13.915897,,,drink,0
2026-08-25 17:33:13.916887,,,start,0
2026-08-25 17:33:13.918671,,,drink,0
2026-08-25 17:33:13.919645,,,start,0
2026-08-25 17:33:13.920724,,,drink,0
2026-08-25 17:33:13.921658,,,start,0
2026-08-25 17:33:13.922711,,,drink,0
2026-08-25 17:33:13.923673,,,start,0
2026-08-25 17:33:13.924690,,,drink,0
2026-08-25 17:33:13.925945,,,start,0
2026-08-25 17:33:13.927736,,,drink,0
2026-08-25 17:33:13.929237,,,start,0
2026-08-25 17:33:13.930730,,,drink,0
2026-08-25 17:33:13.931820,,,start,0
2026-08-25 17:33:13.932848,,,drink,0
2026-08-25 17:33:13.933804,,,start,0
2026-08-25 17:33:13.934801,,,drink,0
2026-08-25 17:33:13.935781,,,start,0
2026-08-25 17:33:13.936780,,,drink,0
2026-08-25 17:33:13.937715,,,start,0
2026-08-25 17:33:13.938697,,,drink,0
2026-08-25 17:33:13.939690,,,start,0
2026-08-25 17:33:13.940697,,,drink,0
2026-08-25 17:33:13.941771,,,start,0
2026-08-25 17:33:13.943751,,,drink,0
2026-08-25 17:33:13.987761,,,start,0
2026-08-25 17:33:13.989682,,,drink,0
2026-08-25 17:33:13.990599,,,start,0
2026-08-25 17:33:13.991673,,,drink,0
2026-08-25 17:33:13.992463,,,start,0
2026-08-25 17:33:13.993663,,,drink,0
2026-08-25 17:33:13.994410,,,start,0
2026-08-25 17:33:13.995701,,,drink,0
2026-08-25 17:33:13.996494,,,start,0
2026-08-25 17:33:13.997697,,,drink,0
2026-08-25 17:33:13.998443,,,start,0
2026-08-25 17:33:13.999692,,,drink,0
2026-08-25 17:33:14.000462,,,start,0
2026-08-25 17:33:14.001692,,,drink,0
2026-08-25 17:33:14.002435,,,start,0
2026-08-25 17:33:14.003692,,,drink,0
2026-08-25 17:33:14.004449,,,start,0
2026-08-25 17:33:14.005691,,,drink,0
2026-08-25 17:33:14.006428,,,start,0
2026-08-25 17:33:14.007692,,,drink,0
2026-08-25 17:33:14.008472,,,start,0
2026-08-25 17:33:14.009694,,,drink,0
2026-08-25 17:33:14.010430,,,start,0
2026-08-25 17:33:14.011695,,,drink,0
2026-08-25 17:33:14.012445,,,start,0
2026-08-25 17:33:14.013663,,,drink,0
2026-08-25 17:33:14.014404,,,start,0
2026-08-25 17:33:14.015667,,,drink,0
2026-08-25 17:33:14.016415,,,start,0
2026-08-25 17:33:14.017666,,,drink,0
2026-08-25 17:33:14.018405,,,start,0
2026-08-25 17:33:14.019665,,,drink,0
2026-08-25 17:33:14.020403,,,start,0
2026-08-25 17:33:14.021697,,,drink,0
2026-08-25 17:33:14.128506,,,start,0
2026-08-25 17:33:14.130712,,,drink,0
2026-08-25 17:33:14.131660,,,start,0
2026-08-25 17:33:14.132666,,,drink,0
2026-08-25 17:33:14.133454,,,start,0
2026-08-25 17:33:14.134701,,,drink,0
2026-08-25 17:33:14.135477,,,start,0
2026-08-25 17:33:14.136700,,,drink,0
2026-08-25 17:33:14.137446,,,start,0
2026-08-25 17:33:14.138699,,,drink,0
2026-08-25 17:33:14.139462,,,start,0
2026-08-25 17:33:14.140700,,,drink,0
2026-08-25 17:33:14.141442,,,start,0
2026-08-25 17:33:14.142700,,,drink,0
2026-08-25 17:33:14.143467,,,start,0
2026-08-25 17:33:14.144671,,,drink,0
2026-08-25 17:33:14.145407,,,start,0
2026-08-25 17:33:14.146668,,,drink,0
2026-08-25 17:33:14.147437,,,start,0
2026-08-25 17:33:14.148662,,,drink,0
2026-08-25 17:33:14.149394,,,start,0
2026-08-25 17:33:14.150700,,,drink,0
2026-08-25 17:33:14.151465,,,start,0
2026-08-25 17:33:14.152699,,,drink,0
2026-08-25 17:33:14.153435,,,start,0
2026-08-25 17:33:14.154698,,,drink,0
2026-08-25 17:33:14.155521,,,start,0
2026-08-25 17:33:14.156702,,,drink,0
2026-08-25 17:33:14.157447,,,start,0
2026-08-25 17:33:14.158704,,,drink,0
2026-08-25 17:33:14.159467,,,start,0
2026-08-25 17:33:14.160701,,,drink,0
2026-08-25 17:33:14.161434,,,start,0
2026-08-25 17:33:14.162700,,,drink,0
2026-08-25 17:33:14.163465,,,start,0
2026-08-25 17:33:14.164665,,,drink,0
2026-08-25 17:33:14.165399,,,start,0
2026-08-25 17:33:14.166701,,,drink,0
2026-08-25 17:33:14.167465,,,start,0
2026-08-25 17:33:14.168700,,,drink,0
2026-08-25 17:33:14.169432,,,start,0
2026-08-25 17:33:14.170670,,,drink,0
2026-08-25 17:33:14.171437,,,start,0
2026-08-25 17:33:14.172670,,,drink,0
2026-08-25 17:33:14.173401,,,start,0
2026-08-25 17:33:14.174674,,,drink,0
2026-08-25 17:33:14.175436,,,start,0
2026-08-25 17:33:14.176701,,,drink,0
2026-08-25 17:33:14.177439,,,start,0
2026-08-25 17:33:14.178701,,,drink,0
2026-08-25 17:33:14.179465,,,start,0
2026-08-25 17:33:14.180666,,,drink,0
2026-08-25 17:33:14.181412,,,start,0
2026-08-25 17:33:14.182702,,,drink,0
2026-08-25 17:33:14.257930,,,start,0
2026-08-25 17:33:14.260259,,,drink,0
2026-08-25 17:33:14.261547,,,start,0
2026-08-25 17:33:14.262720,,,drink,0
2026-08-25 17:33:14.263580,,,start,0
2026-08-25 17:33:14.264710,,,drink,0
2026-08-25 17:33:14.265470,,,start,0
2026-08-25 17:33:14.266707,,,drink,0
2026-08-25 17:33:14.267483,,,start,0
2026-08-25 17:33:14.268708,,,drink,0
2026-08-25 17:33:14.269455,,,start,0
2026-08-25 17:33:14.270708,,,drink,0
2026-08-25 17:33:14.271473,,,start,0
2026-08-25 17:33:14.272709,,,drink,0
2026-08-25 17:33:14.273440,,,start,0
2026-08-25 17:33:14.274695,,,drink,0
2026-08-25 17:33:14.275557,,,start,0
2026-08-25 17:33:14.276675,,,drink,0
2026-08-25 17:33:14.277414,,,start,0
2026-08-25 17:33:14.278678,,,drink,0
2026-08-25 17:33:14.463600,,,start,0
2026-08-25 17:33:14.465703,,,drink,0
2026-08-25 17:33:14.466646,,,start,0
2026-08-25 17:33:14.467695,,,drink,0
2026-08-25 17:33:14.468488,,,start,0
2026-08-25 17:33:14.469722,,,drink,0
2026-08-25 17:33:14.470480,,,start,0
2026-08-25 17:33:14.471725,,,drink,0
2026-08-25 17:33:14.860882,,,start,0
2026-08-25 17:33:14.862733,,,drink,0
2026-08-25 17:33:14.863697,,,start,0
2026-08-25 17:33:14.864721,,,drink,0
2026-08-25 17:33:14.865509,,,start,0
2026-08-25 17:33:14.866747,,,drink,0
2026-08-25 17:33:14.867524,,,start,0
2026-08-25 17:33:14.868707,,,drink,0
2026-08-25 17:33:14.869455,,,start,0
2026-08-25 17:33:14.870747,,,drink,0
2026-08-25 17:33:14.913237,,,start,0
2026-08-25 17:33:14.914723,,,drink,0
2026-08-25 17:33:14.915536,,,start,0
2026-08-25 17:33:14.916712,,,drink,0
2026-08-25 17:33:14.917475,,,start,0
2026-08-25 17:33:14.918747,,,drink,0
2026-08-25 17:33:14.919517,,,start,0
2026-08-25 17:33:14.920750,,,drink,0
2026-08-25 17:33:59.343365,,,start,0
2026-08-25 17:34:16.634787,,,eat,0
2026-08-25 17:34:56.785618,,,start,0
2026-08-25 17:36:24.681854,,,eat,0
2026-08-25 17:36:57.374230,,,start,0
2026-08-25 17:37:17.191992,,,eat,0
2026-08-25 17:38:30.472111,,,start,0
2026-08-25 17:38:37.043304,,,exit beam,0
2026-08-25 17:38:39.128942,,,exit,0
2026-08-25 17:39:06.690014,,,block_end,0
2026-08-25 17:39:06.731665,,,imaging_stop,0
2026-08-25 17:40:02.940041,,,initialize,0
2026-08-25 17:42:28.434366,,,initialize,0
2026-08-25 17:46:27.634105,,,initialize,0
2026-08-25 17:47:28.854398,,,block_start,0
2026-08-25 17:47:32.546942,,,start,0
2026-08-25 17:47:35.387023,,,eat,0
2026-08-25 17:48:05.276631,,,start,0
2026-08-25 17:48:09.051463,,,drink,0
2026-08-25 17:48:25.361809,,,start,0
2026-08-25 17:48:28.978035,,,eat,0
2026-08-25 17:48:52.833938,,,start,0
2026-08-25 17:49:14.922493,,,eat,0
2026-08-25 17:49:39.714025,,,start,0
2026-08-25 17:49:47.388915,,,eat,0
2026-08-25 17:50:17.674594,,,start,0
2026-08-25 17:50:55.827255,,,eat,0
2026-08-25 17:51:30.891362,,,start,0
2026-08-25 17:51:41.967917,,,eat,0
2026-08-25 17:53:05.669992,,,start,0
2026-08-25 17:53:17.174338,,,eat,0
2026-08-25 17:53:57.426078,,,start,0
2026-08-25 17:54:42.449390,,,eat,0
2026-08-25 17:55:27.046546,,,start,0
2026-08-25 17:55:38.605895,,,drink,0
2026-08-25 17:55:45.088526,,,start,0
2026-08-25 17:55:48.066274,,,eat,0
2026-08-25 18:22:45.973826,,,start,0
2026-08-25 18:22:56.286012,,,eat,0
2026-08-25 18:23:51.182584,,,start,0
2026-08-25 18:24:13.756410,,,eat,0
2026-08-25 18:25:11.164060,,,start,0
2026-08-25 18:25:34.211291,,,eat,0
2026-08-25 18:27:29.112869,,,start,0
2026-08-25 18:27:50.726360,,,eat,0
2026-08-25 18:27:55.393355,,,start,0
2026-08-25 18:27:57.420257,,,exit beam,0
2026-08-25 18:27:59.508824,,,exit,0
2026-08-25 18:28:05.520831,,,block_end,0
2026-08-25 18:28:05.551206,,,imaging_stop,0
2026-08-26 10:29:35.613921,,,initialize,0
2026-08-26 10:31:23.900116,,,initialize,0
2026-08-26 10:44:28.922998,,,initialize,0
2026-08-26 10:45:57.448777,,,initialize,0
2026-08-26 10:48:43.359945,,,initialize,0
2026-08-26 11:01:17.453033,,,block_start,0
2026-08-26 11:01:24.271081,,,start,0
2026-08-26 11:01:31.116864,,,eat,0
2026-08-26 11:02:28.853902,,,start,0
2026-08-26 11:02:36.534137,,,drink,0
2026-08-26 11:02:42.973114,,,start,0
2026-08-26 11:03:17.133862,,,eat,0
2026-08-26 11:03:46.678585,,,start,0
2026-08-26 11:04:12.327430,,,eat,0
2026-08-26 11:04:47.898394,,,start,0
2026-08-26 11:04:53.801326,,,drink,0
2026-08-26 11:05:07.776150,,,start,0
2026-08-26 11:05:26.311727,,,eat,0
2026-08-26 11:05:54.284451,,,start,0
2026-08-26 11:06:08.509031,,,exit beam,0
2026-08-26 11:06:10.602365,,,exit,0
2026-08-26 11:06:16.614277,,,block_end,0
2026-08-26 11:06:16.644772,,,imaging_stop,0
2026-08-26 11:08:46.543881,,,block_start,0
2026-08-26 11:08:50.238797,,,start,0
2026-08-26 11:08:53.460967,,,eat,0
2026-08-26 11:10:10.985304,,,start,0
2026-08-26 11:10:18.999892,,,drink,0
2026-08-26 11:10:28.283388,,,start,0
2026-08-26 11:10:45.511676,,,eat,0
2026-08-26 11:11:02.137076,,,start,0
2026-08-26 11:11:10.809541,,,exit beam,0
2026-08-26 11:11:12.895057,,,exit,0
2026-08-26 11:11:17.903367,,,block_end,0
2026-08-26 11:11:17.933693,,,imaging_stop,0
2026-08-26 11:14:01.858363,,,block_start,0
2026-08-26 11:14:04.497531,,,start,0
2026-08-26 11:14:09.174716,,,eat,0
2026-08-26 11:15:20.128368,,,start,0
2026-08-26 11:15:33.363028,,,exit beam,0
2026-08-26 11:15:35.451886,,,exit,0
2026-08-26 11:15:42.969769,,,block_end,0
2026-08-26 11:15:43.000009,,,imaging_stop,0
2026-08-26 11:16:16.157422,,,block_start,0
2026-08-26 11:16:19.081148,,,start,0
2026-08-26 11:16:21.959871,,,eat,0
2026-08-26 11:18:45.678893,,,start,0
2026-08-26 11:18:57.439235,,,eat,0
2026-08-26 11:19:24.458271,,,start,0
2026-08-26 11:19:32.411674,,,eat,0
2026-08-26 11:23:59.084377,,,start,0
2026-08-26 11:24:07.759994,,,drink,0
2026-08-26 11:24:14.122530,,,start,0
2026-08-26 11:24:19.315942,,,eat,0
2026-08-26 11:56:36.401726,,,start,0
2026-08-26 12:24:05.805911,,,exit beam,0
2026-08-26 12:24:07.893899,,,exit,0
2026-08-26 12:27:06.251269,,,block_end,0
2026-08-26 12:27:06.281642,,,imaging_stop,0
2026-08-26 12:28:57.104707,,,block_start,0
2026-08-26 12:29:00.032520,,,start,0
2026-08-26 12:29:00.034061,,,start,0
2026-08-26 12:29:07.153791,,,eat,0
2026-08-26 12:30:41.545208,,,start,0
2026-08-26 12:30:48.316878,,,drink,0
2026-08-26 12:31:00.530611,,,start,0
2026-08-26 12:31:05.016586,,,eat,0
2026-08-26 12:31:38.439863,,,start,0
2026-08-26 12:32:32.629420,,,eat,0
2026-08-26 12:33:59.990810,,,start,0
2026-08-26 12:34:22.046769,,,eat,0
2026-08-26 12:34:57.343422,,,start,0
2026-08-26 12:35:04.432489,,,drink,0
2026-08-26 12:35:19.891834,,,start,0
2026-08-26 12:40:12.061317,,,eat,0
2026-08-26 12:41:14.952355,,,start,0
2026-08-26 12:42:13.939530,,,exit beam,0
2026-08-26 12:42:16.029359,,,exit,0
2026-08-26 12:42:28.555819,,,block_end,0
2026-08-26 12:42:28.586225,,,imaging_stop,0
2026-08-26 12:43:56.861280,,,block_start,0
2026-08-26 12:43:59.845278,,,start,0
2026-08-26 12:43:59.847060,,,start,0
2026-08-26 12:44:02.634223,,,eat,0
2026-08-26 14:00:29.923414,,,start,0
2026-08-26 14:05:59.377907,,,drink,0
2026-08-26 14:06:16.576788,,,start,0
2026-08-26 14:06:20.564903,,,exit beam,0
2026-08-26 14:06:22.652954,,,exit,0
2026-08-26 14:06:25.150386,,,block_end,0
2026-08-26 14:06:25.180681,,,imaging_stop,0
2026-08-26 14:07:32.407021,,,block_start,0
2026-08-26 14:07:36.317890,,,start,0
2026-08-26 14:08:17.334268,,,exit beam,0
2026-08-26 14:08:19.418444,,,exit,0
2026-08-26 14:08:23.433765,,,block_end,0
2026-08-26 14:08:23.464076,,,imaging_stop,0
2026-08-26 14:10:24.301971,,,block_start,0
2026-08-26 14:10:28.362987,,,start,0
2026-08-26 14:11:37.667404,,,drink,0
2026-08-26 14:11:42.883685,,,start,0
2026-08-26 14:14:44.575101,,,drink,0
2026-08-26 14:15:08.631261,,,start,0
2026-08-26 14:17:19.591691,,,drink,0
2026-08-26 14:17:23.942127,,,start,0
2026-08-26 14:17:43.911950,,,exit beam,0
2026-08-26 14:17:45.995441,,,exit,0
2026-08-26 14:17:49.509743,,,block_end,0
2026-08-26 14:17:49.540303,,,imaging_stop,0
2026-08-26 14:19:50.384079,,,block_start,0
2026-08-26 14:19:52.668662,,,start,0
2026-08-26 14:19:52.670183,,,start,0
2026-08-26 14:50:38.057364,,,exit beam,0
2026-08-26 14:50:40.138481,,,exit,0
2026-08-26 14:51:15.214306,,,block_end,0
2026-08-26 14:51:15.244578,,,imaging_stop,0
2026-08-26 14:58:05.667242,,,block_start,0
2026-08-26 14:58:08.261045,,,start,0
2026-08-26 14:58:27.557895,,,drink,0
2026-08-26 14:58:30.574394,,,start,0
2026-08-26 15:01:38.700858,,,exit beam,0
2026-08-26 15:01:40.782978,,,exit,0
2026-08-26 15:01:53.307870,,,block_end,0
2026-08-26 15:01:53.338120,,,imaging_stop,0
2026-08-26 15:13:57.876248,,,block_start,0
2026-08-26 15:13:59.830603,,,start,0
2026-08-26 15:13:59.832319,,,start,0
2026-08-26 15:16:42.543442,,,exit beam,0
2026-08-26 15:16:44.630413,,,exit,0
2026-08-26 15:16:46.638748,,,block_end,0
2026-08-26 15:16:46.668961,,,imaging_stop,0
2026-08-26 15:19:55.637194,,,block_start,0
2026-08-26 15:19:58.145377,,,start,0
2026-08-26 15:20:01.439024,,,eat,0
2026-08-26 15:22:19.976100,,,start,0
2026-08-26 15:22:27.988341,,,eat,0
2026-08-26 15:22:52.980767,,,start,0
2026-08-26 15:23:50.094994,,,eat,0
2026-08-26 15:24:19.744896,,,start,0
2026-08-26 15:24:35.137,,,eat,0
2026-08-26 15:25:09.301393,,,start,0
2026-08-26 15:25:15.791399,,,eat,0
2026-08-26 15:26:12.687842,,,start,0
2026-08-26 15:26:21.135452,,,exit beam,0
2026-08-26 15:26:23.226849,,,exit,0
2026-08-26 15:26:25.724354,,,block_end,0
2026-08-26 15:26:25.754740,,,imaging_stop,0
2026-08-26 15:27:53.522276,,,block_start,0
2026-08-26 15:27:55.526365,,,start,0
2026-08-26 15:27:55.527933,,,start,0
2026-08-26 15:27:58.948050,,,eat,0
2026-08-26 15:28:31.168712,,,start,0
2026-08-26 15:28:33.366256,,,exit beam,0
2026-08-26 15:28:35.452147,,,exit,0
2026-08-26 15:28:37.460352,,,block_end,0
2026-08-26 15:28:37.490474,,,imaging_stop,0
2026-08-26 15:31:19.906412,,,block_start,0
2026-08-26 15:31:22.521254,,,start,0
2026-08-26 15:31:22.523355,,,start,0
2026-08-26 15:31:24.690828,,,eat,0
2026-08-26 15:32:41.956322,,,start,0
2026-08-26 15:32:51.805857,,,eat,0
2026-08-26 15:33:53.684470,,,start,0
2026-08-26 15:34:04.021883,,,eat,0
2026-08-26 15:34:44.513254,,,start,0
2026-08-26 15:34:53.746351,,,eat,0
2026-08-26 15:36:01.056758,,,start,0
2026-08-26 15:36:16.276847,,,eat,0
2026-08-26 15:37:27.655400,,,start,0
2026-08-26 15:37:28.496400,,,eat,0
2026-08-26 15:37:28.497811,,,start,0
2026-08-26 15:37:28.499976,,,eat,0
2026-08-26 15:37:28.501285,,,start,0
2026-08-26 15:37:28.502683,,,eat,0
2026-08-26 15:37:28.503729,,,start,0
2026-08-26 15:37:28.505700,,,eat,0
2026-08-26 15:37:28.507355,,,start,0
2026-08-26 15:37:28.508680,,,eat,0
2026-08-26 15:37:28.510042,,,start,0
2026-08-26 15:37:28.511653,,,eat,0
2026-08-26 15:37:28.512740,,,start,0
2026-08-26 15:37:28.514672,,,eat,0
2026-08-26 15:37:28.515739,,,start,0
2026-08-26 15:37:28.517264,,,eat,0
2026-08-26 15:37:28.518792,,,start,0
2026-08-26 15:37:28.520690,,,eat,0
2026-08-26 15:37:28.522114,,,start,0
2026-08-26 15:37:28.523688,,,eat,0
2026-08-26 15:37:29.452243,,,start,0
2026-08-26 15:37:31.458608,,,exit beam,0
2026-08-26 15:37:33.542459,,,exit,0
2026-08-26 15:37:35.550827,,,block_end,0
2026-08-26 15:37:35.581166,,,imaging_stop,0
2026-08-26 15:38:00.227989,,,block_start,0
2026-08-26 15:38:02.917396,,,start,0
2026-08-26 15:38:26.390009,,,eat,0
2026-08-26 15:39:47.505740,,,start,0
2026-08-26 15:39:56.839647,,,eat,0
2026-08-26 15:42:17.643522,,,start,0
2026-08-26 15:42:24.652860,,,exit beam,0
2026-08-26 15:42:26.739461,,,exit,0
2026-08-26 15:42:28.747748,,,block_end,0
2026-08-26 15:42:28.778017,,,imaging_stop,0
2026-08-26 16:38:59.646192,,,block_start,0
2026-08-26 16:39:02.206571,,,start,0
2026-08-26 16:39:09.497789,,,eat,0
2026-08-26 16:41:42.615620,,,start,0
2026-08-26 16:41:47.780884,,,drink,0
2026-08-26 16:41:50.888492,,,start,0
2026-08-26 16:41:50.890295,,,drink,0
2026-08-26 16:41:50.891422,,,start,0
2026-08-26 16:41:50.893321,,,drink,0
2026-08-26 16:41:50.894292,,,start,0
2026-08-26 16:41:50.895316,,,drink,0
2026-08-26 16:41:50.896145,,,start,0
2026-08-26 16:41:50.897311,,,drink,0
2026-08-26 16:41:50.898127,,,start,0
2026-08-26 16:41:50.958035,,,drink,0
2026-08-26 16:41:50.959522,,,start,0
2026-08-26 16:41:50.961294,,,drink,0
2026-08-26 16:41:50.962138,,,start,0
2026-08-26 16:41:50.963283,,,drink,0
2026-08-26 16:41:50.964045,,,start,0
2026-08-26 16:41:50.965312,,,drink,0
2026-08-26 16:41:50.966089,,,start,0
2026-08-26 16:41:50.967311,,,drink,0
2026-08-26 16:41:50.968060,,,start,0
2026-08-26 16:41:50.969315,,,drink,0
2026-08-26 16:41:50.970130,,,start,0
2026-08-26 16:41:50.971314,,,drink,0
2026-08-26 16:41:50.972067,,,start,0
2026-08-26 16:41:50.973315,,,drink,0
2026-08-26 16:41:50.974079,,,start,0
2026-08-26 16:41:50.975317,,,drink,0
2026-08-26 16:41:50.976063,,,start,0
2026-08-26 16:41:50.977314,,,drink,0
2026-08-26 16:41:50.978084,,,start,0
2026-08-26 16:41:50.979284,,,drink,0
2026-08-26 16:41:50.980018,,,start,0
2026-08-26 16:41:50.981285,,,drink,0
2026-08-26 16:41:50.982072,,,start,0
2026-08-26 16:41:50.983284,,,drink,0
2026-08-26 16:41:50.984027,,,start,0
2026-08-26 16:41:50.985283,,,drink,0
2026-08-26 16:41:50.986050,,,start,0
2026-08-26 16:41:50.987314,,,drink,0
2026-08-26 16:41:50.988049,,,start,0
2026-08-26 16:41:50.989315,,,drink,0
2026-08-26 16:41:50.990089,,,start,0
2026-08-26 16:41:50.991314,,,drink,0
2026-08-26 16:41:50.992053,,,start,0
2026-08-26 16:41:50.993313,,,drink,0
2026-08-26 16:41:50.994120,,,start,0
2026-08-26 16:41:50.995315,,,drink,0
2026-08-26 16:41:50.996062,,,start,0
2026-08-26 16:41:50.997315,,,drink,0
2026-08-26 16:41:50.998087,,,start,0
2026-08-26 16:41:50.999316,,,drink,0
2026-08-26 16:41:51.000057,,,start,0
2026-08-26 16:41:51.001317,,,drink,0
2026-08-26 16:41:51.002090,,,start,0
2026-08-26 16:41:51.003316,,,drink,0
2026-08-26 16:41:51.004056,,,start,0
2026-08-26 16:41:51.005285,,,drink,0
2026-08-26 16:41:51.006046,,,start,0
2026-08-26 16:41:51.007285,,,drink,0
2026-08-26 16:41:51.008020,,,start,0
2026-08-26 16:41:51.009288,,,drink,0
2026-08-26 16:41:51.010052,,,start,0
2026-08-26 16:41:51.011286,,,drink,0
2026-08-26 16:41:51.012013,,,start,0
2026-08-26 16:41:51.013315,,,drink,0
2026-08-26 16:41:51.014072,,,start,0
2026-08-26 16:41:51.015314,,,drink,0
2026-08-26 16:41:51.016038,,,start,0
2026-08-26 16:41:51.017315,,,drink,0
2026-08-26 16:41:51.018110,,,start,0
2026-08-26 16:41:51.019316,,,drink,0
2026-08-26 16:41:51.020050,,,start,0
2026-08-26 16:41:51.021317,,,drink,0
2026-08-26 16:41:51.022074,,,start,0
2026-08-26 16:41:51.023315,,,drink,0
2026-08-26 16:41:51.024047,,,start,0
2026-08-26 16:41:51.025315,,,drink,0
2026-08-26 16:41:51.026074,,,start,0
2026-08-26 16:41:51.027317,,,drink,0
2026-08-26 16:41:51.028062,,,start,0
2026-08-26 16:41:51.029316,,,drink,0
2026-08-26 16:41:51.030076,,,start,0
2026-08-26 16:41:51.031289,,,drink,0
2026-08-26 16:41:51.032020,,,start,0
2026-08-26 16:41:51.033284,,,drink,0
2026-08-26 16:41:51.034076,,,start,0
2026-08-26 16:41:51.035285,,,drink,0
2026-08-26 16:41:51.036018,,,start,0
2026-08-26 16:41:51.037286,,,drink,0
2026-08-26 16:41:51.038043,,,start,0
2026-08-26 16:41:51.039315,,,drink,0
2026-08-26 16:41:51.040043,,,start,0
2026-08-26 16:41:51.041317,,,drink,0
2026-08-26 16:41:51.042079,,,start,0
2026-08-26 16:41:51.043318,,,drink,0
2026-08-26 16:41:51.044057,,,start,0
2026-08-26 16:41:51.045316,,,drink,0
2026-08-26 16:41:51.046070,,,start,0
2026-08-26 16:41:51.047319,,,drink,0
2026-08-26 16:41:51.048049,,,start,0
2026-08-26 16:41:51.049315,,,drink,0
2026-08-26 16:41:51.050072,,,start,0
2026-08-26 16:41:51.051317,,,drink,0
2026-08-26 16:41:51.052049,,,start,0
2026-08-26 16:41:51.053316,,,drink,0
2026-08-26 16:41:51.054075,,,start,0
2026-08-26 16:41:51.055317,,,drink,0
2026-08-26 16:41:51.056045,,,start,0
2026-08-26 16:41:51.057289,,,drink,0
2026-08-26 16:41:51.058049,,,start,0
2026-08-26 16:41:51.059305,,,drink,0
2026-08-26 16:41:51.060258,,,start,0
2026-08-26 16:41:51.061405,,,drink,0
2026-08-26 16:41:51.062806,,,start,0
2026-08-26 16:41:51.064350,,,drink,0
2026-08-26 16:41:51.065373,,,start,0
2026-08-26 16:41:51.067372,,,drink,0
2026-08-26 16:41:51.069213,,,start,0
2026-08-26 16:41:51.071366,,,drink,0
2026-08-26 16:41:51.072522,,,start,0
2026-08-26 16:41:51.074314,,,drink,0
2026-08-26 16:41:51.075353,,,start,0
2026-08-26 16:41:51.077381,,,drink,0
2026-08-26 16:41:51.079087,,,start,0
2026-08-26 16:41:51.081360,,,drink,0
2026-08-26 16:41:51.082547,,,start,0
2026-08-26 16:41:51.084321,,,drink,0
2026-08-26 16:41:51.085315,,,start,0
2026-08-26 16:41:51.086401,,,drink,0
2026-08-26 16:41:51.087396,,,start,0
2026-08-26 16:41:51.088425,,,drink,0
2026-08-26 16:41:51.089440,,,start,0
2026-08-26 16:41:51.090516,,,drink,0
2026-08-26 16:41:51.091505,,,start,0
2026-08-26 16:41:51.093370,,,drink,0
2026-08-26 16:41:51.095089,,,start,0
2026-08-26 16:41:51.097372,,,drink,0
2026-08-26 16:41:51.098636,,,start,0
2026-08-26 16:41:51.100347,,,drink,0
2026-08-26 16:41:51.101341,,,start,0
2026-08-26 16:41:51.102431,,,drink,0
2026-08-26 16:41:51.103427,,,start,0
2026-08-26 16:41:51.104455,,,drink,0
2026-08-26 16:41:51.105428,,,start,0
2026-08-26 16:41:51.106474,,,drink,0
2026-08-26 16:41:51.107445,,,start,0
2026-08-26 16:41:51.108451,,,drink,0
2026-08-26 16:41:51.109894,,,start,0
2026-08-26 16:41:51.111418,,,drink,0
2026-08-26 16:41:51.113227,,,start,0
2026-08-26 16:41:51.115360,,,drink,0
2026-08-26 16:41:51.116443,,,start,0
2026-08-26 16:41:51.117496,,,drink,0
2026-08-26 16:41:51.118534,,,start,0
2026-08-26 16:41:51.120346,,,drink,0
2026-08-26 16:41:51.121308,,,start,0
2026-08-26 16:41:51.122367,,,drink,0
2026-08-26 16:41:51.123350,,,start,0
2026-08-26 16:41:51.124362,,,drink,0
2026-08-26 16:41:51.125353,,,start,0
2026-08-26 16:41:51.127385,,,drink,0
2026-08-26 16:41:51.129106,,,start,0
2026-08-26 16:41:51.131360,,,drink,0
2026-08-26 16:41:51.132495,,,start,0
2026-08-26 16:41:51.134351,,,drink,0
2026-08-26 16:41:51.135364,,,start,0
2026-08-26 16:41:51.136467,,,drink,0
2026-08-26 16:41:51.137443,,,start,0
2026-08-26 16:41:51.138501,,,drink,0
2026-08-26 16:41:51.139471,,,start,0
2026-08-26 16:41:51.140475,,,drink,0
2026-08-26 16:41:51.141431,,,start,0
2026-08-26 16:41:51.143378,,,drink,0
2026-08-26 16:41:51.144976,,,start,0
2026-08-26 16:41:51.147381,,,drink,0
2026-08-26 16:41:51.148611,,,start,0
2026-08-26 16:41:51.150351,,,drink,0
2026-08-26 16:41:51.151365,,,start,0
2026-08-26 16:41:51.152420,,,drink,0
2026-08-26 16:41:51.153401,,,start,0
2026-08-26 16:41:51.154451,,,drink,0
2026-08-26 16:41:51.155413,,,start,0
2026-08-26 16:41:51.156412,,,drink,0
2026-08-26 16:41:51.157375,,,start,0
2026-08-26 16:41:51.158423,,,drink,0
2026-08-26 16:41:51.159820,,,start,0
2026-08-26 16:41:51.161585,,,drink,0
2026-08-26 16:41:51.163251,,,start,0
2026-08-26 16:41:51.165334,,,drink,0
2026-08-26 16:41:51.166454,,,start,0
2026-08-26 16:41:51.168354,,,drink,0
2026-08-26 16:41:51.169382,,,start,0
2026-08-26 16:41:51.170481,,,drink,0
2026-08-26 16:41:51.171497,,,start,0
2026-08-26 16:41:51.172524,,,drink,0
2026-08-26 16:41:51.173496,,,start,0
2026-08-26 16:41:51.175364,,,drink,0
2026-08-26 16:41:51.176694,,,start,0
2026-08-26 16:41:51.178380,,,drink,0
2026-08-26 16:41:51.179899,,,start,0
2026-08-26 16:41:51.181359,,,drink,0
2026-08-26 16:41:51.182508,,,start,0
2026-08-26 16:41:51.184353,,,drink,0
2026-08-26 16:41:51.185343,,,start,0
2026-08-26 16:41:51.186414,,,drink,0
2026-08-26 16:41:51.187417,,,start,0
2026-08-26 16:41:51.188447,,,drink,0
2026-08-26 16:41:51.189458,,,start,0
2026-08-26 16:41:51.191317,,,drink,0
2026-08-26 16:41:51.192483,,,start,0
2026-08-26 16:41:51.194386,,,drink,0
2026-08-26 16:41:51.196263,,,start,0
2026-08-26 16:41:51.198361,,,drink,0
2026-08-26 16:41:51.199466,,,start,0
2026-08-26 16:41:51.201350,,,drink,0
2026-08-26 16:41:51.202381,,,start,0
2026-08-26 16:41:51.203436,,,drink,0
2026-08-26 16:41:51.204434,,,start,0
2026-08-26 16:41:51.205461,,,drink,0
2026-08-26 16:41:51.206490,,,start,0
2026-08-26 16:41:51.207532,,,drink,0
2026-08-26 16:41:51.208518,,,start,0
2026-08-26 16:41:51.210384,,,drink,0
2026-08-26 16:41:51.212039,,,start,0
2026-08-26 16:41:51.214346,,,drink,0
2026-08-26 16:41:51.215564,,,start,0
2026-08-26 16:41:51.217331,,,drink,0
2026-08-26 16:41:51.218417,,,start,0
2026-08-26 16:41:51.219507,,,drink,0
2026-08-26 16:41:51.220509,,,start,0
2026-08-26 16:41:51.221533,,,drink,0
2026-08-26 16:41:51.222557,,,start,0
2026-08-26 16:41:51.224349,,,drink,0
2026-08-26 16:41:51.225359,,,start,0
2026-08-26 16:41:51.227389,,,drink,0
2026-08-26 16:41:51.229097,,,start,0
2026-08-26 16:41:51.231367,,,drink,0
2026-08-26 16:41:51.232493,,,start,0
2026-08-26 16:41:51.234320,,,drink,0
2026-08-26 16:41:51.235343,,,start,0
2026-08-26 16:41:51.236390,,,drink,0
2026-08-26 16:41:51.237384,,,start,0
2026-08-26 16:41:51.238464,,,drink,0
2026-08-26 16:41:51.239474,,,start,0
2026-08-26 16:41:51.240508,,,drink,0
2026-08-26 16:41:51.241495,,,start,0
2026-08-26 16:41:51.243353,,,drink,0
2026-08-26 16:41:51.244953,,,start,0
2026-08-26 16:41:51.247343,,,drink,0
2026-08-26 16:41:51.248593,,,start,0
2026-08-26 16:41:51.250324,,,drink,0
2026-08-26 16:41:51.251362,,,start,0
2026-08-26 16:41:51.252424,,,drink,0
2026-08-26 16:41:51.253425,,,start,0
2026-08-26 16:41:51.254501,,,drink,0
2026-08-26 16:41:51.255503,,,start,0
2026-08-26 16:41:51.256532,,,drink,0
2026-08-26 16:41:51.257514,,,start,0
2026-08-26 16:41:51.259411,,,drink,0
2026-08-26 16:41:51.260744,,,start,0
2026-08-26 16:41:51.263394,,,drink,0
2026-08-26 16:41:51.264728,,,start,0
2026-08-26 16:41:51.266327,,,drink,0
2026-08-26 16:41:51.267353,,,start,0
2026-08-26 16:41:51.268434,,,drink,0
2026-08-26 16:41:51.269505,,,start,0
2026-08-26 16:41:51.271357,,,drink,0
2026-08-26 16:41:51.272362,,,start,0
2026-08-26 16:41:51.273399,,,drink,0
2026-08-26 16:41:51.274423,,,start,0
2026-08-26 16:41:51.275604,,,drink,0
2026-08-26 16:41:51.277031,,,start,0
2026-08-26 16:41:51.279388,,,drink,0
2026-08-26 16:41:51.280827,,,start,0
2026-08-26 16:41:51.282328,,,drink,0
2026-08-26 16:41:51.283370,,,start,0
2026-08-26 16:41:51.284431,,,drink,0
2026-08-26 16:41:51.285433,,,start,0
2026-08-26 16:41:51.286512,,,drink,0
2026-08-26 16:41:51.287523,,,start,0
2026-08-26 16:41:51.289356,,,drink,0
2026-08-26 16:41:51.290415,,,start,0
2026-08-26 16:41:51.291459,,,drink,0
2026-08-26 16:41:51.292760,,,start,0
2026-08-26 16:41:51.294375,,,drink,0
2026-08-26 16:41:51.296317,,,start,0
2026-08-26 16:41:51.298332,,,drink,0
2026-08-26 16:41:51.299432,,,start,0
2026-08-26 16:41:51.300532,,,drink,0
2026-08-26 16:41:51.301541,,,start,0
2026-08-26 16:41:51.303358,,,drink,0
2026-08-26 16:41:51.304348,,,start,0
2026-08-26 16:41:51.305376,,,drink,0
2026-08-26 16:41:51.306414,,,start,0
2026-08-26 16:41:51.307458,,,drink,0
2026-08-26 16:41:51.308437,,,start,0
2026-08-26 16:41:51.310388,,,drink,0
2026-08-26 16:41:51.312069,,,start,0
2026-08-26 16:41:51.314357,,,drink,0
2026-08-26 16:41:51.315572,,,start,0
2026-08-26 16:41:51.317329,,,drink,0
2026-08-26 16:41:51.318375,,,start,0
2026-08-26 16:41:51.319432,,,drink,0
2026-08-26 16:41:51.320428,,,start,0
2026-08-26 16:41:51.321458,,,drink,0
2026-08-26 16:41:51.322515,,,start,0
2026-08-26 16:41:51.324357,,,drink,0
2026-08-26 16:41:51.325388,,,start,0
2026-08-26 16:41:51.327391,,,drink,0
2026-08-26 16:41:51.329126,,,start,0
2026-08-26 16:41:51.331371,,,drink,0
2026-08-26 16:41:51.332492,,,start,0
2026-08-26 16:41:51.334357,,,drink,0
2026-08-26 16:41:51.335377,,,start,0
2026-08-26 16:41:51.336421,,,drink,0
2026-08-26 16:41:51.337415,,,start,0
2026-08-26 16:41:51.338494,,,drink,0
2026-08-26 16:41:51.339494,,,start,0
2026-08-26 16:41:51.340524,,,drink,0
2026-08-26 16:41:51.341507,,,start,0
2026-08-26 16:41:51.343363,,,drink,0
2026-08-26 16:41:51.344984,,,start,0
2026-08-26 16:41:51.347343,,,drink,0
2026-08-26 16:41:51.348533,,,start,0
2026-08-26 16:41:51.350374,,,drink,0
2026-08-26 16:41:51.351509,,,start,0
2026-08-26 16:41:51.353059,,,drink,0
2026-08-26 16:41:51.354744,,,start,0
2026-08-26 16:41:51.356383,,,drink,0
2026-08-26 16:41:51.358028,,,start,0
2026-08-26 16:41:51.359445,,,drink,0
2026-08-26 16:41:51.360598,,,start,0
2026-08-26 16:41:51.362358,,,drink,0
2026-08-26 16:41:51.363614,,,start,0
2026-08-26 16:41:51.365372,,,drink,0
2026-08-26 16:41:51.366543,,,start,0
2026-08-26 16:41:51.368336,,,drink,0
2026-08-26 16:41:51.369376,,,start,0
2026-08-26 16:41:51.370524,,,drink,0
2026-08-26 16:41:51.371536,,,start,0
2026-08-26 16:41:51.373349,,,drink,0
2026-08-26 16:41:51.374506,,,start,0
2026-08-26 16:41:51.376384,,,drink,0
2026-08-26 16:41:51.377751,,,start,0
2026-08-26 16:41:51.379536,,,drink,0
2026-08-26 16:41:51.380736,,,start,0
2026-08-26 16:41:51.382369,,,drink,0
2026-08-26 16:41:51.383435,,,start,0
2026-08-26 16:41:51.384483,,,drink,0
2026-08-26 16:41:51.385457,,,start,0
2026-08-26 16:41:51.386514,,,drink,0
2026-08-26 16:41:51.387497,,,start,0
2026-08-26 16:41:51.388494,,,drink,0
2026-08-26 16:41:51.389437,,,start,0
2026-08-26 16:41:51.390522,,,drink,0
2026-08-26 16:41:51.391486,,,start,0
2026-08-26 16:41:51.393390,,,drink,0
2026-08-26 16:41:51.395042,,,start,0
2026-08-26 16:41:51.396388,,,drink,0
2026-08-26 16:41:51.397676,,,start,0
2026-08-26 16:41:51.399339,,,drink,0
2026-08-26 16:41:51.400349,,,start,0
2026-08-26 16:41:51.401362,,,drink,0
2026-08-26 16:41:51.402362,,,start,0
2026-08-26 16:41:51.403369,,,drink,0
2026-08-26 16:41:51.404308,,,start,0
2026-08-26 16:41:51.405364,,,drink,0
2026-08-26 16:41:51.406359,,,start,0
2026-08-26 16:41:51.407357,,,drink,0
2026-08-26 16:41:51.408296,,,start,0
2026-08-26 16:41:51.410368,,,drink,0
2026-08-26 16:41:51.412015,,,start,0
2026-08-26 16:41:51.413387,,,drink,0
2026-08-26 16:41:51.414678,,,start,0
2026-08-26 16:41:51.416365,,,drink,0
2026-08-26 16:41:51.417332,,,start,0
2026-08-26 16:41:51.418385,,,drink,0
2026-08-26 16:41:51.419355,,,start,0
2026-08-26 16:41:51.420413,,,drink,0
2026-08-26 16:41:51.421341,,,start,0
2026-08-26 16:41:51.422384,,,drink,0
2026-08-26 16:41:51.423341,,,start,0
2026-08-26 16:41:51.424327,,,drink,0
2026-08-26 16:41:51.425309,,,start,0
2026-08-26 16:41:51.427398,,,drink,0
2026-08-26 16:41:51.428960,,,start,0
2026-08-26 16:41:51.430374,,,drink,0
2026-08-26 16:41:51.431637,,,start,0
2026-08-26 16:41:51.433363,,,drink,0
2026-08-26 16:41:51.434380,,,start,0
2026-08-26 16:41:51.435403,,,drink,0
2026-08-26 16:41:51.436354,,,start,0
2026-08-26 16:41:51.437402,,,drink,0
2026-08-26 16:41:51.438388,,,start,0
2026-08-26 16:41:51.439390,,,drink,0
2026-08-26 16:41:51.440336,,,start,0
2026-08-26 16:41:51.441400,,,drink,0
2026-08-26 16:41:51.442712,,,start,0
2026-08-26 16:41:51.444403,,,drink,0
2026-08-26 16:41:51.446171,,,start,0
2026-08-26 16:41:51.447513,,,drink,0
2026-08-26 16:41:51.448724,,,start,0
2026-08-26 16:41:51.450336,,,drink,0
2026-08-26 16:41:51.451306,,,start,0
2026-08-26 16:41:51.452377,,,drink,0
2026-08-26 16:41:51.453330,,,start,0
2026-08-26 16:41:51.454361,,,drink,0
2026-08-26 16:41:51.455321,,,start,0
2026-08-26 16:41:51.456361,,,drink,0
2026-08-26 16:41:51.457303,,,start,0
2026-08-26 16:41:51.458371,,,drink,0
2026-08-26 16:41:51.459829,,,start,0
2026-08-26 16:41:51.461447,,,drink,0
2026-08-26 16:41:51.462721,,,start,0
2026-08-26 16:41:51.464381,,,drink,0
2026-08-26 16:41:51.465577,,,start,0
2026-08-26 16:41:51.467364,,,drink,0
2026-08-26 16:41:51.468356,,,start,0
2026-08-26 16:41:51.469414,,,drink,0
2026-08-26 16:41:51.470441,,,start,0
2026-08-26 16:41:51.471492,,,drink,0
2026-08-26 16:41:51.472479,,,start,0
2026-08-26 16:41:51.473510,,,drink,0
2026-08-26 16:41:51.474554,,,start,0
2026-08-26 16:41:51.476360,,,drink,0
2026-08-26 16:41:51.477672,,,start,0
2026-08-26 16:41:51.479391,,,drink,0
2026-08-26 16:41:51.480622,,,start,0
2026-08-26 16:41:51.482377,,,drink,0
2026-08-26 16:41:51.483419,,,start,0
2026-08-26 16:41:51.484465,,,drink,0
2026-08-26 16:41:51.485431,,,start,0
2026-08-26 16:41:51.486491,,,drink,0
2026-08-26 16:41:51.487468,,,start,0
2026-08-26 16:41:51.488475,,,drink,0
2026-08-26 16:41:51.489436,,,start,0
2026-08-26 16:41:51.490503,,,drink,0
2026-08-26 16:41:51.491498,,,start,0
2026-08-26 16:41:51.493377,,,drink,0
2026-08-26 16:41:51.494833,,,start,0
2026-08-26 16:41:51.496381,,,drink,0
2026-08-26 16:41:51.497557,,,start,0
2026-08-26 16:41:51.499344,,,drink,0
2026-08-26 16:41:51.500331,,,start,0
2026-08-26 16:41:51.501347,,,drink,0
2026-08-26 16:41:51.502351,,,start,0
2026-08-26 16:41:51.503386,,,drink,0
2026-08-26 16:41:51.504344,,,start,0
2026-08-26 16:41:51.505361,,,drink,0
2026-08-26 16:41:51.506367,,,start,0
2026-08-26 16:41:51.507400,,,drink,0
2026-08-26 16:41:51.508362,,,start,0
2026-08-26 16:41:51.510385,,,drink,0
2026-08-26 16:41:51.511921,,,start,0
2026-08-26 16:41:51.513376,,,drink,0
2026-08-26 16:41:51.514609,,,start,0
2026-08-26 16:41:51.516367,,,drink,0
2026-08-26 16:41:51.517327,,,start,0
2026-08-26 16:41:51.518387,,,drink,0
2026-08-26 16:41:51.519369,,,start,0
2026-08-26 16:41:51.520383,,,drink,0
2026-08-26 16:41:51.521339,,,start,0
2026-08-26 16:41:51.522402,,,drink,0
2026-08-26 16:41:51.523382,,,start,0
2026-08-26 16:41:51.524387,,,drink,0
2026-08-26 16:41:51.525443,,,start,0
2026-08-26 16:41:51.527352,,,drink,0
2026-08-26 16:41:51.528751,,,start,0
2026-08-26 16:41:51.530355,,,drink,0
2026-08-26 16:41:51.531587,,,start,0
2026-08-26 16:41:51.533367,,,drink,0
2026-08-26 16:41:51.534389,,,start,0
2026-08-26 16:41:51.535412,,,drink,0
2026-08-26 16:41:51.536370,,,start,0
2026-08-26 16:41:51.537369,,,drink,0
2026-08-26 16:41:51.538371,,,start,0
2026-08-26 16:41:51.539396,,,drink,0
2026-08-26 16:41:51.540361,,,start,0
2026-08-26 16:41:51.541368,,,drink,0
2026-08-26 16:41:51.542741,,,start,0
2026-08-26 16:41:51.544515,,,drink,0
2026-08-26 16:41:51.545868,,,start,0
2026-08-26 16:41:51.547399,,,drink,0
2026-08-26 16:41:51.548503,,,start,0
2026-08-26 16:41:51.550340,,,drink,0
2026-08-26 16:41:51.551320,,,start,0
2026-08-26 16:41:51.552335,,,drink,0
2026-08-26 16:41:51.553279,,,start,0
2026-08-26 16:41:51.554341,,,drink,0
2026-08-26 16:41:51.555333,,,start,0
2026-08-26 16:41:51.556334,,,drink,0
2026-08-26 16:41:51.557271,,,start,0
2026-08-26 16:41:51.558384,,,drink,0
2026-08-26 16:41:51.559757,,,start,0
2026-08-26 16:41:51.561403,,,drink,0
2026-08-26 16:41:51.562691,,,start,0
2026-08-26 16:41:51.564385,,,drink,0
2026-08-26 16:41:51.565532,,,start,0
2026-08-26 16:41:51.567369,,,drink,0
2026-08-26 16:41:51.568343,,,start,0
2026-08-26 16:41:51.569398,,,drink,0
2026-08-26 16:41:51.570431,,,start,0
2026-08-26 16:41:51.571454,,,drink,0
2026-08-26 16:41:51.572414,,,start,0
2026-08-26 16:41:51.573410,,,drink,0
2026-08-26 16:41:51.574405,,,start,0
2026-08-26 16:41:51.576364,,,drink,0
2026-08-26 16:41:51.577713,,,start,0
2026-08-26 16:41:51.579358,,,drink,0
2026-08-26 16:41:51.580603,,,start,0
2026-08-26 16:41:51.582347,,,drink,0
2026-08-26 16:41:51.583370,,,start,0
2026-08-26 16:41:51.584398,,,drink,0
2026-08-26 16:41:51.585365,,,start,0
2026-08-26 16:41:51.586401,,,drink,0
2026-08-26 16:41:51.587373,,,start,0
2026-08-26 16:41:51.588364,,,drink,0
2026-08-26 16:41:51.589312,,,start,0
2026-08-26 16:41:51.590366,,,drink,0
2026-08-26 16:41:51.591372,,,start,0
2026-08-26 16:41:51.593397,,,drink,0
2026-08-26 16:41:51.595037,,,start,0
2026-08-26 16:41:51.596385,,,drink,0
2026-08-26 16:41:51.597591,,,start,0
2026-08-26 16:41:51.599374,,,drink,0
2026-08-26 16:41:51.600369,,,start,0
2026-08-26 16:41:51.601381,,,drink,0
2026-08-26 16:41:51.602396,,,start,0
2026-08-26 16:41:51.603419,,,drink,0
2026-08-26 16:41:51.604373,,,start,0
2026-08-26 16:41:51.605373,,,drink,0
2026-08-26 16:41:51.606369,,,start,0
2026-08-26 16:41:51.607377,,,drink,0
2026-08-26 16:41:51.608336,,,start,0
2026-08-26 16:41:51.610389,,,drink,0
2026-08-26 16:41:51.611875,,,start,0
2026-08-26 16:41:51.613380,,,drink,0
2026-08-26 16:41:51.614634,,,start,0
2026-08-26 16:41:51.616373,,,drink,0
2026-08-26 16:41:51.617340,,,start,0
2026-08-26 16:41:51.618385,,,drink,0
2026-08-26 16:41:51.619363,,,start,0
2026-08-26 16:41:51.620366,,,drink,0
2026-08-26 16:41:51.621323,,,start,0
2026-08-26 16:41:51.622366,,,drink,0
2026-08-26 16:41:51.623329,,,start,0
2026-08-26 16:41:51.624367,,,drink,0
2026-08-26 16:41:51.625435,,,start,0
2026-08-26 16:41:51.627392,,,drink,0
2026-08-26 16:41:51.628837,,,start,0
2026-08-26 16:41:51.630363,,,drink,0
2026-08-26 16:41:51.631565,,,start,0
2026-08-26 16:41:51.633345,,,drink,0
2026-08-26 16:41:51.634342,,,start,0
2026-08-26 16:41:51.635366,,,drink,0
2026-08-26 16:41:51.636320,,,start,0
2026-08-26 16:41:51.637369,,,drink,0
2026-08-26 16:41:51.638357,,,start,0
2026-08-26 16:41:51.639366,,,drink,0
2026-08-26 16:41:51.640332,,,start,0
2026-08-26 16:41:51.641366,,,drink,0
2026-08-26 16:41:51.642734,,,start,0
2026-08-26 16:41:51.644518,,,drink,0
2026-08-26 16:41:51.645862,,,start,0
2026-08-26 16:41:51.647391,,,drink,0
2026-08-26 16:41:51.648500,,,start,0
2026-08-26 16:41:51.650335,,,drink,0
2026-08-26 16:41:51.651317,,,start,0
2026-08-26 16:41:51.652371,,,drink,0
2026-08-26 16:41:51.653327,,,start,0
2026-08-26 16:41:51.654382,,,drink,0
2026-08-26 16:41:51.655343,,,start,0
2026-08-26 16:41:51.656338,,,drink,0
2026-08-26 16:41:51.657271,,,start,0
2026-08-26 16:41:51.658349,,,drink,0
2026-08-26 16:41:51.659782,,,start,0
2026-08-26 16:41:51.661403,,,drink,0
2026-08-26 16:41:51.662687,,,start,0
2026-08-26 16:41:51.664388,,,drink,0
2026-08-26 16:41:51.665532,,,start,0
2026-08-26 16:41:51.667375,,,drink,0
2026-08-26 16:41:51.668344,,,start,0
2026-08-26 16:41:51.669398,,,drink,0
2026-08-26 16:41:51.670420,,,start,0
2026-08-26 16:41:51.671446,,,drink,0
2026-08-26 16:41:51.672412,,,start,0
2026-08-26 16:41:51.673403,,,drink,0
2026-08-26 16:41:51.675925,,,start,0
2026-08-26 16:41:51.677378,,,drink,0
2026-08-26 16:41:51.678831,,,start,0
2026-08-26 16:41:51.680383,,,drink,0
2026-08-26 16:41:51.681378,,,start,0
2026-08-26 16:41:51.682334,,,drink,0
2026-08-26 16:41:51.683133,,,start,0
2026-08-26 16:41:51.684321,,,drink,0
2026-08-26 16:41:51.685066,,,start,0
2026-08-26 16:41:51.686320,,,drink,0
2026-08-26 16:41:51.687070,,,start,0
2026-08-26 16:41:51.688350,,,drink,0
2026-08-26 16:41:51.689088,,,start,0
2026-08-26 16:41:51.690351,,,drink,0
2026-08-26 16:41:51.691130,,,start,0
2026-08-26 16:41:51.692399,,,drink,0
2026-08-26 16:41:51.693445,,,start,0
2026-08-26 16:41:51.695382,,,drink,0
2026-08-26 16:41:51.696419,,,start,0
2026-08-26 16:41:51.697359,,,drink,0
2026-08-26 16:41:51.698175,,,start,0
2026-08-26 16:41:51.699356,,,drink,0
2026-08-26 16:41:51.700104,,,start,0
2026-08-26 16:41:51.701352,,,drink,0
2026-08-26 16:41:51.702111,,,start,0
2026-08-26 16:41:51.703351,,,drink,0
2026-08-26 16:41:51.704087,,,start,0
2026-08-26 16:41:51.705349,,,drink,0
2026-08-26 16:41:51.706108,,,start,0
2026-08-26 16:41:51.707320,,,drink,0
2026-08-26 16:41:51.708057,,,start,0
2026-08-26 16:41:51.709348,,,drink,0
2026-08-26 16:41:51.710379,,,start,0
2026-08-26 16:41:51.712348,,,drink,0
2026-08-26 16:41:51.713333,,,start,0
2026-08-26 16:41:51.714325,,,drink,0
2026-08-26 16:41:51.715104,,,start,0
2026-08-26 16:41:51.716356,,,drink,0
2026-08-26 16:41:51.717139,,,start,0
2026-08-26 16:41:51.718358,,,drink,0
2026-08-26 16:41:51.719118,,,start,0
2026-08-26 16:41:51.720351,,,drink,0
2026-08-26 16:41:51.721085,,,start,0
2026-08-26 16:41:51.722353,,,drink,0
2026-08-26 16:41:51.723118,,,start,0
2026-08-26 16:41:51.724352,,,drink,0
2026-08-26 16:41:51.725113,,,start,0
2026-08-26 16:41:51.726355,,,drink,0
2026-08-26 16:41:51.727125,,,start,0
2026-08-26 16:41:51.728351,,,drink,0
2026-08-26 16:41:51.729094,,,start,0
2026-08-26 16:41:51.730315,,,drink,0
2026-08-26 16:41:51.731063,,,start,0
2026-08-26 16:41:51.732358,,,drink,0
2026-08-26 16:41:51.733097,,,start,0
2026-08-26 16:41:51.734323,,,drink,0
2026-08-26 16:41:51.735065,,,start,0
2026-08-26 16:41:51.736320,,,drink,0
2026-08-26 16:41:51.737051,,,start,0
2026-08-26 16:41:51.738322,,,drink,0
2026-08-26 16:41:51.739061,,,start,0
2026-08-26 16:41:51.740353,,,drink,0
2026-08-26 16:41:51.741078,,,start,0
2026-08-26 16:41:51.742359,,,drink,0
2026-08-26 16:41:51.743122,,,start,0
2026-08-26 16:41:51.744351,,,drink,0
2026-08-26 16:41:51.745088,,,start,0
2026-08-26 16:41:51.746316,,,drink,0
2026-08-26 16:41:51.747062,,,start,0
2026-08-26 16:41:51.748352,,,drink,0
2026-08-26 16:41:51.749082,,,start,0
2026-08-26 16:41:51.750354,,,drink,0
2026-08-26 16:41:51.751099,,,start,0
2026-08-26 16:41:51.752353,,,drink,0
2026-08-26 16:41:51.753084,,,start,0
2026-08-26 16:41:51.754355,,,drink,0
2026-08-26 16:41:51.755098,,,start,0
2026-08-26 16:41:51.756353,,,drink,0
2026-08-26 16:41:51.757083,,,start,0
2026-08-26 16:41:51.758360,,,drink,0
2026-08-26 16:41:51.759106,,,start,0
2026-08-26 16:41:51.760322,,,drink,0
2026-08-26 16:41:51.761052,,,start,0
2026-08-26 16:41:51.762316,,,drink,0
2026-08-26 16:41:51.763066,,,start,0
2026-08-26 16:41:51.764321,,,drink,0
2026-08-26 16:41:51.765051,,,start,0
2026-08-26 16:41:51.766354,,,drink,0
2026-08-26 16:41:51.767096,,,start,0
2026-08-26 16:41:51.768355,,,drink,0
2026-08-26 16:41:51.769100,,,start,0
2026-08-26 16:41:51.770358,,,drink,0
2026-08-26 16:41:51.771113,,,start,0
2026-08-26 16:41:51.772355,,,drink,0
2026-08-26 16:41:51.773094,,,start,0
2026-08-26 16:41:51.774365,,,drink,0
2026-08-26 16:41:51.775334,,,start,0
2026-08-26 16:41:51.776402,,,drink,0
2026-08-26 16:41:51.777911,,,start,0
2026-08-26 16:41:51.779410,,,drink,0
2026-08-26 16:41:51.781060,,,start,0
2026-08-26 16:41:51.782395,,,drink,0
2026-08-26 16:41:51.783605,,,start,0
2026-08-26 16:41:51.785353,,,drink,0
2026-08-26 16:41:51.786362,,,start,0
2026-08-26 16:41:51.787390,,,drink,0
2026-08-26 16:41:51.788346,,,start,0
2026-08-26 16:41:51.789347,,,drink,0
2026-08-26 16:41:51.790322,,,start,0
2026-08-26 16:41:51.791374,,,drink,0
2026-08-26 16:41:51.792720,,,start,0
2026-08-26 16:41:51.794516,,,drink,0
2026-08-26 16:41:51.796069,,,start,0
2026-08-26 16:41:51.797399,,,drink,0
2026-08-26 16:41:51.798638,,,start,0
2026-08-26 16:41:51.800387,,,drink,0
2026-08-26 16:41:51.801423,,,start,0
2026-08-26 16:41:51.803384,,,drink,0
2026-08-26 16:41:51.804350,,,start,0
2026-08-26 16:41:51.805422,,,drink,0
2026-08-26 16:41:51.806453,,,start,0
2026-08-26 16:41:51.807476,,,drink,0
2026-08-26 16:41:51.808486,,,start,0
2026-08-26 16:41:51.810395,,,drink,0
2026-08-26 16:41:51.812153,,,start,0
2026-08-26 16:41:51.814376,,,drink,0
2026-08-26 16:41:51.815563,,,start,0
2026-08-26 16:41:51.817386,,,drink,0
2026-08-26 16:41:51.818429,,,start,0
2026-08-26 16:41:51.819492,,,drink,0
2026-08-26 16:41:51.820478,,,start,0
2026-08-26 16:41:51.821499,,,drink,0
2026-08-26 16:41:51.822521,,,start,0
2026-08-26 16:41:51.823559,,,drink,0
2026-08-26 16:41:51.824549,,,start,0
2026-08-26 16:41:51.826378,,,drink,0
2026-08-26 16:41:51.827689,,,start,0
2026-08-26 16:41:51.829483,,,drink,0
2026-08-26 16:41:51.830918,,,start,0
2026-08-26 16:41:51.832391,,,drink,0
2026-08-26 16:41:51.833406,,,start,0
2026-08-26 16:41:51.834513,,,drink,0
2026-08-26 16:41:51.835532,,,start,0
2026-08-26 16:41:51.837344,,,drink,0
2026-08-26 16:41:51.838348,,,start,0
2026-08-26 16:41:51.839397,,,drink,0
2026-08-26 16:41:51.840381,,,start,0
2026-08-26 16:41:51.841398,,,drink,0
2026-08-26 16:41:51.842815,,,start,0
2026-08-26 16:41:51.844612,,,drink,0
2026-08-26 16:41:51.846280,,,start,0
2026-08-26 16:41:51.848395,,,drink,0
2026-08-26 16:41:51.849482,,,start,0
2026-08-26 16:41:51.851387,,,drink,0
2026-08-26 16:41:51.852393,,,start,0
2026-08-26 16:41:51.853435,,,drink,0
2026-08-26 16:41:51.854470,,,start,0
2026-08-26 16:41:51.855514,,,drink,0
2026-08-26 16:41:51.856486,,,start,0
2026-08-26 16:41:51.857506,,,drink,0
2026-08-26 16:41:51.858626,,,start,0
2026-08-26 16:41:51.860401,,,drink,0
2026-08-26 16:41:51.862036,,,start,0
2026-08-26 16:41:51.864375,,,drink,0
2026-08-26 16:41:51.865536,,,start,0
2026-08-26 16:41:51.867362,,,drink,0
2026-08-26 16:41:51.868400,,,start,0
2026-08-26 16:41:51.869508,,,drink,0
2026-08-26 16:41:51.870594,,,start,0
2026-08-26 16:41:51.872388,,,drink,0
2026-08-26 16:41:51.873378,,,start,0
2026-08-26 16:41:51.874470,,,drink,0
2026-08-26 16:41:51.977205,,,start,0
2026-08-26 16:41:51.979376,,,drink,0
2026-08-26 16:41:52.006628,,,start,0
2026-08-26 16:41:52.008383,,,drink,0
2026-08-26 16:41:52.009226,,,start,0
2026-08-26 16:41:52.010372,,,drink,0
2026-08-26 16:41:52.011147,,,start,0
2026-08-26 16:41:52.012370,,,drink,0
2026-08-26 16:41:52.013120,,,start,0
2026-08-26 16:41:52.014369,,,drink,0
2026-08-26 16:41:52.015127,,,start,0
2026-08-26 16:41:52.016368,,,drink,0
2026-08-26 16:41:52.017107,,,start,0
2026-08-26 16:41:52.018334,,,drink,0
2026-08-26 16:41:52.019083,,,start,0
2026-08-26 16:41:52.020339,,,drink,0
2026-08-26 16:41:52.021075,,,start,0
2026-08-26 16:41:52.022340,,,drink,0
2026-08-26 16:41:52.023088,,,start,0
2026-08-26 16:41:52.024339,,,drink,0
2026-08-26 16:41:52.025079,,,start,0
2026-08-26 16:41:52.026369,,,drink,0
2026-08-26 16:41:52.027124,,,start,0
2026-08-26 16:41:52.028370,,,drink,0
2026-08-26 16:41:52.029109,,,start,0
2026-08-26 16:41:52.030367,,,drink,0
2026-08-26 16:41:52.031109,,,start,0
2026-08-26 16:41:52.032368,,,drink,0
2026-08-26 16:41:52.033096,,,start,0
2026-08-26 16:41:52.034332,,,drink,0
2026-08-26 16:41:52.035106,,,start,0
2026-08-26 16:41:52.036368,,,drink,0
2026-08-26 16:41:52.037104,,,start,0
2026-08-26 16:41:52.038371,,,drink,0
2026-08-26 16:41:52.039121,,,start,0
2026-08-26 16:41:52.040370,,,drink,0
2026-08-26 16:41:52.041108,,,start,0
2026-08-26 16:41:52.042376,,,drink,0
2026-08-26 16:41:52.125110,,,start,0
2026-08-26 16:41:52.127356,,,drink,0
2026-08-26 16:41:52.128271,,,start,0
2026-08-26 16:41:52.129351,,,drink,0
2026-08-26 16:41:52.130199,,,start,0
2026-08-26 16:41:52.131378,,,drink,0
2026-08-26 16:41:52.132138,,,start,0
2026-08-26 16:41:52.133378,,,drink,0
2026-08-26 16:41:52.134153,,,start,0
2026-08-26 16:41:52.135376,,,drink,0
2026-08-26 16:41:52.136122,,,start,0
2026-08-26 16:41:52.137375,,,drink,0
2026-08-26 16:41:52.138146,,,start,0
2026-08-26 16:41:52.139376,,,drink,0
2026-08-26 16:41:52.140112,,,start,0
2026-08-26 16:41:52.141375,,,drink,0
2026-08-26 16:41:52.142174,,,start,0
2026-08-26 16:41:52.143378,,,drink,0
2026-08-26 16:41:52.144123,,,start,0
2026-08-26 16:41:52.145376,,,drink,0
2026-08-26 16:41:52.146146,,,start,0
2026-08-26 16:41:52.147376,,,drink,0
2026-08-26 16:41:52.148117,,,start,0
2026-08-26 16:41:52.149382,,,drink,0
2026-08-26 16:41:52.150152,,,start,0
2026-08-26 16:41:52.151346,,,drink,0
2026-08-26 16:41:52.152077,,,start,0
2026-08-26 16:41:52.153345,,,drink,0
2026-08-26 16:41:52.154149,,,start,0
2026-08-26 16:41:52.155348,,,drink,0
2026-08-26 16:41:52.156093,,,start,0
2026-08-26 16:41:52.157376,,,drink,0
2026-08-26 16:41:52.158138,,,start,0
2026-08-26 16:41:52.159376,,,drink,0
2026-08-26 16:41:52.160113,,,start,0
2026-08-26 16:41:52.161375,,,drink,0
2026-08-26 16:41:52.267129,,,start,0
2026-08-26 16:41:52.269365,,,drink,0
2026-08-26 16:41:52.270329,,,start,0
2026-08-26 16:41:52.271359,,,drink,0
2026-08-26 16:41:52.272160,,,start,0
2026-08-26 16:41:52.273383,,,drink,0
2026-08-26 16:41:52.274202,,,start,0
2026-08-26 16:41:52.275389,,,drink,0
2026-08-26 16:41:52.276144,,,start,0
2026-08-26 16:41:52.277382,,,drink,0
2026-08-26 16:41:52.278150,,,start,0
2026-08-26 16:41:52.279385,,,drink,0
2026-08-26 16:41:52.280128,,,start,0
2026-08-26 16:41:52.281383,,,drink,0
2026-08-26 16:41:52.282154,,,start,0
2026-08-26 16:41:52.283384,,,drink,0
2026-08-26 16:41:52.284122,,,start,0
2026-08-26 16:41:52.285383,,,drink,0
2026-08-26 16:41:52.286152,,,start,0
2026-08-26 16:41:52.287353,,,drink,0
2026-08-26 16:41:52.288089,,,start,0
2026-08-26 16:41:52.289356,,,drink,0
2026-08-26 16:41:52.290121,,,start,0
2026-08-26 16:41:52.291353,,,drink,0
2026-08-26 16:41:52.292097,,,start,0
2026-08-26 16:41:52.293384,,,drink,0
2026-08-26 16:41:52.294153,,,start,0
2026-08-26 16:41:52.295385,,,drink,0
2026-08-26 16:41:52.296116,,,start,0
2026-08-26 16:41:52.297384,,,drink,0
2026-08-26 16:41:52.298177,,,start,0
2026-08-26 16:41:52.299388,,,drink,0
2026-08-26 16:41:52.423986,,,start,0
2026-08-26 16:41:52.425438,,,drink,0
2026-08-26 16:41:52.426403,,,start,0
2026-08-26 16:41:52.427367,,,drink,0
2026-08-26 16:41:52.428157,,,start,0
2026-08-26 16:41:52.429394,,,drink,0
2026-08-26 16:41:52.430185,,,start,0
2026-08-26 16:41:52.431394,,,drink,0
2026-08-26 16:42:49.890597,,,start,0
2026-08-26 16:42:59.306975,,,drink,0
2026-08-26 16:43:08.587754,,,start,0
2026-08-26 16:43:12.045916,,,eat,0
2026-08-26 16:44:31.726116,,,start,0
2026-08-26 16:44:39.684850,,,exit beam,0
2026-08-26 16:44:41.769915,,,exit,0
2026-08-26 16:44:46.275763,,,block_end,0
2026-08-26 16:44:46.306066,,,imaging_stop,0
2026-08-26 16:47:12.695464,,,block_start,0
2026-08-26 16:47:14.655533,,,start,0
2026-08-26 16:48:24.856880,,,eat,0
2026-08-26 16:50:59.601503,,,start,0
2026-08-26 16:51:32.818570,,,eat,0
2026-08-26 16:52:11.204749,,,start,0
2026-08-26 16:52:17.041821,,,drink,0
2026-08-26 16:52:25.954668,,,start,0
2026-08-26 16:52:29.090863,,,eat,0
2026-08-26 16:53:08.278085,,,start,0
2026-08-26 16:53:35.106705,,,eat,0
2026-08-26 16:54:04.034787,,,start,0
2026-08-26 16:54:33.804277,,,eat,0
2026-08-26 16:56:56.528273,,,start,0
2026-08-26 16:57:04.140139,,,eat,0
2026-08-26 16:58:15.550492,,,start,0
2026-08-26 16:58:19.197456,,,exit beam,0
2026-08-26 16:58:21.278513,,,exit,0
2026-08-26 16:58:25.797709,,,block_end,0
2026-08-26 16:58:25.828077,,,imaging_stop,0
2026-08-26 16:59:54.105489,,,block_start,0
2026-08-26 16:59:56.020353,,,start,0
2026-08-26 16:59:56.021943,,,start,0
2026-08-26 16:59:58.907986,,,eat,0
2026-08-26 17:01:51.742610,,,start,0
2026-08-26 17:01:52.578001,,,eat,0
2026-08-26 17:01:52.579484,,,start,0
2026-08-26 17:01:52.581276,,,eat,0
2026-08-26 17:01:52.582298,,,start,0
2026-08-26 17:01:52.583279,,,eat,0
2026-08-26 17:01:52.584175,,,start,0
2026-08-26 17:01:52.585290,,,eat,0
2026-08-26 17:01:52.586139,,,start,0
2026-08-26 17:01:52.587285,,,eat,0
2026-08-26 17:01:52.588060,,,start,0
2026-08-26 17:01:52.589285,,,eat,0
2026-08-26 17:01:52.590070,,,start,0
2026-08-26 17:01:52.591285,,,eat,0
2026-08-26 17:01:52.592049,,,start,0
2026-08-26 17:01:52.593285,,,eat,0
2026-08-26 17:01:52.594067,,,start,0
2026-08-26 17:01:52.595247,,,eat,0
2026-08-26 17:01:52.596004,,,start,0
2026-08-26 17:01:52.597286,,,eat,0
2026-08-26 17:01:52.598067,,,start,0
2026-08-26 17:01:52.599286,,,eat,0
2026-08-26 17:01:52.600045,,,start,0
2026-08-26 17:01:52.601286,,,eat,0
2026-08-26 17:01:52.602061,,,start,0
2026-08-26 17:01:52.603255,,,eat,0
2026-08-26 17:01:52.604005,,,start,0
2026-08-26 17:01:52.605255,,,eat,0
2026-08-26 17:01:55.920144,,,start,0
2026-08-26 17:03:07.064378,,,eat,0
2026-08-26 17:03:51.521089,,,start,0
2026-08-26 17:03:55.062092,,,eat,0
2026-08-26 17:04:30.835546,,,start,0
2026-08-26 17:04:37.673463,,,drink,0
2026-08-26 17:04:47.872969,,,start,0
2026-08-26 17:04:50.679650,,,eat,0
2026-08-26 17:05:54.532575,,,start,0
2026-08-26 17:06:00.705628,,,exit beam,0
2026-08-26 17:06:02.786551,,,exit,0
2026-08-26 17:06:06.801798,,,block_end,0
2026-08-26 17:06:06.832058,,,imaging_stop,0
2026-08-26 17:09:20.317332,,,block_start,0
2026-08-26 17:09:22.585978,,,start,0
2026-08-26 17:09:25.177913,,,eat,0
2026-08-26 17:09:50.133324,,,start,0
2026-08-26 17:10:03.323985,,,eat,0
2026-08-26 17:10:56.504738,,,start,0
2026-08-26 17:11:10.724265,,,eat,0
2026-08-26 17:11:32.778328,,,start,0
2026-08-26 17:11:42.531637,,,eat,0
2026-08-26 17:12:52.655440,,,start,0
2026-08-26 17:13:37.142017,,,eat,0
2026-08-26 17:14:04.289644,,,start,0
2026-08-26 17:14:19.751652,,,eat,0
2026-08-26 17:15:14.422593,,,start,0
2026-08-26 17:15:21.883498,,,exit beam,0
2026-08-26 17:15:23.968914,,,exit,0
2026-08-26 17:15:27.483208,,,block_end,0
2026-08-26 17:15:27.513738,,,imaging_stop,0
2026-08-26 17:16:02.679034,,,block_start,0
2026-08-26 17:16:11.587135,,,start,0
2026-08-26 17:16:26.305212,,,eat,0
2026-08-26 17:17:10.712787,,,start,0
2026-08-26 17:17:17.316849,,,eat,0
2026-08-26 17:17:59.501439,,,start,0
2026-08-26 17:18:16.865985,,,eat,0
2026-08-26 17:18:48.902590,,,start,0
2026-08-26 17:18:51.974941,,,drink,0
2026-08-26 17:19:23.310141,,,start,0
2026-08-26 17:20:14.395388,,,eat,0
2026-08-26 17:21:15.259828,,,start,0
2026-08-26 17:21:25.074275,,,eat,0
2026-08-26 17:22:42.409287,,,start,0
2026-08-26 17:22:48.906780,,,eat,0
2026-08-26 17:23:27.724627,,,start,0
2026-08-26 17:23:34.411258,,,exit beam,0
2026-08-26 17:23:36.502864,,,exit,0
2026-08-26 17:23:40.003829,,,block_end,0
2026-08-26 17:23:40.034350,,,imaging_stop,0
2026-08-26 17:25:09.313926,,,block_start,0
2026-08-26 17:25:12.397699,,,start,0
2026-08-26 17:25:16.105802,,,eat,0
2026-08-26 17:25:27.189300,,,start,0
2026-08-26 17:26:07.521597,,,eat,0
2026-08-26 17:26:43.129506,,,start,0
2026-08-26 17:26:51.131236,,,eat,0
2026-08-26 17:27:13.316767,,,start,0
2026-08-26 17:27:15.080977,,,exit beam,0
2026-08-26 17:27:17.173345,,,exit,0
2026-08-26 17:27:19.670851,,,block_end,0
2026-08-26 17:27:19.701113,,,imaging_stop,0
2026-08-26 17:32:03.867881,,,block_start,0
2026-08-26 17:32:05.808427,,,start,0
2026-08-26 17:32:44.335587,,,eat,0
2026-08-26 17:33:07.438599,,,start,0
2026-08-26 17:33:40.371139,,,drink,0
2026-08-26 17:33:43.435430,,,start,0
2026-08-26 17:33:49.233968,,,eat,0
2026-08-26 17:34:15.088643,,,start,0
2026-08-26 17:34:32.291962,,,eat,0
2026-08-26 17:34:56.014166,,,start,0
2026-08-26 17:35:08.868839,,,eat,0
2026-08-26 17:35:49.280328,,,start,0
2026-08-26 17:36:30.454271,,,eat,0
2026-08-26 17:37:13.150342,,,start,0
2026-08-26 17:37:23.500944,,,exit beam,0
2026-08-26 17:37:25.587428,,,exit,0
2026-08-26 17:37:28.587358,,,block_end,0
2026-08-26 17:37:28.617676,,,imaging_stop,0
2026-08-26 17:37:46.248628,,,block_start,0
2026-08-26 17:37:48.967349,,,start,0
2026-08-26 17:37:48.968916,,,start,0
2026-08-26 17:37:52.292234,,,eat,0
2026-08-26 17:38:17.102230,,,start,0
2026-08-26 17:38:44.050388,,,eat,0
2026-08-26 17:39:01.526864,,,start,0
2026-08-26 17:39:12.636800,,,exit beam,0
2026-08-26 17:39:14.721940,,,exit,0
2026-08-26 17:39:16.730310,,,block_end,0
2026-08-26 17:39:16.760719,,,imaging_stop,0
2026-08-26 17:40:04.449702,,,block_start,0
2026-08-26 17:40:07.466249,,,start,0
2026-08-26 17:40:12.628469,,,eat,0
2026-08-26 17:40:30.632752,,,start,0
2026-08-26 17:40:39.732138,,,eat,0
2026-08-26 17:41:09.647005,,,start,0
2026-08-26 17:41:27.378263,,,eat,0
2026-08-26 17:41:51.464284,,,start,0
2026-08-26 17:43:08.921062,,,drink,0
2026-08-26 17:43:13.523844,,,start,0
2026-08-26 17:43:16.358023,,,eat,0
2026-08-26 17:43:41.259914,,,start,0
2026-08-26 17:43:51.456581,,,exit beam,0
2026-08-26 17:43:53.544894,,,exit,0
2026-08-26 17:43:55.553269,,,block_end,0
2026-08-26 17:43:55.583600,,,imaging_stop,0
2026-08-26 17:44:14.719452,,,block_start,0
2026-08-26 17:44:17.473737,,,start,0
2026-08-26 17:44:35.595309,,,eat,0
2026-08-26 17:45:12.352077,,,start,0
2026-08-26 17:45:33.533787,,,exit beam,0
2026-08-26 17:45:35.621884,,,exit,0
2026-08-26 17:45:38.621885,,,block_end,0
2026-08-26 17:45:38.652226,,,imaging_stop,0
2026-08-26 17:46:23.842323,,,block_start,0
2026-08-26 17:46:28.689931,,,start,0
2026-08-26 17:46:28.691462,,,start,0
2026-08-26 17:46:30.691693,,,eat,0
2026-08-26 17:47:27.350609,,,start,0
2026-08-26 17:47:35.922521,,,drink,0
2026-08-26 17:47:47.862957,,,start,0
2026-08-26 17:47:55.710729,,,eat,0
2026-08-26 17:48:12.329946,,,start,0
2026-08-26 17:48:15.222763,,,exit beam,0
2026-08-26 17:48:17.304973,,,exit,0
2026-08-26 17:48:18.810873,,,block_end,0
2026-08-26 17:48:18.841091,,,imaging_stop,0
2026-08-26 17:49:05.536622,,,block_start,0
2026-08-26 17:49:11.066312,,,start,0
2026-08-26 17:49:49.896905,,,eat,0
2026-08-26 17:50:13.955296,,,start,0
2026-08-26 17:50:25.103334,,,drink,0
2026-08-26 17:50:38.395553,,,start,0
2026-08-26 17:50:43.865873,,,eat,0
2026-08-26 17:51:13.666890,,,start,0
2026-08-26 17:51:34.950457,,,eat,0
2026-08-26 17:51:51.783221,,,start,0
2026-08-26 17:51:53.899116,,,exit beam,0
2026-08-26 17:51:55.988382,,,exit,0
2026-08-26 17:51:58.988619,,,block_end,0
2026-08-26 17:51:59.019215,,,imaging_stop,0
2026-08-26 17:52:20.654336,,,block_start,0
2026-08-26 17:52:24.573953,,,start,0
2026-08-26 17:52:24.575575,,,start,0
2026-08-26 17:52:31.112214,,,eat,0
2026-08-26 17:53:08.536145,,,start,0
2026-08-26 17:53:13.524649,,,exit beam,0
2026-08-26 17:53:15.612882,,,exit,0
2026-08-26 17:53:17.621236,,,block_end,0
2026-08-26 17:53:17.652822,,,imaging_stop,0
2026-08-26 18:00:43.644527,,,block_start,0
2026-08-26 18:00:46.185604,,,start,0
2026-08-26 18:00:46.189172,,,start,0
2026-08-26 18:00:53.894381,,,eat,0
2026-08-26 18:01:14.324677,,,start,0
2026-08-26 18:01:39.740178,,,eat,0
2026-08-26 18:02:14.261868,,,start,0
2026-08-26 18:02:30.256222,,,eat,0
2026-08-26 18:03:14.788623,,,start,0
2026-08-26 18:03:37.612266,,,eat,0
2026-08-26 18:04:08.414851,,,start,0
2026-08-26 18:05:08.549840,,,eat,0
2026-08-26 18:05:41.540715,,,start,0
2026-08-26 18:06:00.190354,,,drink,0
2026-08-26 18:06:03.466289,,,start,0
2026-08-26 18:06:28.618388,,,drink,0
2026-08-26 18:06:36.852584,,,start,0
2026-08-26 18:06:42.356210,,,eat,0
2026-08-26 18:07:11.880046,,,start,0
2026-08-26 18:07:27.852912,,,eat,0
2026-08-26 18:07:47.746583,,,start,0
2026-08-26 18:08:10.619837,,,exit beam,0
2026-08-26 18:08:12.703427,,,exit,0
2026-08-26 18:08:14.711826,,,block_end,0
2026-08-26 18:08:14.743781,,,imaging_stop,0
2026-08-26 18:08:28.869805,,,block_start,0
2026-08-26 18:08:32.521284,,,start,0
2026-08-26 18:08:59.832643,,,eat,0
2026-08-26 18:09:29.343786,,,start,0
2026-08-26 18:09:47.206726,,,eat,0
2026-08-26 18:10:18.092470,,,start,0
2026-08-26 18:11:08.181687,,,exit beam,0
2026-08-26 18:11:10.265431,,,exit,0
2026-08-26 18:11:11.771367,,,block_end,0
2026-08-26 18:11:11.801585,,,imaging_stop,0
2026-08-26 18:12:09.012917,,,block_start,0
2026-08-26 18:12:11.370735,,,start,0
2026-08-26 18:12:40.725569,,,eat,0
2026-08-26 18:13:11.656961,,,start,0
2026-08-26 18:13:12.445286,,,eat,0
2026-08-26 18:13:17.738823,,,start,0
2026-08-26 18:13:34.093930,,,eat,0
2026-08-26 18:14:03.188424,,,start,0
2026-08-26 18:14:06.065877,,,drink,0
2026-08-26 18:14:15.710826,,,start,0
2026-08-26 18:15:04.785310,,,exit beam,0
2026-08-26 18:15:06.866501,,,exit,0
2026-08-26 18:15:08.372393,,,block_end,0
2026-08-26 18:15:08.402539,,,imaging_stop,0
2026-08-26 18:18:24.890618,,,block_start,0
2026-08-26 18:18:29.925496,,,start,0
2026-08-26 18:18:32.821344,,,eat,0
2026-08-26 18:19:08.067174,,,start,0
2026-08-26 18:19:20.789208,,,exit beam,0
2026-08-26 18:19:22.872011,,,exit,0
2026-08-26 18:19:26.386255,,,block_end,0
2026-08-26 18:19:26.416554,,,imaging_stop,0
2026-08-26 18:20:17.118561,,,block_start,0
2026-08-26 18:20:23.603818,,,start,0
2026-08-26 18:20:26.284684,,,eat,0
2026-08-26 18:21:26.235983,,,start,0
2026-08-26 18:21:37.349142,,,eat,0
2026-08-26 18:22:06.487849,,,start,0
2026-08-26 18:23:13.737915,,,eat,0
2026-08-26 18:23:49.427301,,,start,0
2026-08-26 18:23:51.551418,,,exit beam,0
2026-08-26 18:23:53.642835,,,exit,0
2026-08-26 18:23:56.642887,,,block_end,0
2026-08-26 18:23:56.673225,,,imaging_stop,0
2026-08-26 18:25:28.957309,,,block_start,0
2026-08-26 18:25:42.578298,,,start,0
2026-08-26 18:27:17.995264,,,exit beam,1
2026-08-26 18:27:20.080965,,,exit,1
2026-08-26 18:27:22.089271,,,block_end,1
2026-08-26 18:27:22.119788,,,imaging_stop,1
2026-08-26 18:28:01.296237,,,block_start,0
2026-08-26 18:28:16.044408,,,start,0
2026-08-26 18:28:16.046438,,,start,0
2026-08-26 18:29:03.100923,,,exit beam,333
2026-08-26 18:29:05.192053,,,exit,354
2026-08-26 18:29:07.186871,,,block_end,374
2026-08-26 18:29:46.398048,,,block_start,0
2026-08-26 18:29:54.363162,,,start,79
2026-08-26 18:31:08.631541,,,exit beam,817
2026-08-26 18:31:10.718407,,,exit,832
2026-08-26 18:31:11.102514,,,imaging_stop,832
2026-08-26 18:31:13.229220,,,block_end,0
2026-08-26 18:31:13.259859,,,imaging_stop,0
2026-08-26 18:32:01.956445,,,block_start,0
2026-08-26 18:32:08.716751,,,start,0
2026-08-26 18:35:30.166534,,,exit beam,0
2026-08-26 18:35:32.257868,,,exit,0
2026-08-26 18:35:38.271108,,,block_end,0
2026-08-26 18:35:38.301696,,,imaging_stop,0
2026-08-26 18:36:14.470522,,,block_start,0
2026-08-26 18:36:17.651304,,,start,0
2026-08-26 18:37:49.848013,,,exit beam,0
2026-08-26 18:37:51.928489,,,exit,0
2026-08-26 18:37:54.940335,,,block_end,0
2026-08-26 18:37:54.970635,,,imaging_stop,0
2026-08-26 18:39:14.225366,,,block_start,0
2026-08-26 18:39:24.164288,,,start,0
2026-08-26 18:39:59.277856,,,exit beam,0
2026-08-26 18:40:01.365885,,,exit,0
2026-08-26 18:40:04.866949,,,block_end,0
2026-08-26 18:40:04.898004,,,imaging_stop,0
2026-08-26 18:40:23.030098,,,block_start,0
2026-08-26 18:40:27.067454,,,start,0
2026-08-26 18:40:27.068990,,,start,0
2026-08-26 18:44:28.854373,,,exit beam,332
2026-08-26 18:44:30.941414,,,exit,332
2026-08-26 18:44:36.952080,,,block_end,332
2026-08-26 18:44:36.982656,,,imaging_stop,332
2026-08-27 12:50:04.918759,,,initialize,5173
2026-08-27 12:52:31.318879,,,block_start,0
2026-08-27 12:53:43.109772,,,start,712
2026-08-27 12:55:12.375965,,,eat,1599
2026-08-27 12:59:51.676313,,,start,4372
2026-08-27 13:00:14.340612,,,eat,4597
2026-08-27 13:03:24.299359,,,start,6483
2026-08-27 13:03:25.548110,,,exit beam,6496
2026-08-27 13:03:27.633941,,,exit,6517
2026-08-27 13:03:29.642298,,,block_end,6537
2026-08-27 13:03:45.547512,,,imaging_stop,6686
2026-08-27 13:06:40.653458,,,block_start,0
2026-08-27 13:06:53.514788,,,start,106
2026-08-27 13:08:05.469805,,,eat,820
2026-08-27 13:09:23.969426,,,start,1600
2026-08-27 13:09:25.400628,,,exit beam,1614
2026-08-27 13:09:27.485971,,,exit,1635
2026-08-27 13:09:40.516295,,,block_end,1764
2026-08-27 13:11:39.976512,,,imaging_stop,2941
2026-08-27 13:15:48.974885,,,block_start,0
2026-08-27 13:15:53.234036,,,start,37
2026-08-27 13:15:53.236211,,,start,37
2026-08-27 13:15:58.031772,,,eat,85
2026-08-27 13:18:20.108699,,,start,1496
2026-08-27 13:18:37.669349,,,eat,1670
2026-08-27 13:20:48.911445,,,start,2973
2026-08-27 13:20:57.559081,,,exit beam,3059
2026-08-27 13:20:59.650847,,,exit,3080
2026-08-27 13:21:21.192280,,,block_end,3294
2026-08-27 13:22:03.450512,,,imaging_stop,3704
2026-08-27 13:22:45.985570,,,block_start,0
2026-08-27 13:22:49.142239,,,start,25
2026-08-27 13:22:49.144417,,,start,25
2026-08-27 13:22:51.627630,,,eat,50
2026-08-27 13:25:12.593309,,,start,1450
2026-08-27 13:25:22.063430,,,eat,1544
2026-08-27 13:27:54.256294,,,start,3055
2026-08-27 13:28:07.726882,,,eat,3189
2026-08-27 13:30:30.954655,,,start,4611
2026-08-27 13:31:57.316037,,,eat,5468
2026-08-27 13:35:16.376681,,,start,7445
2026-08-27 13:35:17.290776,,,eat,7454
2026-08-27 13:36:07.069429,,,exit beam,7948
2026-08-27 13:36:09.152906,,,exit,7969
2026-08-27 13:36:13.169490,,,block_end,8009
2026-08-27 13:37:33.788512,,,imaging_stop,8800
2026-08-27 14:00:39.305135,,,initialize,0
2026-08-27 14:57:50.062509,,,initialize,0
2026-08-27 15:18:06.611804,,,block_start,0
2026-08-27 15:18:08.963518,,,start,0
2026-08-27 15:18:12.000808,,,eat,0
2026-08-27 15:24:12.226016,,,start,1
2026-08-27 15:24:20.353052,,,drink,1
2026-08-27 15:24:33.353762,,,start,1
2026-08-27 15:24:37.138255,,,eat,1
2026-08-27 15:27:21.001818,,,start,1
2026-08-27 15:27:37.464850,,,eat,1
2026-08-27 15:28:44.415462,,,start,1
2026-08-27 15:28:52.392777,,,eat,1
2026-08-27 15:31:32.446737,,,start,1
2026-08-27 15:31:42.357880,,,eat,1
2026-08-27 15:33:45.331292,,,start,1
2026-08-27 15:33:49.018609,,,eat,1
2026-08-27 15:35:46.937276,,,start,1
2026-08-27 15:35:50.732358,,,eat,1
2026-08-27 15:37:10.914575,,,start,1
2026-08-27 15:37:20.583506,,,eat,1
2026-08-27 15:39:51.528716,,,start,1
2026-08-27 15:40:03.036309,,,eat,1
2026-08-27 15:41:49.092153,,,start,1
2026-08-27 15:42:18.555838,,,eat,1
2026-08-27 15:44:38.134344,,,start,1
2026-08-27 15:44:42.385177,,,eat,1
2026-08-27 15:46:51.474913,,,start,1
2026-08-27 15:46:57.510611,,,eat,1
2026-08-27 15:50:27.450730,,,start,1
2026-08-27 15:50:36.818432,,,eat,1
2026-08-27 15:54:06.885832,,,start,1
2026-08-27 15:54:19.695345,,,eat,1
2026-08-27 15:56:28.383193,,,start,1
2026-08-27 15:56:43.576354,,,eat,1
2026-08-27 16:00:11.074015,,,start,1
2026-08-27 16:00:18.496515,,,eat,1
2026-08-27 16:02:34.581155,,,start,1
2026-08-27 16:02:48.455643,,,eat,1
2026-08-27 16:07:05.314928,,,start,1
2026-08-27 16:07:27.247126,,,eat,1
2026-08-27 16:10:09.237739,,,start,1
2026-08-27 16:10:24.880755,,,eat,1
2026-08-27 16:13:05.235631,,,start,1
2026-08-27 16:13:14.901065,,,drink,1
2026-08-27 16:13:19.888573,,,start,1
2026-08-27 16:13:24.284903,,,eat,1
2026-08-27 16:16:04.279859,,,start,1
2026-08-27 16:16:08.543497,,,eat,1
2026-08-27 16:17:37.684622,,,start,1
2026-08-27 16:20:04.721847,,,eat,1
2026-08-27 16:23:00.084817,,,start,1
2026-08-27 16:23:06.359776,,,eat,1
2026-08-27 16:25:34.393939,,,start,1
2026-08-27 16:26:52.965420,,,eat,1
2026-08-27 16:28:35.348417,,,start,1
2026-08-27 16:29:17.362831,,,eat,1
2026-08-27 16:30:55.945073,,,start,1
2026-08-27 16:32:10.339278,,,eat,1
2026-08-27 16:34:16.154186,,,start,1
2026-08-27 16:35:41.673454,,,eat,1
2026-08-27 16:36:29.901982,,,start,1
2026-08-27 16:37:37.219255,,,eat,1
2026-08-27 16:38:19.855461,,,start,1
2026-08-27 16:38:26.023792,,,eat,1
2026-08-27 16:38:50.500829,,,start,1
2026-08-27 16:38:55.961851,,,eat,1
2026-08-27 16:39:21.656248,,,start,1
2026-08-27 16:39:25.166782,,,drink,1
2026-08-27 16:40:01.554881,,,start,1
2026-08-27 16:40:05.737529,,,eat,1
2026-08-27 16:40:41.182565,,,start,1
2026-08-27 16:40:47.479139,,,drink,1
2026-08-27 16:41:27.678098,,,start,1
2026-08-27 16:41:31.757859,,,eat,1
2026-08-27 16:41:42.127266,,,start,1
2026-08-27 16:41:50.450948,,,drink,1
2026-08-27 16:41:56.438354,,,start,1
2026-08-27 16:41:59.704236,,,eat,1
2026-08-27 16:42:33.421209,,,start,1
2026-08-27 16:42:39.870046,,,exit beam,1
2026-08-27 16:42:41.963428,,,exit,1
2026-08-27 16:42:44.460862,,,block_end,1
2026-08-27 16:42:44.491287,,,imaging_stop,1
2026-08-27 16:44:20.778286,,,block_start,0
2026-08-27 16:44:31.721084,,,start,0
2026-08-27 16:45:44.022667,,,drink,0
2026-08-27 16:46:00.635603,,,start,0
2026-08-27 16:46:29.382703,,,exit beam,0
2026-08-27 16:46:31.469586,,,exit,0
2026-08-27 16:46:33.477809,,,block_end,0
2026-08-27 16:46:33.508937,,,imaging_stop,0
2026-08-27 17:03:14.598579,,,block_start,0
2026-08-27 17:03:24.906638,,,start,0
2026-08-27 17:03:24.908738,,,start,0
2026-08-27 17:04:06.117974,,,drink,0
2026-08-27 17:04:13.328997,,,start,0
2026-08-27 17:04:21.976631,,,eat,0
2026-08-27 17:05:08.816687,,,start,0
2026-08-27 17:05:12.076133,,,exit beam,0
2026-08-27 17:05:14.161947,,,exit,0
2026-08-27 17:05:23.185811,,,block_end,0
2026-08-27 17:05:23.216233,,,imaging_stop,0
2026-08-27 17:13:35.213033,,,initialize,0
2026-08-27 17:22:15.090269,,,initialize,0
2026-09-07 16:40:23.773262,,,initialize,0
2026-09-07 16:49:21.437469,,,block_start,0
2026-09-07 16:49:28.072601,,,start,0
2026-09-07 16:49:28.074717,,,start,0
2026-09-07 16:49:45.786931,,,drink,0
2026-09-07 16:49:51.621523,,,start,0
2026-09-07 16:54:12.534860,,,drink,0
2026-09-07 16:54:24.789213,,,start,0
2026-09-07 17:10:57.708920,,,exit beam,7032
2026-09-07 17:10:59.794019,,,exit,7032
2026-09-07 17:11:07.815774,,,block_end,7032
2026-09-07 17:11:07.845980,,,imaging_stop,7032
2026-09-07 17:12:06.061944,,,block_start,0
2026-09-07 17:12:14.833722,,,start,0
2026-09-07 17:12:14.835309,,,start,0
2026-09-07 17:12:29.047853,,,exit beam,0
2026-09-07 17:12:31.140326,,,exit,0
2026-09-07 17:12:36.147274,,,block_end,0
2026-09-07 17:12:36.179509,,,imaging_stop,0
2026-09-07 17:15:50.167138,,,block_start,0
2026-09-07 17:15:53.433040,,,start,0
2026-09-07 17:15:53.435131,,,start,0
2026-09-07 17:21:07.804846,,,exit beam,0
2026-09-07 17:21:09.888424,,,exit,0
2026-09-07 17:21:13.905229,,,block_end,0
2026-09-07 17:21:13.935512,,,imaging_stop,0
2026-09-07 17:26:18.902533,,,block_start,0
2026-09-07 17:26:25.984563,,,start,0
2026-09-07 17:26:25.986426,,,start,0
2026-09-07 17:27:23.399208,,,exit beam,0
2026-09-07 17:27:25.492332,,,exit,0
2026-09-07 17:27:31.001746,,,block_end,0
2026-09-07 17:27:31.031994,,,imaging_stop,0
2026-09-07 17:27:56.685271,,,block_start,0
2026-09-07 17:29:55.572733,,,start,2
2026-09-07 17:29:55.574789,,,start,2
2026-09-07 17:30:35.746064,,,exit beam,191
2026-09-07 17:30:37.829030,,,exit,212
2026-09-07 17:30:40.842272,,,block_end,241
2026-09-07 17:31:20.547365,,,block_start,0
2026-09-07 17:31:49.413902,,,start,286
2026-09-07 17:31:55.574509,,,drink,348
2026-09-07 17:32:00.881230,,,start,400
2026-09-07 17:32:19.775489,,,exit beam,588
2026-09-07 17:32:21.863887,,,exit,609
2026-09-07 17:32:30.374862,,,block_end,693
2026-09-07 17:32:57.703511,,,imaging_stop,956
2026-09-07 17:48:28.816445,,,block_start,0
2026-09-07 17:48:31.545925,,,start,0
2026-09-07 17:51:53.251221,,,eat,0
2026-09-07 17:53:14.971821,,,start,0
2026-09-07 17:53:51.283456,,,eat,0
2026-09-07 17:56:23.702877,,,start,515
2026-09-07 17:56:44.924705,,,eat,725
2026-09-07 17:59:01.122954,,,start,1917
2026-09-07 17:59:24.859866,,,eat,2152
2026-09-07 18:01:47.863705,,,start,3572
2026-09-07 18:02:41.614395,,,exit beam,4106
2026-09-07 18:02:43.696949,,,exit,4127
2026-09-07 18:02:46.710262,,,block_end,4157
2026-09-07 18:12:12.769342,,,block_start,0
2026-09-07 18:12:15.461871,,,start,0
2026-09-07 18:12:15.463436,,,start,0
2026-09-07 18:12:29.207896,,,eat,0
2026-09-07 18:13:55.499772,,,start,0
2026-09-07 18:14:04.208127,,,eat,0
2026-09-07 18:15:32.984827,,,start,0
2026-09-07 18:16:32.868336,,,eat,0
2026-09-07 18:18:58.307572,,,start,0
2026-09-07 18:18:59.322612,,,eat,0
2026-09-07 18:18:59.323938,,,start,0
2026-09-07 18:18:59.325072,,,eat,0
2026-09-07 18:18:59.326057,,,start,0
2026-09-07 18:18:59.327054,,,eat,0
2026-09-07 18:18:59.327843,,,start,0
2026-09-07 18:18:59.329081,,,eat,0
2026-09-07 18:18:59.329877,,,start,0
2026-09-07 18:18:59.331081,,,eat,0
2026-09-07 18:18:59.331833,,,start,0
2026-09-07 18:18:59.333080,,,eat,0
2026-09-07 18:18:59.333850,,,start,0
2026-09-07 18:18:59.335080,,,eat,0
2026-09-07 18:18:59.335825,,,start,0
2026-09-07 18:18:59.337080,,,eat,0
2026-09-07 18:18:59.337843,,,start,0
2026-09-07 18:18:59.339081,,,eat,0
2026-09-07 18:18:59.339821,,,start,0
2026-09-07 18:18:59.341080,,,eat,0
2026-09-07 18:18:59.341852,,,start,0
2026-09-07 18:18:59.343050,,,eat,0
2026-09-07 18:18:59.343787,,,start,0
2026-09-07 18:18:59.345048,,,eat,0
2026-09-07 18:18:59.345809,,,start,0
2026-09-07 18:18:59.347052,,,eat,0
2026-09-07 18:18:59.347781,,,start,0
2026-09-07 18:18:59.349080,,,eat,0
2026-09-07 18:18:59.349865,,,start,0
2026-09-07 18:18:59.351082,,,eat,0
2026-09-07 18:18:59.351822,,,start,0
2026-09-07 18:18:59.353079,,,eat,0
2026-09-07 18:18:59.353839,,,start,0
2026-09-07 18:18:59.355081,,,eat,0
2026-09-07 18:18:59.355816,,,start,0
2026-09-07 18:18:59.357082,,,eat,0
2026-09-07 18:18:59.357842,,,start,0
2026-09-07 18:18:59.359082,,,eat,0
2026-09-07 18:18:59.359821,,,start,0
2026-09-07 18:18:59.361082,,,eat,0
2026-09-07 18:18:59.361847,,,start,0
2026-09-07 18:18:59.363086,,,eat,0
2026-09-07 18:18:59.363826,,,start,0
2026-09-07 18:18:59.365081,,,eat,0
2026-09-07 18:18:59.365836,,,start,0
2026-09-07 18:18:59.367081,,,eat,0
2026-09-07 18:18:59.367811,,,start,0
2026-09-07 18:18:59.369049,,,eat,0
2026-09-07 18:18:59.369810,,,start,0
2026-09-07 18:18:59.371049,,,eat,0
2026-09-07 18:18:59.371776,,,start,0
2026-09-07 18:18:59.373049,,,eat,0
2026-09-07 18:18:59.373790,,,start,0
2026-09-07 18:18:59.375082,,,eat,0
2026-09-07 18:18:59.375818,,,start,0
2026-09-07 18:18:59.377081,,,eat,0
2026-09-07 18:18:59.377834,,,start,0
2026-09-07 18:18:59.379082,,,eat,0
2026-09-07 18:18:59.379819,,,start,0
2026-09-07 18:18:59.381082,,,eat,0
2026-09-07 18:18:59.381835,,,start,0
2026-09-07 18:18:59.383083,,,eat,0
2026-09-07 18:18:59.383812,,,start,0
2026-09-07 18:18:59.385082,,,eat,0
2026-09-07 18:18:59.385835,,,start,0
2026-09-07 18:18:59.387082,,,eat,0
2026-09-07 18:18:59.387810,,,start,0
2026-09-07 18:18:59.389082,,,eat,0
2026-09-07 18:18:59.389828,,,start,0
2026-09-07 18:18:59.391082,,,eat,0
2026-09-07 18:18:59.391815,,,start,0
2026-09-07 18:18:59.393081,,,eat,0
2026-09-07 18:18:59.393842,,,start,0
2026-09-07 18:18:59.395052,,,eat,0
2026-09-07 18:18:59.395783,,,start,0
2026-09-07 18:18:59.397054,,,eat,0
2026-09-07 18:18:59.397809,,,start,0
2026-09-07 18:18:59.399051,,,eat,0
2026-09-07 18:18:59.399780,,,start,0
2026-09-07 18:18:59.401080,,,eat,0
2026-09-07 18:18:59.401860,,,start,0
2026-09-07 18:18:59.403083,,,eat,0
2026-09-07 18:18:59.403821,,,start,0
2026-09-07 18:18:59.405085,,,eat,0
2026-09-07 18:18:59.405850,,,start,0
2026-09-07 18:18:59.407084,,,eat,0
2026-09-07 18:18:59.407813,,,start,0
2026-09-07 18:18:59.409083,,,eat,0
2026-09-07 18:18:59.409838,,,start,0
2026-09-07 18:18:59.411084,,,eat,0
2026-09-07 18:18:59.411818,,,start,0
2026-09-07 18:18:59.413088,,,eat,0
2026-09-07 18:18:59.413836,,,start,0
2026-09-07 18:18:59.415083,,,eat,0
2026-09-07 18:18:59.415810,,,start,0
2026-09-07 18:18:59.417083,,,eat,0
2026-09-07 18:18:59.417840,,,start,0
2026-09-07 18:18:59.419084,,,eat,0
2026-09-07 18:18:59.419872,,,start,0
2026-09-07 18:18:59.421058,,,eat,0
2026-09-07 18:18:59.421837,,,start,0
2026-09-07 18:18:59.423054,,,eat,0
2026-09-07 18:18:59.423793,,,start,0
2026-09-07 18:18:59.425053,,,eat,0
2026-09-07 18:18:59.425815,,,start,0
2026-09-07 18:18:59.427086,,,eat,0
2026-09-07 18:18:59.427826,,,start,0
2026-09-07 18:18:59.429083,,,eat,0
2026-09-07 18:18:59.429847,,,start,0
2026-09-07 18:18:59.431085,,,eat,0
2026-09-07 18:18:59.431812,,,start,0
2026-09-07 18:18:59.433086,,,eat,0
2026-09-07 18:18:59.433862,,,start,0
2026-09-07 18:18:59.435086,,,eat,0
2026-09-07 18:18:59.435815,,,start,0
2026-09-07 18:18:59.437085,,,eat,0
2026-09-07 18:18:59.437833,,,start,0
2026-09-07 18:18:59.439086,,,eat,0
2026-09-07 18:18:59.439814,,,start,0
2026-09-07 18:18:59.441085,,,eat,0
2026-09-07 18:18:59.441831,,,start,0
2026-09-07 18:18:59.443088,,,eat,0
2026-09-07 18:18:59.443831,,,start,0
2026-09-07 18:18:59.445086,,,eat,0
2026-09-07 18:18:59.445841,,,start,0
2026-09-07 18:18:59.447055,,,eat,0
2026-09-07 18:18:59.447779,,,start,0
2026-09-07 18:18:59.449054,,,eat,0
2026-09-07 18:18:59.449833,,,start,0
2026-09-07 18:18:59.451055,,,eat,0
2026-09-07 18:18:59.451794,,,start,0
2026-09-07 18:18:59.453086,,,eat,0
2026-09-07 18:18:59.453843,,,start,0
2026-09-07 18:18:59.455086,,,eat,0
2026-09-07 18:18:59.455822,,,start,0
2026-09-07 18:18:59.457087,,,eat,0
2026-09-07 18:18:59.457836,,,start,0
2026-09-07 18:18:59.459087,,,eat,0
2026-09-07 18:18:59.459812,,,start,0
2026-09-07 18:18:59.461087,,,eat,0
2026-09-07 18:18:59.461843,,,start,0
2026-09-07 18:18:59.463091,,,eat,0
2026-09-07 18:18:59.463822,,,start,0
2026-09-07 18:18:59.465086,,,eat,0
2026-09-07 18:18:59.465843,,,start,0
2026-09-07 18:18:59.467087,,,eat,0
2026-09-07 18:18:59.467812,,,start,0
2026-09-07 18:18:59.469087,,,eat,0
2026-09-07 18:18:59.469836,,,start,0
2026-09-07 18:18:59.471086,,,eat,0
2026-09-07 18:18:59.471804,,,start,0
2026-09-07 18:18:59.473054,,,eat,0
2026-09-07 18:18:59.473797,,,start,0
2026-09-07 18:18:59.475056,,,eat,0
2026-09-07 18:18:59.475781,,,start,0
2026-09-07 18:18:59.477056,,,eat,0
2026-09-07 18:18:59.477798,,,start,0
2026-09-07 18:18:59.479088,,,eat,0
2026-09-07 18:18:59.479817,,,start,0
2026-09-07 18:18:59.481087,,,eat,0
2026-09-07 18:18:59.481843,,,start,0
2026-09-07 18:18:59.483087,,,eat,0
2026-09-07 18:18:59.483812,,,start,0
2026-09-07 18:18:59.485087,,,eat,0
2026-09-07 18:18:59.485841,,,start,0
2026-09-07 18:18:59.487088,,,eat,0
2026-09-07 18:18:59.487814,,,start,0
2026-09-07 18:18:59.489088,,,eat,0
2026-09-07 18:18:59.489833,,,start,0
2026-09-07 18:18:59.491088,,,eat,0
2026-09-07 18:18:59.491821,,,start,0
2026-09-07 18:18:59.493088,,,eat,0
2026-09-07 18:18:59.493840,,,start,0
2026-09-07 18:18:59.495087,,,eat,0
2026-09-07 18:18:59.495814,,,start,0
2026-09-07 18:18:59.497088,,,eat,0
2026-09-07 18:18:59.497833,,,start,0
2026-09-07 18:18:59.499056,,,eat,0
2026-09-07 18:18:59.499771,,,start,0
2026-09-07 18:18:59.501055,,,eat,0
2026-09-07 18:18:59.501834,,,start,0
2026-09-07 18:18:59.503058,,,eat,0
2026-09-07 18:18:59.503794,,,start,0
2026-09-07 18:18:59.505088,,,eat,0
2026-09-07 18:18:59.505836,,,start,0
2026-09-07 18:18:59.507089,,,eat,0
2026-09-07 18:18:59.507811,,,start,0
2026-09-07 18:18:59.509089,,,eat,0
2026-09-07 18:18:59.509834,,,start,0
2026-09-07 18:18:59.511090,,,eat,0
2026-09-07 18:18:59.511814,,,start,0
2026-09-07 18:18:59.513093,,,eat,0
2026-09-07 18:18:59.513842,,,start,0
2026-09-07 18:18:59.515089,,,eat,0
2026-09-07 18:18:59.515811,,,start,0
2026-09-07 18:18:59.517089,,,eat,0
2026-09-07 18:18:59.517834,,,start,0
2026-09-07 18:18:59.519090,,,eat,0
2026-09-07 18:18:59.519857,,,start,0
2026-09-07 18:18:59.521094,,,eat,0
2026-09-07 18:18:59.521860,,,start,0
2026-09-07 18:18:59.523091,,,eat,0
2026-09-07 18:18:59.523816,,,start,0
2026-09-07 18:18:59.525059,,,eat,0
2026-09-07 18:18:59.525808,,,start,0
2026-09-07 18:18:59.527060,,,eat,0
2026-09-07 18:18:59.527792,,,start,0
2026-09-07 18:18:59.529059,,,eat,0
2026-09-07 18:18:59.529816,,,start,0
2026-09-07 18:18:59.531090,,,eat,0
2026-09-07 18:18:59.531818,,,start,0
2026-09-07 18:18:59.533089,,,eat,0
2026-09-07 18:18:59.533838,,,start,0
2026-09-07 18:18:59.535091,,,eat,0
2026-09-07 18:18:59.535822,,,start,0
2026-09-07 18:18:59.537090,,,eat,0
2026-09-07 18:18:59.537842,,,start,0
2026-09-07 18:18:59.539091,,,eat,0
2026-09-07 18:18:59.539817,,,start,0
2026-09-07 18:18:59.541090,,,eat,0
2026-09-07 18:18:59.541843,,,start,0
2026-09-07 18:18:59.543091,,,eat,0
2026-09-07 18:18:59.543824,,,start,0
2026-09-07 18:18:59.545091,,,eat,0
2026-09-07 18:18:59.545844,,,start,0
2026-09-07 18:18:59.547091,,,eat,0
2026-09-07 18:18:59.547816,,,start,0
2026-09-07 18:18:59.549090,,,eat,0
2026-09-07 18:18:59.549875,,,start,0
2026-09-07 18:18:59.551062,,,eat,0
2026-09-07 18:18:59.551800,,,start,0
2026-09-07 18:18:59.553061,,,eat,0
2026-09-07 18:18:59.553807,,,start,0
2026-09-07 18:18:59.555061,,,eat,0
2026-09-07 18:18:59.555784,,,start,0
2026-09-07 18:18:59.557092,,,eat,0
2026-09-07 18:18:59.557844,,,start,0
2026-09-07 18:18:59.559093,,,eat,0
2026-09-07 18:18:59.559818,,,start,0
2026-09-07 18:18:59.561091,,,eat,0
2026-09-07 18:18:59.561844,,,start,0
2026-09-07 18:18:59.563098,,,eat,0
2026-09-07 18:18:59.563823,,,start,0
2026-09-07 18:18:59.565092,,,eat,0
2026-09-07 18:18:59.565837,,,start,0
2026-09-07 18:19:07.642094,,,exit beam,0
2026-09-07 18:19:09.729875,,,exit,0
2026-09-07 18:19:12.729860,,,block_end,0
2026-09-07 18:19:12.760049,,,imaging_stop,0
2026-09-07 18:33:24.918071,,,block_start,0
2026-09-07 18:33:27.384131,,,start,0
2026-09-07 18:33:27.385934,,,start,0
2026-09-07 18:38:23.986653,,,eat,0
2026-09-07 18:39:09.301353,,,start,0
2026-09-07 18:39:45.375117,,,exit beam,0
2026-09-07 18:39:47.463890,,,exit,0
2026-09-07 18:39:52.974769,,,block_end,0
2026-09-07 18:39:53.004974,,,imaging_stop,0
2026-09-07 18:40:55.721677,,,block_start,0
2026-09-07 18:41:05.404242,,,start,0
2026-09-07 18:41:13.689153,,,drink,0
2026-09-07 18:41:20.070362,,,start,0
2026-09-07 18:46:32.371175,,,exit beam,0
2026-09-07 18:46:34.462819,,,exit,0
2026-09-07 18:46:40.476224,,,block_end,0
2026-09-07 18:46:40.506520,,,imaging_stop,0
2026-09-07 19:04:23.934175,,,block_start,0
2026-09-07 19:04:26.551636,,,start,0
2026-09-07 19:04:26.553659,,,start,0
2026-09-07 19:06:35.397989,,,eat,0
2026-09-07 19:06:44.176883,,,start,0
2026-09-07 19:08:30.366198,,,exit beam,0
2026-09-07 19:08:32.453390,,,exit,0
2026-09-07 19:08:41.477235,,,block_end,0
2026-09-07 19:08:41.507456,,,imaging_stop,0
2026-09-07 19:14:31.797705,,,block_start,0
2026-09-07 19:14:36.715729,,,start,0
2026-09-07 19:15:24.787526,,,eat,0
2026-09-07 19:20:07.749793,,,start,530
2026-09-07 19:24:31.043467,,,exit beam,530
2026-09-07 19:24:33.130407,,,exit,530
2026-09-07 19:27:44.506374,,,block_end,530
2026-09-07 19:27:44.536949,,,imaging_stop,530
2026-09-11 14:10:14.114058,,,initialize,2585
2026-09-14 12:23:30.504700,,,initialize,0
